study_id,site_id,latitude,longitude,crop,country,yield,yield_t,yield2,yield2_t,Built_up,Shrubland,Grassland,Bare,Trees,Water,Ice,Mangroves,Herbaceous,Cropland,Total,Climate,study_climate
Agustin_Saez_Rubus_idaeus_Argentina_2014,Arroyo Claro,-41.945183,-71.520683,Rubus idaeus,Argentina,7098.032432,NA,3.53,3.21,112498.4062,59450.03715,1194043.82,5090.169003,1362698.382,0,0,0,0,408730.8735,3142511.688,C,Agustin_Saez_Rubus_idaeus_Argentina_2014C
Agustin_Saez_Rubus_idaeus_Argentina_2014,Miguel,-42.01035,-71.52805,Rubus idaeus,Argentina,8690.22,NA,3.39,3.25,69347.91435,1896.891754,1200614.481,668.1958084,1825706.384,0,0,0,0,44335.09136,3142568.959,C,Agustin_Saez_Rubus_idaeus_Argentina_2014C
Agustin_Saez_Rubus_idaeus_Argentina_2014,Marcelino,-42.115781,-71.43862,Rubus idaeus,Argentina,5091.727143,NA,2.07,2.27,39503.00974,55478.23621,1347772.633,3406.797256,1623115.853,0,0,0,0,73374.78598,3142651.316,C,Agustin_Saez_Rubus_idaeus_Argentina_2014C
Agustin_Saez_Rubus_idaeus_Argentina_2014,Valle del Medio,-41.99975,-71.552483,Rubus idaeus,Argentina,6681.742737,NA,3.01,3.43,42041.97674,20187.45751,1171563.668,2450.567268,1800081.235,222.7918472,0,0,0,105875.7171,3142423.414,C,Agustin_Saez_Rubus_idaeus_Argentina_2014C
Agustin_Saez_Rubus_idaeus_Argentina_2014,Omar,-42.125874,-71.42318,Rubus idaeus,Argentina,3132.088,NA,2.73,2.36,54427.00149,92186.20037,1217378.186,4594.847511,1711885.345,222.3319626,0,0,0,61964.28581,3142658.199,C,Agustin_Saez_Rubus_idaeus_Argentina_2014C
Agustin_Saez_Rubus_idaeus_Argentina_2014,El Inca,-41.895272,-71.549982,Rubus idaeus,Argentina,4795.581,NA,3.12,2.03,0,0,389627.691,7193.83188,2743476.762,1933.978241,0,0,0,0,3142232.263,C,Agustin_Saez_Rubus_idaeus_Argentina_2014C
Agustin_Saez_Rubus_idaeus_Argentina_2014,Nelson,-41.924705,-71.514139,Rubus idaeus,Argentina,4770.696,NA,2.89,2.41,97705.78747,59813.54441,1083564.184,3420.336327,1413830.338,148.697319,0,0,0,484011.9479,3142494.835,C,Agustin_Saez_Rubus_idaeus_Argentina_2014C
Agustin_Saez_Rubus_idaeus_Argentina_2014,CEPA,-42.114368,-71.560604,Rubus idaeus,Argentina,2757.71875,NA,1.99,2.2,2965.08828,175220.3941,1356402.395,2668.429649,1603766.19,0,0,0,0,1630.723389,3142653.22,C,Agustin_Saez_Rubus_idaeus_Argentina_2014C
Agustin_Saez_Rubus_idaeus_Argentina_2014,Silva,-42.046983,-71.510317,Rubus idaeus,Argentina,3851.267933,NA,2.29,2.66,27707.37967,7716.052349,1356221.61,593.6709747,1272826.842,0,0,0,0,477536.34,3142601.895,C,Agustin_Saez_Rubus_idaeus_Argentina_2014C
Agustin_Saez_Rubus_idaeus_Argentina_2014,Andrea,-42.127667,-71.581217,Rubus idaeus,Argentina,2634.057692,NA,2.17,1.79,4817.604408,356694.5242,1508939.132,2371.65509,1174602.112,0,0,0,0,94776.44163,3142201.469,C,Agustin_Saez_Rubus_idaeus_Argentina_2014C
Agustin_Saez_Rubus_idaeus_Argentina_2014,Ines,-42.066017,-71.504517,Rubus idaeus,Argentina,5695.813085,NA,2.58,2.01,82791.32529,2036.894195,2450768.948,519.2914658,504047.2474,0,0,0,0,102442.712,3142606.418,C,Agustin_Saez_Rubus_idaeus_Argentina_2014C
Agustin_Saez_Rubus_idaeus_Argentina_2014,Tranquerita,-42.095833,-71.518417,Rubus idaeus,Argentina,3436.125,NA,2.05,1.58,23754.74808,244.8370275,1030150.702,222.473465,2034021.945,0,0,0,0,54240.93508,3142635.641,C,Agustin_Saez_Rubus_idaeus_Argentina_2014C
Agustin_Saez_Rubus_idaeus_Argentina_2014,Hernan,-41.902983,-71.536111,Rubus idaeus,Argentina,4288.846154,NA,2.04,1.69,19423.5503,371.8578949,817237.1575,3049.304573,2285808.302,0,0,0,0,16585.03233,3142475.205,C,Agustin_Saez_Rubus_idaeus_Argentina_2014C
Agustin_Saez_Rubus_idaeus_Argentina_2014,El Chucao,-42.028397,-71.589024,Rubus idaeus,Argentina,3226.253538,NA,2.86,2.18,60290.56243,5492.996635,980214.438,54187.39701,1958249.231,35116.53611,0,0,0,48882.19613,3142433.357,C,Agustin_Saez_Rubus_idaeus_Argentina_2014C
Agustin_Saez_Rubus_idaeus_Argentina_2014,El Monje,-42.099967,-71.452717,Rubus idaeus,Argentina,6129.2514,NA,2.37,2.55,53510.21288,12233.49445,995511.7712,815.5462418,2071874.54,158.1837585,0,0,0,8535.948416,3142639.697,C,Agustin_Saez_Rubus_idaeus_Argentina_2014C
Agustin_Saez_Rubus_idaeus_Argentina_2014,Las Acacias,-42.088268,-71.485892,Rubus idaeus,Argentina,2843.338667,NA,2.34,2.75,47298.61185,82682.05994,1415245.109,74.15471649,1494497.761,0,0,0,0,102840.1079,3142637.804,C,Agustin_Saez_Rubus_idaeus_Argentina_2014C
Alejandro_Trillo_Fragaria_ananassa_Spain_2016,Angel,37.19416428,-6.826665878,Fragaria x ananassa,Spain,29.8,27.9,0,0,198393.1964,274176.7639,715975.0602,36496.24555,582800.0037,33078.43068,0,0,0,1297324.326,3138244.027,C,Alejandro_Trillo_Fragaria_ananassa_Spain_2016C
Alejandro_Trillo_Fragaria_ananassa_Spain_2016,Francisco1,37.2452774,-6.596943855,Fragaria x ananassa,Spain,32.3,26.3,0,0,38181.44931,34165.49536,1404095.136,93764.63303,1059906.197,16608.31281,0,0,0,491836.8875,3138558.111,C,Alejandro_Trillo_Fragaria_ananassa_Spain_2016C
Alejandro_Trillo_Fragaria_ananassa_Spain_2016,Francisco2,37.27972031,-6.599721909,Fragaria x ananassa,Spain,38.4,35.8,0,0,36968.30818,45819.30438,1730292.615,86450.77884,478820.9072,12550.25857,0,0,794.322731,746092.6597,3137789.155,C,Alejandro_Trillo_Fragaria_ananassa_Spain_2016C
Alejandro_Trillo_Fragaria_ananassa_Spain_2016,Juanantonio,37.26138687,-6.799444199,Fragaria x ananassa,Spain,30.8,23.9,0,0,122347.3537,338444.6872,655688.8562,108920.984,1379516.915,62710.63455,0,0,0,470925.6177,3138555.048,C,Alejandro_Trillo_Fragaria_ananassa_Spain_2016C
Alejandro_Trillo_Fragaria_ananassa_Spain_2016,Manoli,37.31833267,-6.659721851,Fragaria x ananassa,Spain,32,24.4,0,0,272629.624,77156.68609,1472621.343,497026.8556,606304.6336,3588.613868,0,0,0,208578.1609,3137905.917,C,Alejandro_Trillo_Fragaria_ananassa_Spain_2016C
Alejandro_Trillo_Fragaria_ananassa_Spain_2016,Manolo,37.38861084,-6.910832882,Fragaria x ananassa,Spain,29.6,23.4,0,0,17331.74801,28757.72948,1013493.22,15227.76913,257677.6236,2855.125847,0,0,0,1803303.256,3138646.473,C,Alejandro_Trillo_Fragaria_ananassa_Spain_2016C
Alejandro_Trillo_Fragaria_ananassa_Spain_2016,Maria,37.08527756,-6.551111221,Fragaria x ananassa,Spain,34.3,31,0,0,25762.71475,194564.9781,1069165.307,132059.5848,485637.4003,0,0,0,0,1231112.084,3138302.069,C,Alejandro_Trillo_Fragaria_ananassa_Spain_2016C
Alejandro_Trillo_Fragaria_ananassa_Spain_2016,Mariadonana,37.08499908,-6.521944046,Fragaria x ananassa,Spain,39.1,33.2,0,0,143229.1388,322285.6388,1813203.422,45060.05903,106041.5344,0,0,0,1114.677681,707268.9316,3138203.403,C,Alejandro_Trillo_Fragaria_ananassa_Spain_2016C
Alejandro_Trillo_Fragaria_ananassa_Spain_2016,Mazagon1,37.17194366,-6.850276947,Fragaria x ananassa,Spain,27.3,20.3,0,0,391361.2879,7082.195298,539378.7199,148913.2842,691739.2235,715.8971786,0,0,159.0925598,1359140.375,3138490.076,C,Alejandro_Trillo_Fragaria_ananassa_Spain_2016C
Alejandro_Trillo_Fragaria_ananassa_Spain_2016,Miguel,37.20805359,-6.888332844,Fragaria x ananassa,Spain,28.8,25.4,0,0,163891.8902,117577.3023,1446122.095,122905.7957,220724.3744,212083.3476,0,0,231284.0553,623614.7466,3138203.607,C,Alejandro_Trillo_Fragaria_ananassa_Spain_2016C
Alejandro_Trillo_Fragaria_ananassa_Spain_2016,Pepeluis,37.24361038,-6.772222042,Fragaria x ananassa,Spain,33.1,33.8,0,0,137546.3942,319746.7605,947052.5248,69258.07111,1085260.974,21620.46567,0,0,0,557625.1497,3138110.34,C,Alejandro_Trillo_Fragaria_ananassa_Spain_2016C
Alejandro_Trillo_Fragaria_ananassa_Spain_2016,Regidor,37.28111267,-6.720832825,Fragaria x ananassa,Spain,30.6,30.5,0,0,81698.89919,153156.8807,1693321.811,46383.91851,765216.4061,8418.615875,0,0,0,390371.5888,3138568.12,C,Alejandro_Trillo_Fragaria_ananassa_Spain_2016C
Alexandra_Maria_Klein_Coffea_arabica_Indonesia_2000_2001,1,-1.47777772,120.3484802,Coffea arabica,Indonesia,0,NA,0,0,0,198.5968323,1988631.146,0,1059129.002,25641.62518,0,0,0,47519.95907,3121120.329,A,Alexandra_Maria_Klein_Coffea_arabica_Indonesia_2000_2001A
Alexandra_Maria_Klein_Coffea_arabica_Indonesia_2000_2001,2,-1.413333297,120.3438339,Coffea arabica,Indonesia,0,NA,0,0,88001.05453,0,1073811.7,0,1732357.392,0,0,0,0,226954.2332,3121124.379,A,Alexandra_Maria_Klein_Coffea_arabica_Indonesia_2000_2001A
Alexandra_Maria_Klein_Coffea_arabica_Indonesia_2000_2001,3,-1.434700012,120.3563538,Coffea arabica,Indonesia,0,NA,0,0,12530.89145,99.30021667,1617376.02,0,1289040.998,0,0,0,0,202065.3593,3121112.569,A,Alexandra_Maria_Klein_Coffea_arabica_Indonesia_2000_2001A
Alexandra_Maria_Klein_Coffea_arabica_Indonesia_2000_2001,4,-10.43173313,120.3563538,Coffea arabica,Indonesia,0,NA,0,0,0,0,0,0,0,3122186.791,0,0,0,0,3122186.791,A,Alexandra_Maria_Klein_Coffea_arabica_Indonesia_2000_2001A
Alexandra_Maria_Klein_Coffea_arabica_Indonesia_2000_2001,5,-1.424399972,120.3571472,Coffea arabica,Indonesia,0,NA,0,0,142125.4951,0,1072268.622,0,1799753.78,0,0,0,0,106964.2882,3121112.186,A,Alexandra_Maria_Klein_Coffea_arabica_Indonesia_2000_2001A
Alexandra_Maria_Klein_Coffea_arabica_Indonesia_2000_2001,6,-1.40625,120.3571472,Coffea arabica,Indonesia,0,NA,0,0,44309.80744,0,1204885.836,0,1845774.951,0,0,0,0,26143.94786,3121114.542,A,Alexandra_Maria_Klein_Coffea_arabica_Indonesia_2000_2001A
Alexandra_Maria_Klein_Coffea_arabica_Indonesia_2000_2001,7,-1.410416722,120.3058701,Coffea arabica,Indonesia,0,NA,0,0,90658.91574,0,1622939.315,10886.50591,983312.8999,0,0,0,0,412859.3586,3120656.996,A,Alexandra_Maria_Klein_Coffea_arabica_Indonesia_2000_2001A
Alexandra_Maria_Klein_Coffea_arabica_Indonesia_2000_2001,8,-1.429800034,120.3120193,Coffea arabica,Indonesia,0,NA,0,0,257872.9084,0,1091291.827,1787.414299,1207104.52,0,0,0,0,563053.443,3121110.113,A,Alexandra_Maria_Klein_Coffea_arabica_Indonesia_2000_2001A
Alexandra_Maria_Klein_Coffea_arabica_Indonesia_2000_2001,9,-1.428833365,120.3069992,Coffea arabica,Indonesia,0,NA,0,0,102521.8629,0,902187.7331,397.2029114,1813864.267,0,0,0,0,302145.0018,3121116.068,A,Alexandra_Maria_Klein_Coffea_arabica_Indonesia_2000_2001A
Alexandra_Maria_Klein_Coffea_arabica_Indonesia_2000_2001,10,-1.404566646,120.3490143,Coffea arabica,Indonesia,0,NA,0,0,45758.04754,0,842855.6463,0,2177866.227,0,0,0,0,54634.08239,3121114.003,A,Alexandra_Maria_Klein_Coffea_arabica_Indonesia_2000_2001A
Alexandra_Maria_Klein_Coffea_arabica_Indonesia_2000_2001,11,-1.442433357,120.3070145,Coffea arabica,Indonesia,0,NA,0,0,52707.91484,0,863725.4477,0,1947844.747,0,0,0,0,256838.1584,3121116.268,A,Alexandra_Maria_Klein_Coffea_arabica_Indonesia_2000_2001A
Alexandra_Maria_Klein_Coffea_arabica_Indonesia_2000_2001,12,-1.441249967,120.3083344,Coffea arabica,Indonesia,0,NA,0,0,50346.93119,0,1029334.828,0,1675546.036,0,0,0,0,365884.9942,3121112.789,A,Alexandra_Maria_Klein_Coffea_arabica_Indonesia_2000_2001A
Alexandra_Maria_Klein_Coffea_arabica_Indonesia_2000_2001,13,-1.424783349,120.3612137,Coffea arabica,Indonesia,0,NA,0,0,79469.36661,0,795533.5601,0,2192663.625,0,0,0,0,53443.18121,3121109.733,A,Alexandra_Maria_Klein_Coffea_arabica_Indonesia_2000_2001A
Alexandra_Maria_Klein_Coffea_arabica_Indonesia_2000_2001,14,-1.413083315,120.3456345,Coffea arabica,Indonesia,0,NA,0,0,108207.0792,0,1093123.135,0,1721128.6,0,0,0,0,198658.1032,3121116.917,A,Alexandra_Maria_Klein_Coffea_arabica_Indonesia_2000_2001A
Alexandra_Maria_Klein_Coffea_arabica_Indonesia_2000_2001,15,-1.410650015,120.3501511,Coffea arabica,Indonesia,0,NA,0,0,90852.39411,0,1079020.117,0,1913276.734,0,0,0,0,37970.85312,3121120.099,A,Alexandra_Maria_Klein_Coffea_arabica_Indonesia_2000_2001A
Alexandra_Maria_Klein_Coffea_arabica_Indonesia_2000_2001,16,-1.438599944,120.3070679,Coffea arabica,Indonesia,0,NA,0,0,27133.45298,0,920764.9824,0,1839169.391,0,0,0,0,334057.8437,3121125.67,A,Alexandra_Maria_Klein_Coffea_arabica_Indonesia_2000_2001A
Alexandra_Maria_Klein_Coffea_arabica_Indonesia_2000_2001,17,-1.462833285,120.3136368,Coffea arabica,Indonesia,0,NA,0,0,50720.25687,0,837938.5292,0,1890405.275,0,0,0,0,342049.7317,3121113.792,A,Alexandra_Maria_Klein_Coffea_arabica_Indonesia_2000_2001A
Alexandra_Maria_Klein_Coffea_arabica_Indonesia_2000_2001,18,-1.461066723,120.3123474,Coffea arabica,Indonesia,0,NA,0,0,22125.7242,0,790655.7541,0,1935307.724,0,0,0,0,373026.9885,3121116.191,A,Alexandra_Maria_Klein_Coffea_arabica_Indonesia_2000_2001A
Alexandra_Maria_Klein_Coffea_arabica_Indonesia_2000_2001,19,-1.390133381,120.3152008,Coffea arabica,Indonesia,0,NA,0,0,87785.68815,0,1466671.23,34580.0721,1306346.139,0,0,0,0,225731.6283,3121114.757,A,Alexandra_Maria_Klein_Coffea_arabica_Indonesia_2000_2001A
Alexandra_Maria_Klein_Coffea_arabica_Indonesia_2000_2001,20,-1.398499966,120.3266296,Coffea arabica,Indonesia,0,NA,0,0,144323.9363,0,1475197.219,23999.90771,1097006.403,0,0,0,99.30161285,380486.5398,3121113.308,A,Alexandra_Maria_Klein_Coffea_arabica_Indonesia_2000_2001A
Alexandra_Maria_Klein_Coffea_arabica_Indonesia_2000_2001,21,-1.402483344,120.3405838,Coffea arabica,Indonesia,0,NA,0,0,22239.68707,0,1010757.387,0,1808969.777,0,0,0,0,279149.0776,3121115.929,A,Alexandra_Maria_Klein_Coffea_arabica_Indonesia_2000_2001A
Alexandra_Maria_Klein_Coffea_arabica_Indonesia_2000_2001,22,-1.411966681,120.3119659,Coffea arabica,Indonesia,0,NA,0,0,108361.367,0,1469956.134,397.2040558,822163.0339,0,0,0,0,720235.5783,3121113.318,A,Alexandra_Maria_Klein_Coffea_arabica_Indonesia_2000_2001A
Alexandra_Maria_Klein_Coffea_arabica_Indonesia_2000_2001,23,-1.39806664,120.328949,Coffea arabica,Indonesia,0,NA,0,0,123513.4137,0,1336283.313,13524.52238,1272876.281,0,0,0,0,374919.4529,3121116.983,A,Alexandra_Maria_Klein_Coffea_arabica_Indonesia_2000_2001A
Alexandra_Maria_Klein_Coffea_arabica_Indonesia_2000_2001,24,-1.424350023,120.359436,Coffea arabica,Indonesia,0,NA,0,0,82537.19184,0,961619.1051,0,2003317.379,0,0,0,0,73638.19056,3121111.867,A,Alexandra_Maria_Klein_Coffea_arabica_Indonesia_2000_2001A
Alexandra_Maria_Klein_Coffea_canephora_Indonesia_2000_2001,1,-1.47777772,120.3484802,Coffea canephora,Indonesia,0,NA,0,0,0,198.5968323,1988631.146,0,1059129.002,25641.62518,0,0,0,47519.95907,3121120.329,A,Alexandra_Maria_Klein_Coffea_canephora_Indonesia_2000_2001A
Alexandra_Maria_Klein_Coffea_canephora_Indonesia_2000_2001,6,-1.40625,120.3571472,Coffea canephora,Indonesia,0,NA,0,0,44309.80744,0,1204885.836,0,1845774.951,0,0,0,0,26143.94786,3121114.542,A,Alexandra_Maria_Klein_Coffea_canephora_Indonesia_2000_2001A
Alexandra_Maria_Klein_Coffea_canephora_Indonesia_2000_2001,7,-1.410416722,120.3058701,Coffea canephora,Indonesia,0,NA,0,0,90658.91574,0,1622939.315,10886.50591,983312.8999,0,0,0,0,412859.3586,3120656.996,A,Alexandra_Maria_Klein_Coffea_canephora_Indonesia_2000_2001A
Alexandra_Maria_Klein_Coffea_canephora_Indonesia_2000_2001,8,-1.429800034,120.3120193,Coffea canephora,Indonesia,0,NA,0,0,257872.9084,0,1091291.827,1787.414299,1207104.52,0,0,0,0,563053.443,3121110.113,A,Alexandra_Maria_Klein_Coffea_canephora_Indonesia_2000_2001A
Alexandra_Maria_Klein_Coffea_canephora_Indonesia_2000_2001,9,-1.428833365,120.3069992,Coffea canephora,Indonesia,0,NA,0,0,102521.8629,0,902187.7331,397.2029114,1813864.267,0,0,0,0,302145.0018,3121116.068,A,Alexandra_Maria_Klein_Coffea_canephora_Indonesia_2000_2001A
Alexandra_Maria_Klein_Coffea_canephora_Indonesia_2000_2001,10,-1.404566646,120.3490143,Coffea canephora,Indonesia,0,NA,0,0,45758.04754,0,842855.6463,0,2177866.227,0,0,0,0,54634.08239,3121114.003,A,Alexandra_Maria_Klein_Coffea_canephora_Indonesia_2000_2001A
Alexandra_Maria_Klein_Coffea_canephora_Indonesia_2000_2001,12,-1.441249967,120.3083344,Coffea canephora,Indonesia,0,NA,0,0,50346.93119,0,1029334.828,0,1675546.036,0,0,0,0,365884.9942,3121112.789,A,Alexandra_Maria_Klein_Coffea_canephora_Indonesia_2000_2001A
Alexandra_Maria_Klein_Coffea_canephora_Indonesia_2000_2001,14,-1.413083315,120.3456345,Coffea canephora,Indonesia,0,NA,0,0,108207.0792,0,1093123.135,0,1721128.6,0,0,0,0,198658.1032,3121116.917,A,Alexandra_Maria_Klein_Coffea_canephora_Indonesia_2000_2001A
Alexandra_Maria_Klein_Coffea_canephora_Indonesia_2000_2001,16,-1.438599944,120.3070679,Coffea canephora,Indonesia,0,NA,0,0,27133.45298,0,920764.9824,0,1839169.391,0,0,0,0,334057.8437,3121125.67,A,Alexandra_Maria_Klein_Coffea_canephora_Indonesia_2000_2001A
Alexandra_Maria_Klein_Coffea_canephora_Indonesia_2000_2001,18,-1.461066723,120.3123474,Coffea canephora,Indonesia,0,NA,0,0,22125.7242,0,790655.7541,0,1935307.724,0,0,0,0,373026.9885,3121116.191,A,Alexandra_Maria_Klein_Coffea_canephora_Indonesia_2000_2001A
Alexandra_Maria_Klein_Coffea_canephora_Indonesia_2000_2001,19,-1.390133381,120.3152008,Coffea canephora,Indonesia,0,NA,0,0,87785.68815,0,1466671.23,34580.0721,1306346.139,0,0,0,0,225731.6283,3121114.757,A,Alexandra_Maria_Klein_Coffea_canephora_Indonesia_2000_2001A
Alexandra_Maria_Klein_Coffea_canephora_Indonesia_2000_2001,20,-1.398499966,120.3266296,Coffea canephora,Indonesia,0,NA,0,0,144323.9363,0,1475197.219,23999.90771,1097006.403,0,0,0,99.30161285,380486.5398,3121113.308,A,Alexandra_Maria_Klein_Coffea_canephora_Indonesia_2000_2001A
Alexandra_Maria_Klein_Coffea_canephora_Indonesia_2000_2001,21,-1.402483344,120.3405838,Coffea canephora,Indonesia,0,NA,0,0,22239.68707,0,1010757.387,0,1808969.777,0,0,0,0,279149.0776,3121115.929,A,Alexandra_Maria_Klein_Coffea_canephora_Indonesia_2000_2001A
Alexandra_Maria_Klein_Coffea_canephora_Indonesia_2000_2001,23,-1.39806664,120.328949,Coffea canephora,Indonesia,0,NA,0,0,123513.4137,0,1336283.313,13524.52238,1272876.281,0,0,0,0,374919.4529,3121116.983,A,Alexandra_Maria_Klein_Coffea_canephora_Indonesia_2000_2001A
Alexandra_Maria_Klein_Coffea_canephora_Indonesia_2000_2001,24,-1.424350023,120.359436,Coffea canephora,Indonesia,0,NA,0,0,82537.19184,0,961619.1051,0,2003317.379,0,0,0,0,73638.19056,3121111.867,A,Alexandra_Maria_Klein_Coffea_canephora_Indonesia_2000_2001A
Alexandra_Maria_Klein_Prunus_dulcis_USA_2008,Abele,38.92529114,-122.0680904,Prunus dulcis,USA,32.3397372,NA,0,0,32085.98994,26842.8014,306452.0067,9477.827011,2556272.344,4428.201042,0,0,0,203844.0225,3139403.193,C,Alexandra_Maria_Klein_Prunus_dulcis_USA_2008C
Alexandra_Maria_Klein_Prunus_dulcis_USA_2008,Banes,38.93536855,-121.9998334,Prunus dulcis,USA,36.4490314,NA,0,0,264480.4058,22095.73018,379187.5193,97454.06211,2126820.922,5515.347137,0,0,0,243631.59,3139185.577,C,Alexandra_Maria_Klein_Prunus_dulcis_USA_2008C
Alexandra_Maria_Klein_Prunus_dulcis_USA_2008,Barth,38.72582482,-122.0114649,Prunus dulcis,USA,41.6451415,NA,0,0,69774.19489,4985.534424,148027.9759,32506.834,1858699.31,0,0,0,0,1025788.417,3139782.266,C,Alexandra_Maria_Klein_Prunus_dulcis_USA_2008C
Alexandra_Maria_Klein_Prunus_dulcis_USA_2008,Bramlett,38.89109105,-122.2294481,Prunus dulcis,USA,41.9620641,NA,0,0,47572.21401,777.2025452,1468805.916,4552.375015,1537534.55,6451.306938,0,0,0,74230.33866,3139923.903,C,Alexandra_Maria_Klein_Prunus_dulcis_USA_2008C
Alexandra_Maria_Klein_Prunus_dulcis_USA_2008,Cotters,38.90299574,-121.9705245,Prunus dulcis,USA,29.8422402,NA,0,0,55984.76073,24321.3656,667431.109,13926.27061,1773766.878,0,0,0,0,604502.4978,3139932.882,C,Alexandra_Maria_Klein_Prunus_dulcis_USA_2008C
Alexandra_Maria_Klein_Prunus_dulcis_USA_2008,Etters,38.76440224,-122.159695,Prunus dulcis,USA,39.7037081,NA,0,0,157201.8102,14792.85496,1024478.821,70196.81584,1065656.26,12976.82091,0,0,0,794510.4868,3139813.87,C,Alexandra_Maria_Klein_Prunus_dulcis_USA_2008C
Alexandra_Maria_Klein_Prunus_dulcis_USA_2008,Fullbelly,38.87004698,-122.2305141,Prunus dulcis,USA,51.1595005,NA,0,0,35363.50038,9748.651979,1558845.261,544.2117004,1253439.696,11661.74946,0,0,0,270304.1617,3139907.232,C,Alexandra_Maria_Klein_Prunus_dulcis_USA_2008C
Alexandra_Maria_Klein_Prunus_dulcis_USA_2008,KB 1,39.05082003,-122.1600768,Prunus dulcis,USA,19.2319726,NA,0,0,2869.265129,3871.132489,697281.5836,47350.25619,1720127.998,29388.56579,0,0,0,639172.8456,3140061.647,C,Alexandra_Maria_Klein_Prunus_dulcis_USA_2008C
Alexandra_Maria_Klein_Prunus_dulcis_USA_2008,KB 2,39.08334455,-122.1792511,Prunus dulcis,USA,27.2188139,NA,0,0,39597.83384,7467.542753,315644.0281,140939.4383,2144221.375,28853.50741,0,0,0,463172.9389,3139896.665,C,Alexandra_Maria_Klein_Prunus_dulcis_USA_2008C
Alexandra_Maria_Klein_Prunus_dulcis_USA_2008,Lauwerijssen,39.00776246,-122.0992998,Prunus dulcis,USA,39.8974355,NA,0,0,100241.6773,18257.23023,506835.0218,44186.6101,1701056.575,7732.30503,0,0,0,761712.9948,3140022.415,C,Alexandra_Maria_Klein_Prunus_dulcis_USA_2008C
Alexandra_Maria_Klein_Prunus_dulcis_USA_2008,Lowrey,38.90335589,-122.2418293,Prunus dulcis,USA,44.8328218,NA,0,0,10257.9936,2875.219002,1501662.997,7304.722504,1458654.268,26810.57886,0,0,0,131851.9167,3139417.695,C,Alexandra_Maria_Klein_Prunus_dulcis_USA_2008C
Alexandra_Maria_Klein_Prunus_dulcis_USA_2008,Miller,38.96081806,-121.9863776,Prunus dulcis,USA,32.5663716,NA,0,0,53068.00047,8249.745839,397711.9054,41415.31549,2085385.254,0,0,0,155.2906036,553751.2284,3139736.74,C,Alexandra_Maria_Klein_Prunus_dulcis_USA_2008C
Alexandra_Maria_Klein_Prunus_dulcis_USA_2008,Nickels,38.96204762,-122.0758652,Prunus dulcis,USA,36.8979961,NA,0,0,33237.24814,9705.762878,679556.5722,16432.03505,1675856.916,0,0,0,0,725203.1995,3139991.734,C,Alexandra_Maria_Klein_Prunus_dulcis_USA_2008C
Alexandra_Maria_Klein_Prunus_dulcis_USA_2008,Peart,38.92540103,-122.0305204,Prunus dulcis,USA,49.8737004,NA,0,0,46595.69378,9916.258524,407278.4181,25735.28371,1598917.86,0,0,0,0,1051518.123,3139961.637,C,Alexandra_Maria_Klein_Prunus_dulcis_USA_2008C
Alexandra_Maria_Klein_Prunus_dulcis_USA_2008,Scheuring,38.70317804,-121.9552229,Prunus dulcis,USA,22.344795,NA,0,0,134513.742,109366.3659,427152.6879,150279.4741,1476820.657,0,0,0,0,841636.1106,3139769.037,C,Alexandra_Maria_Klein_Prunus_dulcis_USA_2008C
Alexandra_Maria_Klein_Prunus_dulcis_USA_2008,Scofield 1,38.95463977,-122.0628645,Prunus dulcis,USA,38.973226,NA,0,0,109794.826,7809.114491,665892.9178,56929.31633,1588971.642,0,0,0,0,710581.2242,3139979.041,C,Alexandra_Maria_Klein_Prunus_dulcis_USA_2008C
Alexandra_Maria_Klein_Prunus_dulcis_USA_2008,Scofield 2,38.91354384,-122.039408,Prunus dulcis,USA,50.2608617,NA,0,0,19436.47193,16631.34787,894033.4906,15714.85608,1919054.81,776.9336319,0,0,0,274300.0426,3139947.953,C,Alexandra_Maria_Klein_Prunus_dulcis_USA_2008C
Alexandra_Maria_Klein_Prunus_dulcis_USA_2008,Taber,38.6995903,-122.1100971,Prunus dulcis,USA,64.7015985,NA,0,0,52833.39218,1870.198685,1213705.97,1168.875122,1563911.558,34036.59241,0,0,0,272237.3425,3139763.929,C,Alexandra_Maria_Klein_Prunus_dulcis_USA_2008C
Alexandra_Maria_Klein_Prunus_dulcis_USA_2008,TMueller 1,38.77989406,-122.169676,Prunus dulcis,USA,74.8094498,NA,0,0,43564.67805,1323.324692,1576532.039,7526.81006,524513.8145,9353.611761,0,0,0,977010.8911,3139825.169,C,Alexandra_Maria_Klein_Prunus_dulcis_USA_2008C
Alexandra_Maria_Klein_Prunus_dulcis_USA_2008,TMueller 2,38.81080521,-122.1807958,Prunus dulcis,USA,55.7277131,NA,0,0,48335.14531,933.7391968,1776436.73,13245.95346,499897.2998,14306.61643,0,0,0,786694.2223,3139849.706,C,Alexandra_Maria_Klein_Prunus_dulcis_USA_2008C
Alexandra_Maria_Klein_Prunus_dulcis_USA_2008,TNP 1,39.0072476,-122.1334631,Prunus dulcis,USA,29.0864549,NA,0,0,30884.6296,7932.367895,553240.7532,28241.78853,1954704.427,0,0,0,0,564676.2883,3139680.254,C,Alexandra_Maria_Klein_Prunus_dulcis_USA_2008C
Alexandra_Maria_Klein_Prunus_dulcis_USA_2008,TNP 2,38.9972606,-122.0596218,Prunus dulcis,USA,26.9170229,NA,0,0,199764.4236,17527.26951,552957.3395,113132.6939,1666380.747,12155.15955,0,0,0,578102.5537,3140020.186,C,Alexandra_Maria_Klein_Prunus_dulcis_USA_2008C
Alexandra_Maria_Klein_Prunus_dulcis_USA_2008,TNP 3,38.8973999,-122.0648183,Prunus dulcis,USA,31.7599396,NA,0,0,10801.89972,10036.59414,1494207.267,27820.83676,1536570.444,21371.99746,0,0,0,39122.26177,3139931.3,C,Alexandra_Maria_Klein_Prunus_dulcis_USA_2008C
Alexandra_Maria_Klein_Prunus_dulcis_USA_2009,Barth,38.7246236,-122.0091204,Prunus dulcis,USA,0,NA,0,0,70767.47352,4929.981773,320301.5296,32512.76223,1686072.861,0,0,0,0,1025199.598,3139784.206,C,Alexandra_Maria_Klein_Prunus_dulcis_USA_2009C
Alexandra_Maria_Klein_Prunus_dulcis_USA_2009,Bramlett,38.8905338,-122.2290552,Prunus dulcis,USA,0,NA,0,0,48616.90724,777.2025452,1453714.258,4507.875168,1552852.189,6557.693657,0,0,0,72902.20448,3139928.331,C,Alexandra_Maria_Klein_Prunus_dulcis_USA_2009C
Alexandra_Maria_Klein_Prunus_dulcis_USA_2009,Etters,38.7679852,-122.1633011,Prunus dulcis,USA,0,NA,0,0,84317.45986,13420.21009,968066.1226,33186.72081,768132.2729,16037.59183,0,0,0,1256655.842,3139816.22,C,Alexandra_Maria_Klein_Prunus_dulcis_USA_2009C
Alexandra_Maria_Klein_Prunus_dulcis_USA_2009,Full Belly,38.8708174,-122.2289264,Prunus dulcis,USA,0,NA,0,0,36976.57568,6804.902885,1589305.902,544.2117004,1094655.173,18150.79146,0,0,0,393391.9465,3139829.503,C,Alexandra_Maria_Klein_Prunus_dulcis_USA_2009C
Alexandra_Maria_Klein_Prunus_dulcis_USA_2009,Laury,38.9016493,-122.2408052,Prunus dulcis,USA,0,NA,0,0,12408.21821,3104.721693,1481063.228,7771.07827,1420787.698,24481.15917,0,0,0,190307.711,3139923.814,C,Alexandra_Maria_Klein_Prunus_dulcis_USA_2009C
Alexandra_Maria_Klein_Prunus_dulcis_USA_2009,Lauwerjissen,39.0062838,-122.0967143,Prunus dulcis,USA,0,NA,0,0,122545.3037,15869.0651,576760.1046,49952.05169,1554560.207,8495.220009,0,0,0,811837.0611,3140019.013,C,Alexandra_Maria_Klein_Prunus_dulcis_USA_2009C
Alexandra_Maria_Klein_Prunus_dulcis_USA_2009,Scheuring,38.7024385,-121.9547633,Prunus dulcis,USA,0,NA,0,0,134284.8721,108352.9847,454304.6965,151863.3818,1441181.704,0,0,0,0,849776.6959,3139764.335,C,Alexandra_Maria_Klein_Prunus_dulcis_USA_2009C
Alexandra_Maria_Klein_Prunus_dulcis_USA_2009,Scofield 1,38.9529857,-122.0592857,Prunus dulcis,USA,0,NA,0,0,101816.6692,9136.402333,600450.818,42792.20548,1820338.923,0,0,0,0,565447.0007,3139982.019,C,Alexandra_Maria_Klein_Prunus_dulcis_USA_2009C
Alexandra_Maria_Klein_Prunus_dulcis_USA_2009,Scofield 2,38.911686,-122.0382642,Prunus dulcis,USA,0,NA,0,0,14786.46484,11620.73091,988338.5943,10039.44912,1849794.969,776.9336319,0,0,0,264586.1115,3139943.253,C,Alexandra_Maria_Klein_Prunus_dulcis_USA_2009C
Alexandra_Maria_Klein_Prunus_dulcis_USA_2009,T&P1,39.0072476,-122.1334631,Prunus dulcis,USA,0,NA,0,0,30884.6296,7932.367895,553240.7532,28241.78853,1954704.427,0,0,0,0,564676.2883,3139680.254,C,Alexandra_Maria_Klein_Prunus_dulcis_USA_2009C
Alexandra_Maria_Klein_Prunus_dulcis_USA_2009,T&P2,38.9972606,-122.0596218,Prunus dulcis,USA,0,NA,0,0,199764.4236,17527.26951,552957.3395,113132.6939,1666380.747,12155.15955,0,0,0,578102.5537,3140020.186,C,Alexandra_Maria_Klein_Prunus_dulcis_USA_2009C
Alexandra_Maria_Klein_Prunus_dulcis_USA_2009,T&P3,38.8973999,-122.0648183,Prunus dulcis,USA,0,NA,0,0,10801.89972,10036.59414,1494207.267,27820.83676,1536570.444,21371.99746,0,0,0,39122.26177,3139931.3,C,Alexandra_Maria_Klein_Prunus_dulcis_USA_2009C
Alexandra_Maria_Klein_Prunus_dulcis_USA_2009,Taber,38.6997295,-122.1089041,Prunus dulcis,USA,0,NA,0,0,49538.32879,2026.039185,1241820.18,1168.875122,1533067.48,34758.15089,0,0,0,277385.7409,3139764.795,C,Alexandra_Maria_Klein_Prunus_dulcis_USA_2009C
Alexandra_Maria_Klein_Prunus_dulcis_USA_2009,Tim Mueller 1,38.7796138,-122.168718,Prunus dulcis,USA,0,NA,0,0,43358.78558,1479.00174,1440346.641,18734.79712,569389.3176,12293.7452,0,0,0,1054231.191,3139833.48,C,Alexandra_Maria_Klein_Prunus_dulcis_USA_2009C
Alexandra_Maria_Klein_Prunus_dulcis_USA_2009,Tim Mueller 2,38.8082465,-122.1822281,Prunus dulcis,USA,0,NA,0,0,50119.52201,933.7391968,1822230.077,9725.064783,406774.3603,23956.46672,0,0,0,826114.0412,3139853.272,C,Alexandra_Maria_Klein_Prunus_dulcis_USA_2009C
Alice_Classen_Coffea_arabica_Tanzania_2011_2012,COF2,-3.232177212,37.268548,Coffea arabica,Tanzania,61.39726404,52.20134909,1.2872,1.138973545,38647.10572,180074.409,124270.9078,0,2727535.321,0,0,0,0,50718.16237,3121245.906,C,Alice_Classen_Coffea_arabica_Tanzania_2011_2012C
Alice_Classen_Coffea_arabica_Tanzania_2011_2012,COF3,-3.247466484,37.32059835,Coffea arabica,Tanzania,57.18571098,61.68121697,2.024577778,1.898460317,43261.85617,195757.4756,83132.6458,198.3513107,2696924.73,0,0,0,0,101970.8629,3121245.922,C,Alice_Classen_Coffea_arabica_Tanzania_2011_2012C
Alice_Classen_Coffea_arabica_Tanzania_2011_2012,COF4,-3.28085633,37.32214449,Coffea arabica,Tanzania,41.2688165,55.83842927,1.431511111,1.264814815,6247.836647,65964.97016,19495.23108,1190.068977,2973411.006,7834.618912,0,0,198.3447342,46900.88232,3121242.959,C,Alice_Classen_Coffea_arabica_Tanzania_2011_2012C
Alice_Classen_Coffea_arabica_Tanzania_2011_2012,COF5,-3.274800858,37.47067258,Coffea arabica,Tanzania,33.73759705,34.1334904,1.335173077,1.221111111,71503.45554,130945.2755,53027.73226,0,2831256.475,0,0,0,0,34512.0754,3121245.014,C,Alice_Classen_Coffea_arabica_Tanzania_2011_2012C
Alice_Classen_Coffea_arabica_Tanzania_2011_2012,HOM1,-3.185998687,37.25462826,Coffea arabica,Tanzania,29.5055674,49.39958592,1.420349747,1.374133333,6205.226291,268816.5392,36884.16823,0,2804666.016,0,0,0,0,4661.509026,3121233.459,C,Alice_Classen_Coffea_arabica_Tanzania_2011_2012C
Alice_Classen_Coffea_arabica_Tanzania_2011_2012,HOM2,-3.269033234,37.3091989,Coffea arabica,Tanzania,24.46719558,18.30370875,1.26237037,0.81375,86114.65117,74666.94706,42961.41432,0,2797040.537,0,0,0,0,120461.8286,3121245.378,C,Alice_Classen_Coffea_arabica_Tanzania_2011_2012C
Alice_Classen_Coffea_arabica_Tanzania_2011_2012,HOM4,-3.33711016,37.49247115,Coffea arabica,Tanzania,37.0414415,40.00829587,1.369459184,1.364962963,18253.28671,579989.6756,384438.5112,0,2131164.661,0,0,0,0,7124.426625,3120970.561,C,Alice_Classen_Coffea_arabica_Tanzania_2011_2012C
Alice_Classen_Coffea_arabica_Tanzania_2011_2012,SUN1,-3.27816463,37.19449647,Coffea arabica,Tanzania,30.30400225,30.12765032,1.154266667,1.084392062,41272.52239,218362.8677,216648.5113,2639.16932,2182114.499,3570.229134,0,0,0,456323.6443,3120931.443,C,Alice_Classen_Coffea_arabica_Tanzania_2011_2012C
Alice_Classen_Coffea_arabica_Tanzania_2011_2012,SUN2,-3.235175792,37.27169284,Coffea arabica,Tanzania,49.64900358,49.97846442,1.39184127,1.440962963,37435.45998,172985.8002,56561.11279,0,2844422.392,0,0,0,0,9834.88724,3121239.652,C,Alice_Classen_Coffea_arabica_Tanzania_2011_2012C
Alice_Classen_Coffea_arabica_Tanzania_2011_2012,SUN3,-3.249207753,37.32902592,Coffea arabica,Tanzania,73.79615119,75.32574736,1.642222222,1.403457061,46842.72647,169937.8856,73866.94198,198.3513107,2729505.492,0,0,0,0,100892.7781,3121244.176,C,Alice_Classen_Coffea_arabica_Tanzania_2011_2012C
Alice_Classen_Coffea_arabica_Tanzania_2011_2012,SUN4,-3.275414554,37.32344919,Coffea arabica,Tanzania,80.51361755,81.22048856,1.206444444,1.232416667,27986.6631,77398.6157,29260.76487,1190.068977,2971915.282,7834.618912,0,0,198.3447342,5454.510292,3121238.869,C,Alice_Classen_Coffea_arabica_Tanzania_2011_2012C
Alice_Classen_Coffea_arabica_Tanzania_2011_2012,HOM5,-3.272943714,37.60442755,Coffea arabica,Tanzania,44.57964716,39.70113457,1.672959596,1.304833333,35166.0912,373650.5398,14259.84609,99.17365265,2656945.574,0,0,0,0,41117.35945,3121238.584,A,Alice_Classen_Coffea_arabica_Tanzania_2011_2012A
Alison_D_Oreilly_Brassica_napus_Ireland_2019,OSR15,52.98928,-6.961661,Brassica napus,Ireland,1550,53.6,0,0.0712,418791.8935,0,953117.9371,120.5942535,150996.2019,0,0,0,0,1629005.841,3152032.468,C,Alison_D_Oreilly_Brassica_napus_Ireland_2019C
Alison_D_Oreilly_Brassica_napus_Ireland_2019,OSR8,52.886884,-6.856493,Brassica napus,Ireland,1800,26.7,0,0.0809,148404.7655,0,654986.1886,27625.1696,62836.86076,1209.131783,0,0,0,2256545.565,3151607.681,C,Alison_D_Oreilly_Brassica_napus_Ireland_2019C
Alison_D_Oreilly_Brassica_napus_Ireland_2019,OSR11,53.57313,-6.562756,Brassica napus,Ireland,1900,49.4,0,0.1139,92441.41995,0,1575246.776,0,256597.4569,0,0,0,0,1227383.563,3151669.216,C,Alison_D_Oreilly_Brassica_napus_Ireland_2019C
Alison_D_Oreilly_Brassica_napus_Ireland_2019,OSR5,52.991622,-7.017531,Brassica napus,Ireland,1750,55.7,0,0.0859,46472.50488,0,347053.8841,361.8338242,26654.4186,0,0,0,0,2731410.743,3151953.385,C,Alison_D_Oreilly_Brassica_napus_Ireland_2019C
Alison_D_Oreilly_Brassica_napus_Ireland_2019,OSR13,52.572952,-6.658884,Brassica napus,Ireland,1290,35.6,0,0.0955,43230.42596,0,1582251.662,547.8445091,206043.8519,0,0,0,0,1318445.66,3150519.444,C,Alison_D_Oreilly_Brassica_napus_Ireland_2019C
Amparo_Lazaro_Prunus_dulcis_Spain_2015,CanBeia,39.67783333,2.564055556,Prunus dulcis,Spain,0,NA,0,0,19141.12638,152729.1466,287462.1637,384.3120728,2679711.403,0,0,0,0,1010.763584,3140438.915,C,Amparo_Lazaro_Prunus_dulcis_Spain_2015C
Amparo_Lazaro_Prunus_dulcis_Spain_2015,Cooperativa,39.69036111,2.861722222,Prunus dulcis,Spain,0,NA,0,0,216351.2093,525833.2308,826236.0108,50802.18262,382279.3654,9146.52562,0,0,0,1129280.471,3139928.996,C,Amparo_Lazaro_Prunus_dulcis_Spain_2015C
Amparo_Lazaro_Prunus_dulcis_Spain_2015,EsRafal,39.64775,2.761722222,Prunus dulcis,Spain,0,NA,0,0,375265.5587,53955.94586,1418461.515,23831.03451,726184.6594,0,0,0,0,542780.7583,3140479.472,C,Amparo_Lazaro_Prunus_dulcis_Spain_2015C
Amparo_Lazaro_Prunus_dulcis_Spain_2015,FestivalPark,39.64522222,2.74675,Prunus dulcis,Spain,0,NA,0,0,88625.78015,58537.05902,1137462.484,8575.659353,757205.5747,0,0,0,0,1089777.575,3140184.132,C,Amparo_Lazaro_Prunus_dulcis_Spain_2015C
Amparo_Lazaro_Prunus_dulcis_Spain_2015,SaCanova,39.74625,3.016777778,Prunus dulcis,Spain,0,NA,0,0,46502.92495,46153.30685,477439.9052,21641.85889,373251.0371,0,0,0,0,2174935.203,3139924.236,C,Amparo_Lazaro_Prunus_dulcis_Spain_2015C
Amparo_Lazaro_Prunus_dulcis_Spain_2015,SaFillola,39.70630556,3.085861111,Prunus dulcis,Spain,0,NA,0,0,20033.77474,15262.58162,705769.0528,5609.535637,97564.25518,0,0,0,0,2296368.678,3140607.878,C,Amparo_Lazaro_Prunus_dulcis_Spain_2015C
Amparo_Lazaro_Prunus_dulcis_Spain_2015,SaMarineta,39.58158333,3.348944444,Prunus dulcis,Spain,0,NA,0,0,63463.14501,67158.72434,1861910.849,3238.115117,638503.8181,0,0,0,0,505484.0767,3139758.728,C,Amparo_Lazaro_Prunus_dulcis_Spain_2015C
Amparo_Lazaro_Prunus_dulcis_Spain_2015,SesCabanasses,39.67966667,3.228222222,Prunus dulcis,Spain,0,NA,0,0,50821.42263,214688.1767,1103755.557,4919.626892,921779.9502,0,0,0,0,843646.1182,3139610.852,C,Amparo_Lazaro_Prunus_dulcis_Spain_2015C
Amparo_Lazaro_Prunus_dulcis_Spain_2015,Shospitalet,39.49094444,3.25575,Prunus dulcis,Spain,0,NA,0,0,33816.81298,612365.4259,1187227.919,4701.214241,1102567.861,0,0,0,0,199526.9119,3140206.145,B,Amparo_Lazaro_Prunus_dulcis_Spain_2015B
Amparo_Lazaro_Prunus_dulcis_Spain_2015,Sindioteria,39.61691667,2.677666667,Prunus dulcis,Spain,0,NA,0,0,918730.5483,83017.11921,694594.2671,8539.584,503820.9136,0,0,0,0,931561.8192,3140264.252,C,Amparo_Lazaro_Prunus_dulcis_Spain_2015C
Amparo_Lazaro_Prunus_dulcis_Spain_2015,SonBlai,39.62297222,2.647333333,Prunus dulcis,Spain,0,NA,0,0,508674.699,25671.9431,721687.273,3846.36084,461655.7563,4307.861969,0,0,0,1414698.849,3140542.743,C,Amparo_Lazaro_Prunus_dulcis_Spain_2015C
Amparo_Lazaro_Prunus_dulcis_Spain_2015,SonCos,39.63144444,2.747222222,Prunus dulcis,Spain,0,NA,0,0,204846.2312,53774.1945,1417979.37,15229.33251,302546.6806,0,0,0,0,1146168.201,3140544.01,C,Amparo_Lazaro_Prunus_dulcis_Spain_2015C
Amparo_Lazaro_Prunus_dulcis_Spain_2015,SonMarrano,39.43383333,2.946777778,Prunus dulcis,Spain,0,NA,0,0,32243.44725,251357.8834,660822.7808,231.4143295,806182.0613,0,0,0,0,1389323.43,3140161.017,B,Amparo_Lazaro_Prunus_dulcis_Spain_2015B
Amparo_Lazaro_Prunus_dulcis_Spain_2015,SonPinya,39.45086111,3.094555556,Prunus dulcis,Spain,0,NA,0,0,20764.96556,65452.8784,831734.144,616.9623184,819328.7215,0,0,0,0,1402254.307,3140151.979,B,Amparo_Lazaro_Prunus_dulcis_Spain_2015B
Amparo_Lazaro_Prunus_dulcis_Spain_2015,SonPou,39.61613889,2.646805556,Prunus dulcis,Spain,0,NA,0,0,627142.2616,12463.1778,718989.8884,1692.576927,616814.8108,1230.985527,0,0,0,1162200.825,3140534.526,C,Amparo_Lazaro_Prunus_dulcis_Spain_2015C
Amparo_Lazaro_Prunus_dulcis_Spain_2015,SonPujol,39.72080556,2.887972222,Prunus dulcis,Spain,0,NA,0,0,163575.2913,100354.7447,1044585.565,3380.242912,727598.5406,0,0,0,0,1101121.777,3140616.161,C,Amparo_Lazaro_Prunus_dulcis_Spain_2015C
Amparo_Lazaro_Prunus_dulcis_Spain_2015,SonVives,39.61902778,3.312722222,Prunus dulcis,Spain,0,NA,0,0,28182.97543,155169.6295,1632520.095,3962.326862,682785.8734,0,0,0,0,637910.719,3140531.619,C,Amparo_Lazaro_Prunus_dulcis_Spain_2015C
Amparo_Lazaro_Prunus_dulcis_Spain_2015,Xorrigo,39.58147222,2.805027778,Prunus dulcis,Spain,0,NA,0,0,1706.877622,106935.071,1008847.785,6763.843342,348684.0706,0,0,0,0,1666992.677,3139930.324,C,Amparo_Lazaro_Prunus_dulcis_Spain_2015C
Amparo_Lazaro_Prunus_dulcis_Spain_2016,CanBeia,39.67783333,2.564055556,Prunus dulcis,Spain,0,NA,0,0,19141.12638,152729.1466,287462.1637,384.3120728,2679711.403,0,0,0,0,1010.763584,3140438.915,C,Amparo_Lazaro_Prunus_dulcis_Spain_2016C
Amparo_Lazaro_Prunus_dulcis_Spain_2016,Cooperativa,39.69036111,2.861722222,Prunus dulcis,Spain,0,NA,0,0,216351.2093,525833.2308,826236.0108,50802.18262,382279.3654,9146.52562,0,0,0,1129280.471,3139928.996,C,Amparo_Lazaro_Prunus_dulcis_Spain_2016C
Amparo_Lazaro_Prunus_dulcis_Spain_2016,EsRafal,39.64775,2.761722222,Prunus dulcis,Spain,0,NA,0,0,375265.5587,53955.94586,1418461.515,23831.03451,726184.6594,0,0,0,0,542780.7583,3140479.472,C,Amparo_Lazaro_Prunus_dulcis_Spain_2016C
Amparo_Lazaro_Prunus_dulcis_Spain_2016,FestivalPark,39.64522222,2.74675,Prunus dulcis,Spain,0,NA,0,0,88625.78015,58537.05902,1137462.484,8575.659353,757205.5747,0,0,0,0,1089777.575,3140184.132,C,Amparo_Lazaro_Prunus_dulcis_Spain_2016C
Amparo_Lazaro_Prunus_dulcis_Spain_2016,SaCanova,39.74625,3.016777778,Prunus dulcis,Spain,0,NA,0,0,46502.92495,46153.30685,477439.9052,21641.85889,373251.0371,0,0,0,0,2174935.203,3139924.236,C,Amparo_Lazaro_Prunus_dulcis_Spain_2016C
Amparo_Lazaro_Prunus_dulcis_Spain_2016,SaFillola,39.70630556,3.085861111,Prunus dulcis,Spain,0,NA,0,0,20033.77474,15262.58162,705769.0528,5609.535637,97564.25518,0,0,0,0,2296368.678,3140607.878,C,Amparo_Lazaro_Prunus_dulcis_Spain_2016C
Amparo_Lazaro_Prunus_dulcis_Spain_2016,SaMarineta,39.58158333,3.348944444,Prunus dulcis,Spain,0,NA,0,0,63463.14501,67158.72434,1861910.849,3238.115117,638503.8181,0,0,0,0,505484.0767,3139758.728,C,Amparo_Lazaro_Prunus_dulcis_Spain_2016C
Amparo_Lazaro_Prunus_dulcis_Spain_2016,SesCabanasses,39.67966667,3.228222222,Prunus dulcis,Spain,0,NA,0,0,50821.42263,214688.1767,1103755.557,4919.626892,921779.9502,0,0,0,0,843646.1182,3139610.852,C,Amparo_Lazaro_Prunus_dulcis_Spain_2016C
Amparo_Lazaro_Prunus_dulcis_Spain_2016,Shospitalet,39.49094444,3.25575,Prunus dulcis,Spain,0,NA,0,0,33816.81298,612365.4259,1187227.919,4701.214241,1102567.861,0,0,0,0,199526.9119,3140206.145,B,Amparo_Lazaro_Prunus_dulcis_Spain_2016B
Amparo_Lazaro_Prunus_dulcis_Spain_2016,Sindioteria,39.61691667,2.677666667,Prunus dulcis,Spain,0,NA,0,0,918730.5483,83017.11921,694594.2671,8539.584,503820.9136,0,0,0,0,931561.8192,3140264.252,C,Amparo_Lazaro_Prunus_dulcis_Spain_2016C
Amparo_Lazaro_Prunus_dulcis_Spain_2016,SonCos,39.63144444,2.747222222,Prunus dulcis,Spain,0,NA,0,0,204846.2312,53774.1945,1417979.37,15229.33251,302546.6806,0,0,0,0,1146168.201,3140544.01,C,Amparo_Lazaro_Prunus_dulcis_Spain_2016C
Amparo_Lazaro_Prunus_dulcis_Spain_2016,SonMarrano,39.43383333,2.946777778,Prunus dulcis,Spain,0,NA,0,0,32243.44725,251357.8834,660822.7808,231.4143295,806182.0613,0,0,0,0,1389323.43,3140161.017,B,Amparo_Lazaro_Prunus_dulcis_Spain_2016B
Amparo_Lazaro_Prunus_dulcis_Spain_2016,SonPinya,39.45086111,3.094555556,Prunus dulcis,Spain,0,NA,0,0,20764.96556,65452.8784,831734.144,616.9623184,819328.7215,0,0,0,0,1402254.307,3140151.979,B,Amparo_Lazaro_Prunus_dulcis_Spain_2016B
Amparo_Lazaro_Prunus_dulcis_Spain_2016,SonPou,39.61613889,2.646805556,Prunus dulcis,Spain,0,NA,0,0,627142.2616,12463.1778,718989.8884,1692.576927,616814.8108,1230.985527,0,0,0,1162200.825,3140534.526,C,Amparo_Lazaro_Prunus_dulcis_Spain_2016C
Amparo_Lazaro_Prunus_dulcis_Spain_2016,SonPujol,39.72080556,2.887972222,Prunus dulcis,Spain,0,NA,0,0,163575.2913,100354.7447,1044585.565,3380.242912,727598.5406,0,0,0,0,1101121.777,3140616.161,C,Amparo_Lazaro_Prunus_dulcis_Spain_2016C
Amparo_Lazaro_Prunus_dulcis_Spain_2016,SonVives,39.61902778,3.312722222,Prunus dulcis,Spain,0,NA,0,0,28182.97543,155169.6295,1632520.095,3962.326862,682785.8734,0,0,0,0,637910.719,3140531.619,C,Amparo_Lazaro_Prunus_dulcis_Spain_2016C
Amparo_Lazaro_Prunus_dulcis_Spain_2016,Xorrigo,39.58147222,2.805027778,Prunus dulcis,Spain,0,NA,0,0,1706.877622,106935.071,1008847.785,6763.843342,348684.0706,0,0,0,0,1666992.677,3139930.324,C,Amparo_Lazaro_Prunus_dulcis_Spain_2016C
Ana_Montero_Castano_Vaccinium_corymbosum_Canada_2018,FAL,42.78924015,-80.36989719,Vaccinium corymbosum,Canada,77.77777778,33.33333333,0,0,10562.24039,0,239315.5378,953.5061569,1854842.701,0,0,0,0,1037464.06,3143138.045,D,Ana_Montero_Castano_Vaccinium_corymbosum_Canada_2018D
Ana_Montero_Castano_Vaccinium_corymbosum_Canada_2018,HILL,42.67475935,-80.39511252,Vaccinium corymbosum,Canada,88.88888889,0,0,0,34453.46751,0,396611.5988,3527.461121,1922334.522,3380.278191,0,0,0,782341.611,3142648.939,D,Ana_Montero_Castano_Vaccinium_corymbosum_Canada_2018D
Ana_Montero_Castano_Vaccinium_corymbosum_Canada_2018,KENT,42.83650113,-80.38064709,Vaccinium corymbosum,Canada,60,61.11111111,0,0,57386.15512,0,348272.6012,366.4702759,1157122.959,0,0,0,0,1579114.955,3142263.14,D,Ana_Montero_Castano_Vaccinium_corymbosum_Canada_2018D
Ana_Montero_Castano_Vaccinium_corymbosum_Canada_2018,NOR,43.02899321,-80.47172635,Vaccinium corymbosum,Canada,65,5.555555556,0,0,38561.19148,0,484420.1582,16806.31752,850635.855,73.06020355,0,0,0,1752779.68,3143276.262,D,Ana_Montero_Castano_Vaccinium_corymbosum_Canada_2018D
Ana_Montero_Castano_Vaccinium_corymbosum_Canada_2018,PLE_bluecrop,43.09810214,-80.34873191,Vaccinium corymbosum,Canada,77.77777778,50,0,0,40460.95535,0,402074.8016,0,706617.5145,2287.36978,0,0,2627.473198,1989259.038,3143327.152,D,Ana_Montero_Castano_Vaccinium_corymbosum_Canada_2018D
Ana_Montero_Castano_Vaccinium_corymbosum_Canada_2018,PLE_blueray,43.09810214,-80.34873191,Vaccinium corymbosum,Canada,100,30,0,0,40460.95535,0,402074.8016,0,706617.5145,2287.36978,0,0,2627.473198,1989259.038,3143327.152,D,Ana_Montero_Castano_Vaccinium_corymbosum_Canada_2018D
Ana_Montero_Castano_Vaccinium_corymbosum_Canada_2018,POW,42.77527776,-80.25442633,Vaccinium corymbosum,Canada,78.57142857,56.25,0,0,47831.63444,0,659554.2288,0,1262579.171,10193.8441,0,0,0,1162374.811,3142533.689,D,Ana_Montero_Castano_Vaccinium_corymbosum_Canada_2018D
Ana_Montero_Castano_Vaccinium_corymbosum_Canada_2018,SHE_bluecrop,43.19053069,-81.00221045,Vaccinium corymbosum,Canada,25,33.33333333,0,0,5246.92601,0,324528.3421,0,1094731.593,1457.526001,0,0,72.876091,1716533.308,3142570.572,D,Ana_Montero_Castano_Vaccinium_corymbosum_Canada_2018D
Ana_Montero_Castano_Vaccinium_corymbosum_Canada_2018,SHE_blueray,43.19053069,-81.00221045,Vaccinium corymbosum,Canada,70,30,0,0,5246.92601,0,324528.3421,0,1094731.593,1457.526001,0,0,72.876091,1716533.308,3142570.572,D,Ana_Montero_Castano_Vaccinium_corymbosum_Canada_2018D
Ana_Montero_Castano_Vaccinium_corymbosum_Canada_2018,TNT,43.38245959,-80.83523971,Vaccinium corymbosum,Canada,20,0,0,0,43279.85046,0,186529.9465,0,808788.6125,50856.18953,0,0,0,2053729.898,3143184.497,D,Ana_Montero_Castano_Vaccinium_corymbosum_Canada_2018D
Ana_Montero_Castano_Vaccinium_corymbosum_Canada_2018,WAL_bluecrop,43.3369333,-80.69190917,Vaccinium corymbosum,Canada,10,40,0,0,38056.76084,0,72498.32129,145.3913116,407601.4423,0,0,0,0,2625262.857,3143564.773,D,Ana_Montero_Castano_Vaccinium_corymbosum_Canada_2018D
Ana_Montero_Castano_Vaccinium_corymbosum_Canada_2018,WAL_blueray,43.3369333,-80.69190917,Vaccinium corymbosum,Canada,60,11.11111111,0,0,38056.76084,0,72498.32129,145.3913116,407601.4423,0,0,0,0,2625262.857,3143564.773,D,Ana_Montero_Castano_Vaccinium_corymbosum_Canada_2018D
Ariza_etal_apple_Belgium_2019,Ariza_etal_2019_1,50.88844525,5.024354229,Malus domestica,Belgium,1.5,NA,0,0,111466.3416,0,1279070.689,189.4911232,1005445.754,884.5194435,0,0,0,753146.3415,3150203.137,C,Ariza_etal_apple_Belgium_2019C
Ariza_etal_apple_Belgium_2019,Ariza_etal_2019_2,50.87301461,5.008409568,Malus domestica,Belgium,3.06,NA,0,0,156759.5363,0,1121381.854,0,639206.5557,0,0,0,2084.981293,1230764.308,3150197.236,C,Ariza_etal_apple_Belgium_2019C
Ariza_etal_apple_Belgium_2019,Ariza_etal_2019_3,50.87526988,4.965085326,Malus domestica,Belgium,4.28,NA,0,0,362136.4486,0,1119369.242,821.396347,659555.3569,0,0,0,0,1008316.806,3150199.25,C,Ariza_etal_apple_Belgium_2019C
Ariza_etal_apple_Belgium_2019,Ariza_etal_2019_4,50.82623206,4.917172191,Malus domestica,Belgium,3.4,NA,0,0,137614.9129,0,646602.4201,0,425547.1387,0,0,0,0,1940397.553,3150162.025,C,Ariza_etal_apple_Belgium_2019C
Ariza_etal_apple_Belgium_2019,Ariza_etal_2019_5,51.11999474,3.591947896,Malus domestica,Belgium,3.4,NA,0,0,89699.32499,0,1329299.7,0,199212.0065,0,0,0,0,1532112.229,3150323.26,C,Ariza_etal_apple_Belgium_2019C
Ariza_etal_apple_Belgium_2019,Ariza_etal_2019_6,51.24826939,3.703058222,Malus domestica,Belgium,2.64,NA,0,0,106345.4684,0,1584099.762,0,202583.3618,626.7433548,0,0,217.5566036,1256003.133,3149876.025,C,Ariza_etal_apple_Belgium_2019C
Ariza_etal_apple_Belgium_2019,Ariza_etal_2019_7,50.90338631,5.078626141,Malus domestica,Belgium,3.88,NA,0,0,216094.3109,0,1043052.131,189.4189186,691652.0298,0,0,0,0,1198896.261,3149884.151,C,Ariza_etal_apple_Belgium_2019C
Ariza_etal_apple_Belgium_2019,Ariza_etal_2019_8,50.89865148,3.381123692,Malus domestica,Belgium,4.82,NA,0,0,1226993.85,0,733871.542,3196.438191,594740.4039,125695.9485,0,0,1136.858788,464373.8714,3150008.913,C,Ariza_etal_apple_Belgium_2019C
Ariza_etal_apple_Belgium_2019,Ariza_etal_2019_9,50.90671113,5.046195997,Malus domestica,Belgium,4.03,NA,0,0,263983.6957,0,1262058.432,189.4362831,812868.9982,1452.460236,0,0,0,809670.3362,3150223.359,C,Ariza_etal_apple_Belgium_2019C
Ariza_etal_apple_Belgium_2019,Ariza_etal_2019_10,50.9203088,5.018760093,Malus domestica,Belgium,3.73,NA,0,0,215833.5175,0,1183504.475,0,642043.4497,0,0,0,0,1108854.496,3150235.938,C,Ariza_etal_apple_Belgium_2019C
Ariza_etal_apple_Belgium_2019,Ariza_etal_2019_11,51.28438108,3.622717802,Malus domestica,Belgium,3.66,NA,0,0,137267.016,0,793460.075,375.7947693,170284.8587,250.5475388,0,0,4447.203167,2044476.663,3150562.158,C,Ariza_etal_apple_Belgium_2019C
Ariza_etal_apple_Belgium_2019,Ariza_etal_2019_12,50.86666235,3.32587711,Malus domestica,Belgium,4.05,NA,0,0,1221771.746,0,693885.1428,8658.361549,789143.1214,89034.21109,0,0,0,347594.6797,3150087.263,C,Ariza_etal_apple_Belgium_2019C
Ariza_etal_apple_Belgium_2019,Ariza_etal_2019_13,50.95532022,3.396351305,Malus domestica,Belgium,2.89,NA,0,0,180617.5628,0,1158147.358,0,348544.2602,126.1522141,0,0,0,1462829.794,3150265.127,C,Ariza_etal_apple_Belgium_2019C
Ariza_etal_apple_Belgium_2019,Ariza_etal_2019_14,50.95474169,3.429056705,Malus domestica,Belgium,4,NA,0,0,155424.8191,0,1214365.59,2649.388996,506845.893,315.403511,0,0,0,1270662.589,3150263.683,C,Ariza_etal_apple_Belgium_2019C
Ariza_etal_sweetcherry_Belgium_2019,Ariza_etal_2019_1,50.96252423,4.144656056,Prunus avium,Belgium,26.6,NA,0,0,511698.5837,0,992098.4782,275.9877406,870115.5367,0,0,0,0,776070.0986,3150258.685,C,Ariza_etal_sweetcherry_Belgium_2019C
Ariza_etal_sweetcherry_Belgium_2019,Ariza_etal_2019_2,51.01003207,3.54027305,Prunus avium,Belgium,22.1,NA,0,0,148799.8526,0,851083.1623,2446.08725,749159.7878,115118.4903,0,0,0,1282604.431,3149211.811,C,Ariza_etal_sweetcherry_Belgium_2019C
Ariza_etal_sweetcherry_Belgium_2019,Ariza_etal_2019_3,50.80276945,5.427917366,Prunus avium,Belgium,27.9,NA,0,0,220587.732,0,691961.9051,0,1418138.478,2721.49057,0,0,0,816341.9584,3149751.564,C,Ariza_etal_sweetcherry_Belgium_2019C
Ariza_etal_sweetcherry_Belgium_2019,Ariza_etal_2019_4,50.80319824,5.281092256,Prunus avium,Belgium,10.4,NA,0,0,463229.3729,0,1129589.84,0,1085798.464,12340.29277,0,0,0,459160.1348,3150118.105,C,Ariza_etal_sweetcherry_Belgium_2019C
Ariza_etal_sweetcherry_Belgium_2019,Ariza_etal_2019_5,50.82804074,5.130349268,Prunus avium,Belgium,12.9,NA,0,0,223372.3091,0,1526326.157,0,796253.1837,202.8581924,0,0,11883.51302,591424.5279,3149462.549,C,Ariza_etal_sweetcherry_Belgium_2019C
Ariza_etal_sweetcherry_Belgium_2019,Ariza_etal_2019_6,50.77947371,5.06661343,Prunus avium,Belgium,20.1,NA,0,0,103764.0402,0,511214.2401,0,392432.0562,1836.141464,0,0,0,2140812.551,3150059.029,C,Ariza_etal_sweetcherry_Belgium_2019C
Ariza_etal_sweetcherry_Belgium_2019,Ariza_etal_2019_7,50.79496726,5.111324114,Prunus avium,Belgium,10.1,NA,0,0,65178.99869,0,852147.6954,316.4484329,807901.7453,0,0,0,0,1424591.263,3150136.151,C,Ariza_etal_sweetcherry_Belgium_2019C
Ariza_etal_sweetcherry_Belgium_2019,Ariza_etal_2019_8,50.78963005,5.224173717,Prunus avium,Belgium,27.8,NA,0,0,269273.2879,0,772837.6732,0,542282.1802,412.0054974,0,0,0,1565227.878,3150033.025,C,Ariza_etal_sweetcherry_Belgium_2019C
Ariza_etal_sweetcherry_Belgium_2019,Ariza_etal_2019_9,50.81556914,5.159376067,Prunus avium,Belgium,28.4,NA,0,0,597968.8514,0,923196.7664,63.27151108,871420.6282,0,0,0,0,757461.7627,3150111.28,C,Ariza_etal_sweetcherry_Belgium_2019C
Ariza_etal_sweetcherry_Belgium_2019,Ariza_etal_2019_10,50.93008056,4.976415002,Prunus avium,Belgium,26.6,NA,0,0,233355.6481,0,936073.8987,63.11162949,819223.0553,0,0,0,0,1161519.137,3150234.85,C,Ariza_etal_sweetcherry_Belgium_2019C
Ariza_etal_sweetcherry_Belgium_2019,Ariza_etal_2019_11,50.92596157,4.930154218,Prunus avium,Belgium,27.6,NA,0,0,202840.5785,0,1073879.367,63.11717606,630092.1083,0,0,0,0,1242848.616,3149723.786,C,Ariza_etal_sweetcherry_Belgium_2019C
Ariza_etal_sweetcherry_Belgium_2019,Ariza_etal_2019_12,51.17494078,4.604256861,Prunus avium,Belgium,6.7,NA,0,0,521679.406,0,1294969.602,313.8653679,880142.516,8787.827293,0,0,0,444568.3055,3150461.522,C,Ariza_etal_sweetcherry_Belgium_2019C
Ariza_etal_sweetcherry_Belgium_2019,Ariza_etal_2019_13,50.80390048,4.110873867,Prunus avium,Belgium,37.8,NA,0,0,113246.0353,0,1142407.333,0,472378.4289,2151.434444,0,0,0,1419875.771,3150059.003,C,Ariza_etal_sweetcherry_Belgium_2019C
Ariza_etal_sweetcherry_Belgium_2019,Ariza_etal_2019_14,50.755541,5.140927438,Prunus avium,Belgium,9.6,NA,0,0,267720.0477,0,514558.8954,1647.156292,293332.8762,0,0,0,0,2072840.467,3150099.443,C,Ariza_etal_sweetcherry_Belgium_2019C
Ariza_etal_sweetcherry_Belgium_2019,Ariza_etal_2019_15,50.79263666,5.241317817,Prunus avium,Belgium,30.6,NA,0,0,47271.64973,0,701358.473,769.1471344,787217.9122,0,0,0,0,1613525.278,3150142.46,C,Ariza_etal_sweetcherry_Belgium_2019C
Ariza_etal_sweetcherry_Belgium_2019,Ariza_etal_2019_16,51.27046547,3.57123749,Prunus avium,Belgium,36,NA,0,0,92190.01264,0,823190.4273,1942.434143,110364.1565,176279.8383,0,0,80865.14135,1865562.791,3150394.801,C,Ariza_etal_sweetcherry_Belgium_2019C
Betina_Blochtein_Brassica_napus_Brazil_2011,L 1 Snitowski,-28.14296913,-54.31869888,Brassica napus,Brazil,3738.315,NA,0,0,2344.741989,0,85489.80378,0,962244.1117,0,0,0,0,2081538.569,3131617.226,C,Betina_Blochtein_Brassica_napus_Brazil_2011C
Betina_Blochtein_Brassica_napus_Brazil_2011,L2 Snitowski,-28.15485954,-54.32741165,Brassica napus,Brazil,1339.04,NA,0,0,13002.88967,0,147575.8936,0,864687.6899,7290.354042,0,0,0,2099083.076,3131639.903,C,Betina_Blochtein_Brassica_napus_Brazil_2011C
Betina_Blochtein_Brassica_napus_Brazil_2011,L3 Karlec,-28.13768959,-54.34717941,Brassica napus,Brazil,7833.094,NA,0,0,6830.916779,0,93750.98016,0,435486.2114,0,0,0,0,2594765.558,3130833.666,C,Betina_Blochtein_Brassica_napus_Brazil_2011C
Betina_Blochtein_Brassica_napus_Brazil_2011,L4 Rupp,-28.07628059,-54.30767822,Brassica napus,Brazil,1937.983,NA,0,0,6592.869652,0,151721.7956,175.8092041,532076.1623,8087.258804,0,0,0,2432916.878,3131570.773,C,Betina_Blochtein_Brassica_napus_Brazil_2011C
Betina_Blochtein_Brassica_napus_Brazil_2011,L5 Sr. Rupp,-28.07951927,-54.31380081,Brassica napus,Brazil,4868.135,NA,0,0,6592.869652,0,156096.941,175.8092041,393571.478,8087.258804,0,0,0,2567032.81,3131557.167,C,Betina_Blochtein_Brassica_napus_Brazil_2011C
Betina_Blochtein_Brassica_napus_Brazil_2011,L 6 Sr. Donadel,-28.13342094,-54.31032181,Brassica napus,Brazil,4906.115,NA,0,0,7731.458778,0,462299.7489,1054.309341,891213.2077,13091.295,0,0,0,1756222.768,3131612.788,C,Betina_Blochtein_Brassica_napus_Brazil_2011C
Blande_Viana_Passiflora_edulis_Brazil_2005,19,-9.310974368,-40.29456653,Passiflora edulis,Brazil,0,NA,0,0,3746.117361,828986.1981,1104606.321,5981.420975,1102640.386,1.538109993,0,0,11028.88221,64483.54679,3121474.41,B,Blande_Viana_Passiflora_edulis_Brazil_2005B
Blande_Viana_Passiflora_edulis_Brazil_2005,112,-9.286945475,-40.28767816,Passiflora edulis,Brazil,0,NA,0,0,94141.29218,1058814.071,786829.6012,25398.56358,943339.5692,98.0639267,0,0,2144.718127,211539.101,3122304.98,B,Blande_Viana_Passiflora_edulis_Brazil_2005B
Blande_Viana_Passiflora_edulis_Brazil_2005,117,-9.306396433,-40.27512246,Passiflora edulis,Brazil,0,NA,0,0,980.5644836,557669.9199,1287065.411,3432.033226,1065827.839,0,0,0,3530.010635,203804.0324,3122309.811,B,Blande_Viana_Passiflora_edulis_Brazil_2005B
Blande_Viana_Passiflora_edulis_Brazil_2005,129,-9.296269135,-40.25964631,Passiflora edulis,Brazil,0,NA,0,0,196.1188736,1379984.439,782659.5443,13924.57315,535301.028,1477.807788,0,0,5181.437576,403581.4031,3122306.352,B,Blande_Viana_Passiflora_edulis_Brazil_2005B
Blande_Viana_Passiflora_edulis_Brazil_2005,149,-9.274347948,-40.28036812,Passiflora edulis,Brazil,0,NA,0,0,45609.0757,749525.3826,1059893.395,20283.29943,728846.9741,0,0,0,5518.655877,512623.2668,3122300.05,B,Blande_Viana_Passiflora_edulis_Brazil_2005B
Blande_Viana_Passiflora_edulis_Brazil_2005,163,-9.263619526,-40.29145257,Passiflora edulis,Brazil,0,NA,0,0,93215.28356,879871.1017,1000170.145,55999.06821,697684.8707,980.6777191,0,0,5577.710308,388805.6704,3122304.527,B,Blande_Viana_Passiflora_edulis_Brazil_2005B
Blande_Viana_Passiflora_edulis_Brazil_2005,176,-9.309216749,-40.26015694,Passiflora edulis,Brazil,0,NA,0,0,294.1678925,1003353.354,1172084.807,5547.726629,548331.1067,196.1176147,0,0,5196.998161,387306.0146,3122310.292,B,Blande_Viana_Passiflora_edulis_Brazil_2005B
Blande_Viana_Passiflora_edulis_Brazil_2005,185,-9.320502552,-40.26517734,Passiflora edulis,Brazil,0,NA,0,0,6524.195438,1012510.988,1213075.831,33381.40885,597537.2438,4436.994871,0,0,16963.11623,237882.2466,3122312.025,B,Blande_Viana_Passiflora_edulis_Brazil_2005B
Blande_Viana_Passiflora_edulis_Brazil_2005,229,-9.346102522,-40.28292373,Passiflora edulis,Brazil,0,NA,0,0,14412.61371,879112.5731,1505682.724,13480.8613,486197.6754,392.1856689,0,0,3725.743217,219286.9818,3122291.358,B,Blande_Viana_Passiflora_edulis_Brazil_2005B
Blande_Viana_Passiflora_edulis_Brazil_2005,240,-9.334453682,-40.24782893,Passiflora edulis,Brazil,0,NA,0,0,73733.19485,1129148.681,1114419.702,45028.03164,469001.8786,12746.45583,0,0,4020.056183,274212.7471,3122310.748,B,Blande_Viana_Passiflora_edulis_Brazil_2005B
Breno_M_Freitas_Anacardium_occidentale_Brazil_2011,CA1,-4.103783404,-38.38814887,Anacardium occidentale,Brazil,0,NA,0,0,5548.620529,621614.3305,1114342.083,396.3293152,1345320.492,0,0,0,0,33943.89534,3121165.751,A,Breno_M_Freitas_Anacardium_occidentale_Brazil_2011A
Breno_M_Freitas_Anacardium_occidentale_Brazil_2011,CA2,-4.110360819,-38.38910064,Anacardium occidentale,Brazil,0,NA,0,0,29226.08358,649986.3499,999157.3145,594.492012,1371767.124,99.08139801,0,0,0,70502.21078,3121332.656,A,Breno_M_Freitas_Anacardium_occidentale_Brazil_2011A
Breno_M_Freitas_Anacardium_occidentale_Brazil_2011,CA3,-4.113850625,-38.38992774,Anacardium occidentale,Brazil,0,NA,0,0,23482.38494,527099.2239,1027351.047,594.492012,1456094.345,13276.84992,0,0,0,73434.60327,3121332.946,A,Breno_M_Freitas_Anacardium_occidentale_Brazil_2011A
Breno_M_Freitas_Anacardium_occidentale_Brazil_2011,CA4,-4.090726266,-38.4127436,Anacardium occidentale,Brazil,0,NA,0,0,21104.4728,864432.4752,1209239.816,2278.941452,1016077.506,0,0,0,1012.998268,7183.370935,3121329.581,A,Breno_M_Freitas_Anacardium_occidentale_Brazil_2011A
Breno_M_Freitas_Anacardium_occidentale_Brazil_2011,CA5,-4.096861435,-38.41263012,Anacardium occidentale,Brazil,0,NA,0,0,21371.78923,567483.1963,1326602.024,1189.00956,1189547.579,0,0,0,676.8715013,14458.36153,3121328.831,A,Breno_M_Freitas_Anacardium_occidentale_Brazil_2011A
Breno_M_Freitas_Anacardium_occidentale_Brazil_2011,CA6,-4.10094201,-38.39177721,Anacardium occidentale,Brazil,0,NA,0,0,5658.195068,693612.5155,1081847.139,1981.654655,1333539.446,1283.024202,0,0,0,3412.333846,3121334.309,A,Breno_M_Freitas_Anacardium_occidentale_Brazil_2011A
Breno_M_Freitas_Anacardium_occidentale_Brazil_2011,CA7,-4.111863342,-38.39255005,Anacardium occidentale,Brazil,0,NA,0,0,32201.65672,573219.4802,837795.9309,594.492012,1594593.46,13177.76852,0,0,0,69753.46622,3121336.255,A,Breno_M_Freitas_Anacardium_occidentale_Brazil_2011A
Breno_M_Freitas_Anacardium_occidentale_Brazil_2011,CA8,-4.095605725,-38.41499593,Anacardium occidentale,Brazil,0,NA,0,0,26503.55793,699980.734,1123337.965,1288.09407,1262292.308,0,0,0,0,7926.672444,3121329.332,A,Breno_M_Freitas_Anacardium_occidentale_Brazil_2011A
Breno_M_Freitas_Anacardium_occidentale_Brazil_2011,CA9,-4.100592416,-38.4304521,Anacardium occidentale,Brazil,0,NA,0,0,132110.5049,357987.9428,1469015.307,62223.73769,938090.2985,112756.0185,0,0,14168.83382,34978.71442,3121331.357,A,Breno_M_Freitas_Anacardium_occidentale_Brazil_2011A
Breno_M_Freitas_Anacardium_occidentale_Brazil_2011,CA10,-4.103558131,-38.43214734,Anacardium occidentale,Brazil,0,NA,0,0,104327.66,630621.5214,1459323.7,63908.1291,705424.2659,112756.0185,0,0,14168.83382,30657.45228,3121187.581,A,Breno_M_Freitas_Anacardium_occidentale_Brazil_2011A
Breno_M_Freitas_Anacardium_occidentale_Brazil_2012,CA1,-4.103783404,-38.38814887,Anacardium occidentale,Brazil,261.2,NA,0,0,5548.620529,621614.3305,1114342.083,396.3293152,1345320.492,0,0,0,0,33943.89534,3121165.751,A,Breno_M_Freitas_Anacardium_occidentale_Brazil_2012A
Breno_M_Freitas_Anacardium_occidentale_Brazil_2012,CA2,-4.110360819,-38.38910064,Anacardium occidentale,Brazil,345.9,NA,0,0,29226.08358,649986.3499,999157.3145,594.492012,1371767.124,99.08139801,0,0,0,70502.21078,3121332.656,A,Breno_M_Freitas_Anacardium_occidentale_Brazil_2012A
Breno_M_Freitas_Anacardium_occidentale_Brazil_2012,CA3,-4.113850625,-38.38992774,Anacardium occidentale,Brazil,315.1,NA,0,0,23482.38494,527099.2239,1027351.047,594.492012,1456094.345,13276.84992,0,0,0,73434.60327,3121332.946,A,Breno_M_Freitas_Anacardium_occidentale_Brazil_2012A
Breno_M_Freitas_Anacardium_occidentale_Brazil_2012,CA4,-4.090726266,-38.4127436,Anacardium occidentale,Brazil,364.9,NA,0,0,21104.4728,864432.4752,1209239.816,2278.941452,1016077.506,0,0,0,1012.998268,7183.370935,3121329.581,A,Breno_M_Freitas_Anacardium_occidentale_Brazil_2012A
Breno_M_Freitas_Anacardium_occidentale_Brazil_2012,CA5,-4.096861435,-38.41263012,Anacardium occidentale,Brazil,291.6,NA,0,0,21371.78923,567483.1963,1326602.024,1189.00956,1189547.579,0,0,0,676.8715013,14458.36153,3121328.831,A,Breno_M_Freitas_Anacardium_occidentale_Brazil_2012A
Breno_M_Freitas_Anacardium_occidentale_Brazil_2012,CA6,-4.10094201,-38.39177721,Anacardium occidentale,Brazil,167.2,NA,0,0,5658.195068,693612.5155,1081847.139,1981.654655,1333539.446,1283.024202,0,0,0,3412.333846,3121334.309,A,Breno_M_Freitas_Anacardium_occidentale_Brazil_2012A
Breno_M_Freitas_Anacardium_occidentale_Brazil_2012,CA7,-4.111863342,-38.39255005,Anacardium occidentale,Brazil,159.2,NA,0,0,32201.65672,573219.4802,837795.9309,594.492012,1594593.46,13177.76852,0,0,0,69753.46622,3121336.255,A,Breno_M_Freitas_Anacardium_occidentale_Brazil_2012A
Breno_M_Freitas_Anacardium_occidentale_Brazil_2012,CA8,-4.095605725,-38.41499593,Anacardium occidentale,Brazil,369,NA,0,0,26503.55793,699980.734,1123337.965,1288.09407,1262292.308,0,0,0,0,7926.672444,3121329.332,A,Breno_M_Freitas_Anacardium_occidentale_Brazil_2012A
Breno_M_Freitas_Anacardium_occidentale_Brazil_2012,CA9,-4.100592416,-38.4304521,Anacardium occidentale,Brazil,694.3,NA,0,0,132110.5049,357987.9428,1469015.307,62223.73769,938090.2985,112756.0185,0,0,14168.83382,34978.71442,3121331.357,A,Breno_M_Freitas_Anacardium_occidentale_Brazil_2012A
Breno_M_Freitas_Anacardium_occidentale_Brazil_2012,CA10,-4.103558131,-38.43214734,Anacardium occidentale,Brazil,793.8,NA,0,0,104327.66,630621.5214,1459323.7,63908.1291,705424.2659,112756.0185,0,0,14168.83382,30657.45228,3121187.581,A,Breno_M_Freitas_Anacardium_occidentale_Brazil_2012A
Breno_M_Freitas_Annona_squamosa_Brazil_2013,SA1,-4.904537817,-37.9987783,Annona squamosa,Brazil,10.25,NA,0,0,56103.0323,605067.6703,2061001.844,3724.606571,0,0,0,0,0,395509.2822,3121406.435,A,Breno_M_Freitas_Annona_squamosa_Brazil_2013A
Breno_M_Freitas_Bixa_orellana_Brazil_2007,AN1,-3.910853956,-38.84948526,Bixa orellana,Brazil,65,NA,0,0,82346.89139,703382.6928,1819775.223,8874.054286,267473.2506,19920.24148,0,0,11000.73135,208536.9032,3121309.989,A,Breno_M_Freitas_Bixa_orellana_Brazil_2007A
Breno_M_Freitas_Bixa_orellana_Brazil_2007,AN2,-3.640758009,-38.84836385,Bixa orellana,Brazil,67.32,NA,0,0,230714.5593,451502.3433,984882.6793,378940.7196,992764.5853,29344.23785,0,0,15167.76897,37572.29544,3120889.189,A,Breno_M_Freitas_Bixa_orellana_Brazil_2007A
Breno_M_Freitas_Bixa_orellana_Brazil_2007,AN3,-3.641814492,-38.84720026,Bixa orellana,Brazil,65.31,NA,0,0,149559.4887,505021.4175,970025.0655,330890.6176,1095953.344,19213.28153,0,0,15142.8877,35470.23024,3121276.333,A,Breno_M_Freitas_Bixa_orellana_Brazil_2007A
Breno_M_Freitas_Bixa_orellana_Brazil_2007,AN4,-3.642650251,-38.84617357,Bixa orellana,Brazil,55,NA,0,0,60095.20033,576345.3175,952880.1811,275258.4727,1191668.474,17646.15068,0,0,13085.90722,34300.81252,3121280.517,A,Breno_M_Freitas_Bixa_orellana_Brazil_2007A
Breno_M_Freitas_Bixa_orellana_Brazil_2007,AN5,-3.642817236,-38.84395657,Bixa orellana,Brazil,83.32,NA,0,0,0,566478.4766,824660.6107,215988.3533,1455665.299,18671.6888,0,0,13085.90722,26677.12595,3121227.461,A,Breno_M_Freitas_Bixa_orellana_Brazil_2007A
Breno_M_Freitas_Bixa_orellana_Brazil_2007,AN6,-3.642211276,-38.84501203,Bixa orellana,Brazil,67.8,NA,0,0,24118.32807,555611.6362,902422.7148,226650.2554,1352524.24,17646.15068,0,0,13085.90722,29215.37251,3121274.605,A,Breno_M_Freitas_Bixa_orellana_Brazil_2007A
Breno_M_Freitas_Gossypium_hirsutum_Brazil_2011,CO1,-4.718157195,-39.18909996,Gossypium hirsutum,Brazil,99.91,NA,0,0,1761.478447,2650290.228,389540.0019,0,72568.95126,0,0,0,0,7184.471677,3121345.131,A,Breno_M_Freitas_Gossypium_hirsutum_Brazil_2011A
Breno_M_Freitas_Gossypium_hirsutum_Brazil_2011,CO2,-4.719499657,-39.19261157,Gossypium hirsutum,Brazil,99.87,NA,0,0,1683.051697,2682677.574,362216.8858,0,72370.94551,0,0,0,0,2464.953811,3121413.411,A,Breno_M_Freitas_Gossypium_hirsutum_Brazil_2011A
Breno_M_Freitas_Malpighia_emarginata_Brazil_2011,AC1,-3.868512047,-41.09504459,Malpighia emarginata,Brazil,35.81,NA,0,0,17612.94993,1676594.222,1318498.773,3369.756439,10307.45196,0,0,0,0,94918.98215,3121302.135,A,Breno_M_Freitas_Malpighia_emarginata_Brazil_2011A
Breno_M_Freitas_Malpighia_emarginata_Brazil_2011,AC2,-3.86857709,-41.09105004,Malpighia emarginata,Brazil,73.82,NA,0,0,7123.169311,1687936.426,1343014.459,1258.508714,4658.158974,0,0,0,0,77309.61856,3121300.341,A,Breno_M_Freitas_Malpighia_emarginata_Brazil_2011A
Breno_M_Freitas_Malpighia_emarginata_Brazil_2011,AC3,-3.875552326,-41.09425359,Malpighia emarginata,Brazil,58.5,NA,0,0,495.5482712,1585984.682,1480286.508,1982.185005,6343.005348,0,0,0,0,46212.14399,3121304.072,A,Breno_M_Freitas_Malpighia_emarginata_Brazil_2011A
Breno_M_Freitas_Malpighia_emarginata_Brazil_2011,AC4,-3.874972321,-41.08970925,Malpighia emarginata,Brazil,87.32,NA,0,0,1023.355419,1702253.248,1346002.603,1783.964478,6343.005348,0,0,0,0,63899.97898,3121306.155,A,Breno_M_Freitas_Malpighia_emarginata_Brazil_2011A
Breno_M_Freitas_Malpighia_emarginata_Brazil_2011,AC5,-3.883478128,-41.10272801,Malpighia emarginata,Brazil,68.5,NA,0,0,0,1444008.677,1242903.516,12586.86559,30.7043265,0,0,0,0,421771.8405,3121301.604,A,Breno_M_Freitas_Malpighia_emarginata_Brazil_2011A
Breno_M_Freitas_Malpighia_emarginata_Brazil_2011,AC6,-3.88320954,-41.09732119,Malpighia emarginata,Brazil,49.81,NA,0,0,0,1808046.246,1293634.473,1783.964478,1883.068748,0,0,0,0,15956.38546,3121304.138,A,Breno_M_Freitas_Malpighia_emarginata_Brazil_2011A
Breno_M_Freitas_Malpighia_emarginata_Brazil_2011,AC7,-3.891344228,-41.10177086,Malpighia emarginata,Brazil,64.82,NA,0,0,0,1410990.64,1220572.893,891.9720306,0,0,0,0,0,488844.1851,3121299.69,A,Breno_M_Freitas_Malpighia_emarginata_Brazil_2011A
Breno_M_Freitas_Malpighia_emarginata_Brazil_2011,AC8,-3.893182216,-41.09598754,Malpighia emarginata,Brazil,69.34,NA,0,0,0,1946666.561,1149660.309,0,8827.141148,0,0,0,0,16154.59692,3121308.608,A,Breno_M_Freitas_Malpighia_emarginata_Brazil_2011A
Bryony_Willcox_Macadamia_integrifolia_Australia_2016,mac_3,-24.7542,152.261,Macadamia integrifolia,Australia,5.54,NA,0,0,21662.50029,0,1045003.585,2531.691002,1502898.462,1376.516952,0,0,5656.309906,549449.6119,3128578.677,C,Bryony_Willcox_Macadamia_integrifolia_Australia_2016C
Bryony_Willcox_Macadamia_integrifolia_Australia_2016,mac_5,-24.9836,152.39,Macadamia integrifolia,Australia,6.27,NA,0,0,26798.82138,0,500427.9261,14068.99947,2275382.308,11823.48312,0,0,2436.891609,298562.4516,3129500.881,C,Bryony_Willcox_Macadamia_integrifolia_Australia_2016C
Bryony_Willcox_Mangifera_indica_Australia_2016,mango2,-16.98266111,145.4638417,Mangifera indica,Australia,0,NA,8.627521819,0,54218.18615,987045.149,832937.935,285.3264008,715990.771,0,0,0,0,534625.4911,3125102.859,A,Bryony_Willcox_Mangifera_indica_Australia_2016A
Bryony_Willcox_Mangifera_indica_Australia_2016,mango3,-16.9115,145.4241472,Mangifera indica,Australia,1.05094031,NA,7.189508723,0,136206.3582,741796.0937,778153.7281,356.7064869,656008.3553,0,0,0,0,812548.2806,3125069.522,A,Bryony_Willcox_Mangifera_indica_Australia_2016A
Bryony_Willcox_Mangifera_indica_Australia_2016,mango4,-16.90098333,145.4300806,Mangifera indica,Australia,3.097551127,NA,6.004738621,0,63599.7944,1478984.604,481335.089,1332.117912,659926.599,3044.849541,0,0,0,436840.8436,3125063.897,A,Bryony_Willcox_Mangifera_indica_Australia_2016A
Bryony_Willcox_Mangifera_indica_Australia_2016,mango5,-17.01975278,145.3408472,Mangifera indica,Australia,6.984661498,NA,8.753845703,0,59541.70536,565410.4668,1850317.381,12093.64891,420995.3089,1426.386795,0,0,0,215332.1435,3125117.041,C,Bryony_Willcox_Mangifera_indica_Australia_2016C
Bryony_Willcox_Mangifera_indica_Australia_2016,mango6,-16.99886667,145.3672361,Mangifera indica,Australia,2.29207092,NA,11.96040978,0,37291.94221,755715.0116,906149.5157,1476.493521,707859.0562,0,0,0,0,716549.9142,3125041.933,A,Bryony_Willcox_Mangifera_indica_Australia_2016A
Bryony_Willcox_Mangifera_indica_Australia_2016,mango7,-17.19234444,145.4690472,Mangifera indica,Australia,0,NA,1.463632324,0,37406.03505,354260.8954,897789.8298,1045.046486,1046148.277,0,0,0,0,788566.1983,3125216.282,C,Bryony_Willcox_Mangifera_indica_Australia_2016C
Bryony_Willcox_Mangifera_indica_Australia_2016,mango8,-17.01152778,145.453925,Mangifera indica,Australia,1.746631228,NA,10.96412878,0,66624.41245,871196.5649,774372.9771,1046.05378,1033068.257,0,0,0,0,378811.7746,3125120.04,C,Bryony_Willcox_Mangifera_indica_Australia_2016C
Bryony_Willcox_Mangifera_indica_Australia_2016,mango9,-17.033075,145.2985306,Mangifera indica,Australia,1.645111091,NA,8.295209569,0,29406.64095,323448.576,919446.6576,9032.760498,1678975.099,8367.188919,0,0,1140.980072,155319.5628,3125137.466,C,Bryony_Willcox_Mangifera_indica_Australia_2016C
Bryony_Willcox_Mangifera_indica_Australia_2016,mango10,-16.99231389,145.3496889,Mangifera indica,Australia,4.575503671,NA,8.232043403,0,31604.89906,780429.1446,1009308.266,3899.36113,501825.2636,0,0,0,0,798053.9272,3125120.861,A,Bryony_Willcox_Mangifera_indica_Australia_2016A
Bryony_Willcox_Mangifera_indica_Australia_2016_2,man_1,-25.1443,152.377,Mangifera indica,Australia,35.5,NA,0,0,62257.14122,0,1126513.666,12765.04684,1858847.959,22720.07778,0,0,270.4169846,46248.00743,3129622.316,C,Bryony_Willcox_Mangifera_indica_Australia_2016_2C
Bryony_Willcox_Mangifera_indica_Australia_2016_2,man_2,-25.1372,152.372,Mangifera indica,Australia,99.3,NA,0,0,13645.4829,0,1077105.407,6144.231135,1955025.829,33066.17646,0,0,7932.659569,36687.85219,3129607.639,C,Bryony_Willcox_Mangifera_indica_Australia_2016_2C
Bryony_Willcox_Mangifera_indica_Australia_2017,man_1,-25.1443,152.377,Mangifera indica,Australia,79.6,NA,0,0,62257.14122,0,1126513.666,12765.04684,1858847.959,22720.07778,0,0,270.4169846,46248.00743,3129622.316,C,Bryony_Willcox_Mangifera_indica_Australia_2017C
Bryony_Willcox_Mangifera_indica_Australia_2017,man_2,-25.1372,152.372,Mangifera indica,Australia,85.1,NA,0,0,13645.4829,0,1077105.407,6144.231135,1955025.829,33066.17646,0,0,7932.659569,36687.85219,3129607.639,C,Bryony_Willcox_Mangifera_indica_Australia_2017C
Bryony_Willcox_Persea_americana_Australia_2015,avo_1,-25.1581,152.351,Persea americana,Australia,101.86,NA,0,0,7930.964722,0,640321.208,360.497963,1955698.263,57981.54513,0,0,90.12997437,467208.1105,3129590.719,C,Bryony_Willcox_Persea_americana_Australia_2015C
Bryony_Willcox_Persea_americana_Australia_2015,avo_10,-34.072,140.837,Persea americana,Australia,7.48,NA,0,0,247.8774261,82.62497711,270729.5419,743.6694946,2857276.111,0,0,0,0,6917.343891,3135997.169,B,Bryony_Willcox_Persea_americana_Australia_2015B
Bryony_Willcox_Persea_americana_Australia_2015,avo_11,-34.1258,140.664,Persea americana,Australia,95.83,NA,0,0,0,51112.39931,650136.5689,6523.533333,2424454.1,0,0,0,0,3303.216934,3135529.818,B,Bryony_Willcox_Persea_americana_Australia_2015B
Bryony_Willcox_Persea_americana_Australia_2015,avo_12,-34.0694,140.817,Persea americana,Australia,29.93,NA,0,0,23212.10221,110946.1382,711114.728,14432.91291,1839193.614,297332.1802,0,0,2617.415409,136994.0061,3135843.097,B,Bryony_Willcox_Persea_americana_Australia_2015B
Bryony_Willcox_Persea_americana_Australia_2015,avo_2,-25.1411,152.362,Persea americana,Australia,74.95,NA,0,0,0,0,650245.4468,1892.882751,2313234.803,125524.7066,0,0,5859.232155,32863.51263,3129620.584,C,Bryony_Willcox_Persea_americana_Australia_2015C
Bryony_Willcox_Persea_americana_Australia_2015,avo_3,-25.1294,152.38,Persea americana,Australia,53.7,NA,0,0,9783.958309,0,551442.8911,28667.4414,2456668.741,45877.53874,0,0,14423.27824,22756.13929,3129619.988,C,Bryony_Willcox_Persea_americana_Australia_2015C
Bryony_Willcox_Persea_americana_Australia_2015,avo_5,-25.1231,152.123,Persea americana,Australia,80.9,NA,0,0,12967.90021,0,325547.9946,17218.52408,1748140.203,39492.60011,0,0,0,986148.3122,3129515.534,C,Bryony_Willcox_Persea_americana_Australia_2015C
Bryony_Willcox_Persea_americana_Australia_2015,avo_6,-25.114,152.152,Persea americana,Australia,105.95,NA,0,0,3155.621719,0,370603.9987,4702.437475,2665479.603,26534.99159,0,0,0,59121.85589,3129598.509,C,Bryony_Willcox_Persea_americana_Australia_2015C
Bryony_Willcox_Persea_americana_Australia_2015,avo_7,-25.1666,152.247,Persea americana,Australia,33.8,NA,0,0,5677.380768,0,987297.1281,6218.360199,851896.398,0,0,0,0,1278399.847,3129489.115,C,Bryony_Willcox_Persea_americana_Australia_2015C
Bryony_Willcox_Persea_americana_Australia_2015,avo_8,-34.1432,140.671,Persea americana,Australia,17.31,NA,0,0,4045.407257,220826.4764,605834.3274,2806.928596,2207349.013,0,0,0,0,95188.91778,3136051.071,B,Bryony_Willcox_Persea_americana_Australia_2015B
Bryony_Willcox_Persea_americana_Australia_2015,avo_9,-34.1422,140.702,Persea americana,Australia,45.94,NA,0,0,61214.76592,66213.56827,436192.9388,6934.91745,2545609.859,0,0,0,908.2050705,18823.48703,3135897.742,B,Bryony_Willcox_Persea_americana_Australia_2015B
Bryony_Willcox_Persea_americana_Australia_2016,avo_1,-25.1581,152.351,Persea americana,Australia,20.88,NA,0,0,7930.964722,0,640321.208,360.497963,1955698.263,57981.54513,0,0,90.12997437,467208.1105,3129590.719,C,Bryony_Willcox_Persea_americana_Australia_2016C
Bryony_Willcox_Persea_americana_Australia_2016,avo_2,-25.1411,152.362,Persea americana,Australia,23.55,NA,0,0,0,0,650245.4468,1892.882751,2313234.803,125524.7066,0,0,5859.232155,32863.51263,3129620.584,C,Bryony_Willcox_Persea_americana_Australia_2016C
Bryony_Willcox_Persea_americana_Australia_2016,avo_3,-25.1294,152.38,Persea americana,Australia,55.75,NA,0,0,9783.958309,0,551442.8911,28667.4414,2456668.741,45877.53874,0,0,14423.27824,22756.13929,3129619.988,C,Bryony_Willcox_Persea_americana_Australia_2016C
Bryony_Willcox_Persea_americana_Australia_2016,avo_5,-25.1231,152.123,Persea americana,Australia,8.19,NA,0,0,12967.90021,0,325547.9946,17218.52408,1748140.203,39492.60011,0,0,0,986148.3122,3129515.534,C,Bryony_Willcox_Persea_americana_Australia_2016C
Bryony_Willcox_Persea_americana_Australia_2016,avo_6,-25.114,152.152,Persea americana,Australia,93.7,NA,0,0,3155.621719,0,370603.9987,4702.437475,2665479.603,26534.99159,0,0,0,59121.85589,3129598.509,C,Bryony_Willcox_Persea_americana_Australia_2016C
Bryony_Willcox_Persea_americana_Australia_2017,avo_1,-25.1581,152.351,Persea americana,Australia,73.1,NA,0,0,7930.964722,0,640321.208,360.497963,1955698.263,57981.54513,0,0,90.12997437,467208.1105,3129590.719,C,Bryony_Willcox_Persea_americana_Australia_2017C
Bryony_Willcox_Persea_americana_Australia_2017,avo_2,-25.1411,152.362,Persea americana,Australia,72.42,NA,0,0,0,0,650245.4468,1892.882751,2313234.803,125524.7066,0,0,5859.232155,32863.51263,3129620.584,C,Bryony_Willcox_Persea_americana_Australia_2017C
Bryony_Willcox_Persea_americana_Australia_2017,avo_3,-25.1294,152.38,Persea americana,Australia,49.1,NA,0,0,9783.958309,0,551442.8911,28667.4414,2456668.741,45877.53874,0,0,14423.27824,22756.13929,3129619.988,C,Bryony_Willcox_Persea_americana_Australia_2017C
Bryony_Willcox_Persea_americana_Australia_2017,avo_5,-25.1231,152.123,Persea americana,Australia,48,NA,0,0,12967.90021,0,325547.9946,17218.52408,1748140.203,39492.60011,0,0,0,986148.3122,3129515.534,C,Bryony_Willcox_Persea_americana_Australia_2017C
Bryony_Willcox_Persea_americana_Australia_2017,avo_6,-25.114,152.152,Persea americana,Australia,92,NA,0,0,3155.621719,0,370603.9987,4702.437475,2665479.603,26534.99159,0,0,0,59121.85589,3129598.509,C,Bryony_Willcox_Persea_americana_Australia_2017C
Carlos_H_Vergara_Coffea_arabica_Mexico_2004,MIR1,19.2110667,-96.8997333,Coffea arabica,Mexico,50.25,37,0,0,19378.15036,93.93812561,7139.196846,375.7503815,3099192.396,0,0,0,0,0,3126179.432,A,Carlos_H_Vergara_Coffea_arabica_Mexico_2004A
Carlos_H_Vergara_Coffea_arabica_Mexico_2004,MIR2,19.2135333,-96.8995167,Coffea arabica,Mexico,61.75,46.25,0,0,8671.716947,93.93812561,6575.560448,375.7503815,3110465.612,0,0,0,0,0,3126182.578,A,Carlos_H_Vergara_Coffea_arabica_Mexico_2004A
Carlos_H_Vergara_Coffea_arabica_Mexico_2004,MIR3,19.2098833,-96.8965,Coffea arabica,Mexico,36,25,0,0,24951.53525,93.93812561,7139.196846,375.7503815,3093621.784,0,0,0,0,0,3126182.205,A,Carlos_H_Vergara_Coffea_arabica_Mexico_2004A
Carlos_H_Vergara_Coffea_arabica_Mexico_2004,MIR4,19.2101167,-96.8876667,Coffea arabica,Mexico,33.25,28.5,0,0,21283.8387,27790.78012,59324.77979,0,3017788.818,0,0,0,0,0,3126188.217,A,Carlos_H_Vergara_Coffea_arabica_Mexico_2004A
Carlos_H_Vergara_Coffea_arabica_Mexico_2004,ORD1,19.2055833,-96.8977333,Coffea arabica,Mexico,14,7.5,0,0,28891.05313,3663.682785,11845.50758,375.7503815,3081397.557,0,0,0,0,0,3126173.551,A,Carlos_H_Vergara_Coffea_arabica_Mexico_2004A
Carlos_H_Vergara_Coffea_arabica_Mexico_2004,ORD2,19.20565,-96.89855,Coffea arabica,Mexico,16.5,10.5,0,0,29684.55328,3663.682785,7287.743598,469.6889038,3085078.797,0,0,0,0,0,3126184.466,A,Carlos_H_Vergara_Coffea_arabica_Mexico_2004A
Carlos_H_Vergara_Coffea_arabica_Mexico_2004,ORD3,19.2070167,-96.8843,Coffea arabica,Mexico,14.5,9,0,0,22609.08018,34098.97397,94298.64171,939.4091797,2974243.253,0,0,0,0,0,3126189.358,A,Carlos_H_Vergara_Coffea_arabica_Mexico_2004A
Carlos_H_Vergara_Coffea_arabica_Mexico_2004,ORD4,19.2063,-96.8850667,Coffea arabica,Mexico,11.33064516,7.410394265,0,0,18202.45342,34098.97397,93561.1361,939.4091797,2979384.865,0,0,0,0,0,3126186.838,A,Carlos_H_Vergara_Coffea_arabica_Mexico_2004A
Carlos_H_Vergara_Coffea_arabica_Mexico_2004,SOL1,19.3756833,-96.98785,Coffea arabica,Mexico,29,21,0,0,28895.87751,14827.38477,135267.4947,1783.006615,2945469.784,0,0,0,0,0,3126243.548,A,Carlos_H_Vergara_Coffea_arabica_Mexico_2004A
Carlos_H_Vergara_Coffea_arabica_Mexico_2004,SOL2,19.4815667,-96.991,Coffea arabica,Mexico,18.5,13.5,0,0,0,1594.287422,31136.0864,0,3093542.922,0,0,0,0,0,3126273.296,A,Carlos_H_Vergara_Coffea_arabica_Mexico_2004A
Carlos_H_Vergara_Coffea_arabica_Mexico_2004,SOL3,19.3808,-96.989,Coffea arabica,Mexico,22,17.5,0,0,70419.54258,13199.99986,178723.7864,1970.682838,2861951.766,0,0,0,0,0,3126265.778,A,Carlos_H_Vergara_Coffea_arabica_Mexico_2004A
Carlos_H_Vergara_Coffea_arabica_Mexico_2004,SOL4,19.38185,-96.9887833,Coffea arabica,Mexico,33,19.5,0,0,80530.78,3284.463593,128951.9462,1970.682838,2911527.04,0,0,0,0,0,3126264.913,A,Carlos_H_Vergara_Coffea_arabica_Mexico_2004A
Carlos_H_Vergara_Coffea_arabica_Mexico_2004,VSE1,19.4726667,-96.9256333,Coffea arabica,Mexico,10.25,7,0,0,56887.49401,11161.02764,187222.2563,18065.18062,2614401.047,0,0,0,0,238574.4955,3126311.501,A,Carlos_H_Vergara_Coffea_arabica_Mexico_2004A
Carlos_H_Vergara_Coffea_arabica_Mexico_2004,VSE2,19.4724667,-96.9286167,Coffea arabica,Mexico,30.25,27,0,0,20062.77537,5885.194621,207414.0923,36858.31257,2642068.336,0,0,0,0,214021.7876,3126310.498,A,Carlos_H_Vergara_Coffea_arabica_Mexico_2004A
Carlos_H_Vergara_Coffea_arabica_Mexico_2004,VSE3,19.4715833,-96.92925,Coffea arabica,Mexico,34.5,19.25,0,0,19552.38307,3421.671065,169730.7241,36858.31257,2704449.472,0,0,0,0,192300.9549,3126313.518,A,Carlos_H_Vergara_Coffea_arabica_Mexico_2004A
Carlos_H_Vergara_Coffea_arabica_Mexico_2004,VSE4,19.4649667,-96.9343,Coffea arabica,Mexico,13.25,6.5,0,0,100626.3654,15007.15909,139257.9221,7408.218173,2817099.302,0,0,0,0,46910.41375,3126309.381,A,Carlos_H_Vergara_Coffea_arabica_Mexico_2004A
Carlos_Zaragoza_Trello_Vicia_faba_Ecuador_2017,BQ1,-0.976966679,-78.58480072,Vicia faba,Ecuador,0,NA,0,0,254074.3931,29090.41475,1453707.424,2966.24846,559297.4407,0,0,0,0,821775.9202,3120911.841,C,Carlos_Zaragoza_Trello_Vicia_faba_Ecuador_2017C
Carlos_Zaragoza_Trello_Vicia_faba_Ecuador_2017,CUSU1,-1.067016721,-78.69069672,Vicia faba,Ecuador,0,NA,0,0,78787.8114,466825.6568,1034321.827,3873.237564,566994.6894,8044.436981,0,0,0,962234.9033,3121082.562,C,Carlos_Zaragoza_Trello_Vicia_faba_Ecuador_2017C
Carlos_Zaragoza_Trello_Vicia_faba_Ecuador_2017,CUSU2,-1.09193337,-78.72612,Vicia faba,Ecuador,0,NA,0,0,20924.31748,248766.5311,348450.8317,0,526058.4626,3983.43552,0,0,99.31326294,1972440.622,3120723.514,C,Carlos_Zaragoza_Trello_Vicia_faba_Ecuador_2017C
Carlos_Zaragoza_Trello_Vicia_faba_Ecuador_2017,Q1,-0.897866666,-78.78108215,Vicia faba,Ecuador,0,NA,0,0,60066.05854,794.5483704,458672.5097,0,2880.237167,0,0,0,0,2598682.386,3121095.74,C,Carlos_Zaragoza_Trello_Vicia_faba_Ecuador_2017C
Carlos_Zaragoza_Trello_Vicia_faba_Ecuador_2017,Q4,-0.874766648,-78.91621399,Vicia faba,Ecuador,0,NA,0,0,139922.7037,85050.51601,1708581.879,2599.051918,157598.2951,0,0,0,0,1026738.669,3120491.115,C,Carlos_Zaragoza_Trello_Vicia_faba_Ecuador_2017C
Carlos_Zaragoza_Trello_Vicia_faba_Ecuador_2017,Q5,-0.876550019,-78.90896606,Vicia faba,Ecuador,0,NA,0,0,28747.6664,70176.71853,1758551.419,1092.511307,238337.0009,0,0,0,0,1023931.78,3120837.096,C,Carlos_Zaragoza_Trello_Vicia_faba_Ecuador_2017C
Carlos_Zaragoza_Trello_Vicia_faba_Ecuador_2017,BQ2,-0.981949985,-78.55848694,Vicia faba,Ecuador,0,NA,0,0,21434.01743,581528.3239,1941043.045,0,492760.361,0,0,0,0,84337.87109,3121103.618,C,Carlos_Zaragoza_Trello_Vicia_faba_Ecuador_2017C
Carlos_Zaragoza_Trello_Vicia_faba_Ecuador_2017,CUMBI1,-1.053183317,-78.56400299,Vicia faba,Ecuador,0,NA,0,0,183039.2341,127246.6754,1428107.892,4071.883858,572079.342,0,0,0,0,806550.7201,3121095.747,C,Carlos_Zaragoza_Trello_Vicia_faba_Ecuador_2017C
Carlos_Zaragoza_Trello_Vicia_faba_Ecuador_2017,CUMBI3,-1.054816723,-78.51309967,Vicia faba,Ecuador,0,NA,0,0,88776.01217,12813.07197,2137604.279,3376.683739,131423.3392,0,0,0,0,747114.7862,3121108.172,C,Carlos_Zaragoza_Trello_Vicia_faba_Ecuador_2017C
Carlos_Zaragoza_Trello_Vicia_faba_Ecuador_2017,CUMBI4,-1.050833344,-78.50468445,Vicia faba,Ecuador,0,NA,0,0,62712.88174,30598.51776,2258332.676,2780.798729,163971.4003,0,0,0,0,602706.0442,3121102.319,C,Carlos_Zaragoza_Trello_Vicia_faba_Ecuador_2017C
Carlos_Zaragoza_Trello_Vicia_faba_Ecuador_2017,CUMBI5,-1.031783342,-78.47786713,Vicia faba,Ecuador,0,NA,0,0,24729.79915,477892.0416,1041652.618,1092.463165,707742.3145,0,0,0,0,867993.9112,3121103.148,C,Carlos_Zaragoza_Trello_Vicia_faba_Ecuador_2017C
Carlos_Zaragoza_Trello_Vicia_faba_Ecuador_2017,CUMBI6,-1.011600018,-78.45881653,Vicia faba,Ecuador,0,NA,0,0,10626.75421,280821.1911,978804.8855,993.1528244,339797.5535,0,0,0,0,1509692.335,3120735.872,C,Carlos_Zaragoza_Trello_Vicia_faba_Ecuador_2017C
Carlos_Zaragoza_Trello_Vicia_faba_Ecuador_2017,Q2,-0.916649997,-78.82878113,Vicia faba,Ecuador,0,NA,0,0,86347.64888,1489.769699,53807.41754,0,3617.514478,0,0,0,0,2975831.644,3121093.994,C,Carlos_Zaragoza_Trello_Vicia_faba_Ecuador_2017C
Carlos_Zaragoza_Trello_Vicia_faba_Ecuador_2017,Q3,-0.952400029,-78.86955261,Vicia faba,Ecuador,0,NA,0,0,78715.27997,16552.85036,667584.1418,794.5367737,14301.67072,0,0,0,0,2343143.413,3121091.893,C,Carlos_Zaragoza_Trello_Vicia_faba_Ecuador_2017C
Carlos_Zaragoza_Trello_Vicia_faba_Ecuador_2017,CUMBI2,-1.056300044,-78.54244995,Vicia faba,Ecuador,0,NA,0,0,29512.65227,838348.3575,1278357.335,0,451221.1266,0,0,0,0,523661.0231,3121100.494,C,Carlos_Zaragoza_Trello_Vicia_faba_Ecuador_2017C
Charlie_Nicholson_Vaccinium_corymbosum_USA_2013,Nich_VTblu_Site_02,44.4010957,-73.06917341,Vaccinium corymbosum,USA,0,NA,0,0,9000.294975,0,285097.9565,71.43028259,2816705.95,0,0,0,0,33746.09239,3144621.724,D,Charlie_Nicholson_Vaccinium_corymbosum_USA_2013D
Charlie_Nicholson_Vaccinium_corymbosum_USA_2013,Nich_VTblu_Site_03,44.51618959,-72.92789822,Vaccinium corymbosum,USA,0,NA,0,0,17181.71429,0,502464.7506,0,2049957.93,71.29804993,0,0,0,574531.8875,3144207.58,D,Charlie_Nicholson_Vaccinium_corymbosum_USA_2013D
Charlie_Nicholson_Vaccinium_corymbosum_USA_2013,Nich_VTblu_Site_06,44.39176775,-73.09599854,Vaccinium corymbosum,USA,0,NA,0,0,16415.36917,0,1042481.852,0,1528909.444,12663.67938,0,0,7739.01113,536346.1929,3144555.549,D,Charlie_Nicholson_Vaccinium_corymbosum_USA_2013D
Charlie_Nicholson_Vaccinium_corymbosum_USA_2013,Nich_VTblu_Site_07,44.19002312,-72.84628668,Vaccinium corymbosum,USA,0,NA,0,0,94113.02818,0,314961.6068,0,2643095.702,0,0,0,0,91235.02195,3143405.359,D,Charlie_Nicholson_Vaccinium_corymbosum_USA_2013D
Charlie_Nicholson_Vaccinium_corymbosum_USA_2013,Nich_VTblu_Site_08,44.26451445,-73.13420062,Vaccinium corymbosum,USA,0,NA,0,0,13317.76871,0,923824.2931,214.8056641,1776381.061,0,0,0,28458.75608,402017.6059,3144214.291,D,Charlie_Nicholson_Vaccinium_corymbosum_USA_2013D
Charlie_Nicholson_Vaccinium_corymbosum_USA_2013,Nich_VTblu_Site_09,44.10070701,-73.0757324,Vaccinium corymbosum,USA,0,NA,0,0,2153.853905,0,280478.848,11339.47828,2823368.08,0,0,0,0,26205.892,3143546.152,D,Charlie_Nicholson_Vaccinium_corymbosum_USA_2013D
Charlie_Nicholson_Vaccinium_corymbosum_USA_2013,Nich_VTblu_Site_10,44.36884902,-73.01413803,Vaccinium corymbosum,USA,0,NA,0,0,6983.177946,0,361969.4247,0,2724446.835,0,0,0,0,50348.98437,3143748.422,D,Charlie_Nicholson_Vaccinium_corymbosum_USA_2013D
Charlie_Nicholson_Vaccinium_corymbosum_USA_2013,Nich_VTblu_Site_11,44.533144,-73.184739,Vaccinium corymbosum,USA,0,NA,0,0,106828.1046,0,530077.371,2695.439827,2383750.677,0,0,0,0,121042.8325,3144394.425,D,Charlie_Nicholson_Vaccinium_corymbosum_USA_2013D
Charlie_Nicholson_Vaccinium_corymbosum_USA_2013,Nich_VTblu_Site_12,44.47472306,-73.0565948,Vaccinium corymbosum,USA,0,NA,0,0,71459.43115,0,274284.8115,1213.014885,1935940.142,179220.1631,0,0,428.0780792,681484.0419,3144029.682,D,Charlie_Nicholson_Vaccinium_corymbosum_USA_2013D
Charlie_Nicholson_Vaccinium_corymbosum_USA_2013,Nich_VTblu_Site_13,44.29480772,-73.25902735,Vaccinium corymbosum,USA,0,NA,0,0,14454.65027,0,857411.3996,143.1173553,1468980.827,0,0,0,500.9767227,802368.8677,3143859.838,D,Charlie_Nicholson_Vaccinium_corymbosum_USA_2013D
Charlie_Nicholson_Vaccinium_corymbosum_USA_2013,Nich_VTblu_Site_14,44.52766042,-73.20352364,Vaccinium corymbosum,USA,0,NA,0,0,235722.3916,0,473051.6232,27267.38161,1882745.559,0,0,0,13409.99649,512244.6736,3144441.626,D,Charlie_Nicholson_Vaccinium_corymbosum_USA_2013D
Charlie_Nicholson_Vaccinium_corymbosum_USA_2013,Nich_VTblu_Site_15,44.61310315,-73.08665246,Vaccinium corymbosum,USA,0,NA,0,0,8186.641065,0,260356.2154,0,2853945.758,0,0,0,0,21353.40279,3143842.017,D,Charlie_Nicholson_Vaccinium_corymbosum_USA_2013D
Charlie_Nicholson_Vaccinium_corymbosum_USA_2014,Nich_VTblu_Site_01,44.299605,-73.187766,Vaccinium corymbosum,USA,6380.502,NA,0,0,29542.46835,0,1013470.02,1932.115005,1316376.893,143.1153107,0,0,1457.800747,781550.9064,3144473.319,D,Charlie_Nicholson_Vaccinium_corymbosum_USA_2014D
Charlie_Nicholson_Vaccinium_corymbosum_USA_2014,Nich_VTblu_Site_02,44.4010957,-73.06917341,Vaccinium corymbosum,USA,5026.189,NA,0,0,9000.294975,0,285097.9565,71.43028259,2816705.95,0,0,0,0,33746.09239,3144621.724,D,Charlie_Nicholson_Vaccinium_corymbosum_USA_2014D
Charlie_Nicholson_Vaccinium_corymbosum_USA_2014,Nich_VTblu_Site_03,44.51618959,-72.92789822,Vaccinium corymbosum,USA,0,NA,0,0,17181.71429,0,502464.7506,0,2049957.93,71.29804993,0,0,0,574531.8875,3144207.58,D,Charlie_Nicholson_Vaccinium_corymbosum_USA_2014D
Charlie_Nicholson_Vaccinium_corymbosum_USA_2014,Nich_VTblu_Site_04,44.28951,-73.243322,Vaccinium corymbosum,USA,13094.636,NA,0,0,47885.86622,0,958025.7433,0,1858644.691,4437.567284,0,0,286.2895584,275247.5269,3144527.684,D,Charlie_Nicholson_Vaccinium_corymbosum_USA_2014D
Charlie_Nicholson_Vaccinium_corymbosum_USA_2014,Nich_VTblu_Site_06,44.39176775,-73.09599854,Vaccinium corymbosum,USA,20647.178,NA,0,0,16415.36917,0,1042481.852,0,1528909.444,12663.67938,0,0,7739.01113,536346.1929,3144555.549,D,Charlie_Nicholson_Vaccinium_corymbosum_USA_2014D
Charlie_Nicholson_Vaccinium_corymbosum_USA_2014,Nich_VTblu_Site_07,44.19002312,-72.84628668,Vaccinium corymbosum,USA,0,NA,0,0,94113.02818,0,314961.6068,0,2643095.702,0,0,0,0,91235.02195,3143405.359,D,Charlie_Nicholson_Vaccinium_corymbosum_USA_2014D
Charlie_Nicholson_Vaccinium_corymbosum_USA_2014,Nich_VTblu_Site_08,44.26451445,-73.13420062,Vaccinium corymbosum,USA,22099.892,NA,0,0,13317.76871,0,923824.2931,214.8056641,1776381.061,0,0,0,28458.75608,402017.6059,3144214.291,D,Charlie_Nicholson_Vaccinium_corymbosum_USA_2014D
Charlie_Nicholson_Vaccinium_corymbosum_USA_2014,Nich_VTblu_Site_09,44.10070701,-73.0757324,Vaccinium corymbosum,USA,0,NA,0,0,2153.853905,0,280478.848,11339.47828,2823368.08,0,0,0,0,26205.892,3143546.152,D,Charlie_Nicholson_Vaccinium_corymbosum_USA_2014D
Charlie_Nicholson_Vaccinium_corymbosum_USA_2014,Nich_VTblu_Site_10,44.36884902,-73.01413803,Vaccinium corymbosum,USA,10121.361,NA,0,0,6983.177946,0,361969.4247,0,2724446.835,0,0,0,0,50348.98437,3143748.422,D,Charlie_Nicholson_Vaccinium_corymbosum_USA_2014D
Charlie_Nicholson_Vaccinium_corymbosum_USA_2014,Nich_VTblu_Site_11,44.533144,-73.184739,Vaccinium corymbosum,USA,6211.155,NA,0,0,106828.1046,0,530077.371,2695.439827,2383750.677,0,0,0,0,121042.8325,3144394.425,D,Charlie_Nicholson_Vaccinium_corymbosum_USA_2014D
Charlie_Nicholson_Vaccinium_corymbosum_USA_2014,Nich_VTblu_Site_12,44.47472306,-73.0565948,Vaccinium corymbosum,USA,8969.962011,NA,0,0,71459.43115,0,274284.8115,1213.014885,1935940.142,179220.1631,0,0,428.0780792,681484.0419,3144029.682,D,Charlie_Nicholson_Vaccinium_corymbosum_USA_2014D
Charlie_Nicholson_Vaccinium_corymbosum_USA_2014,Nich_VTblu_Site_13,44.29480772,-73.25902735,Vaccinium corymbosum,USA,45041.714,NA,0,0,14454.65027,0,857411.3996,143.1173553,1468980.827,0,0,0,500.9767227,802368.8677,3143859.838,D,Charlie_Nicholson_Vaccinium_corymbosum_USA_2014D
Charlie_Nicholson_Vaccinium_corymbosum_USA_2014,Nich_VTblu_Site_14,44.52766042,-73.20352364,Vaccinium corymbosum,USA,0,NA,0,0,235722.3916,0,473051.6232,27267.38161,1882745.559,0,0,0,13409.99649,512244.6736,3144441.626,D,Charlie_Nicholson_Vaccinium_corymbosum_USA_2014D
Charlie_Nicholson_Vaccinium_corymbosum_USA_2015,Nich_VTblu_Site_01,44.299605,-73.187766,Vaccinium corymbosum,USA,12207.529,NA,0,0,29542.46835,0,1013470.02,1932.115005,1316376.893,143.1153107,0,0,1457.800747,781550.9064,3144473.319,D,Charlie_Nicholson_Vaccinium_corymbosum_USA_2015D
Charlie_Nicholson_Vaccinium_corymbosum_USA_2015,Nich_VTblu_Site_02,44.4010957,-73.06917341,Vaccinium corymbosum,USA,5712.962,NA,0,0,9000.294975,0,285097.9565,71.43028259,2816705.95,0,0,0,0,33746.09239,3144621.724,D,Charlie_Nicholson_Vaccinium_corymbosum_USA_2015D
Charlie_Nicholson_Vaccinium_corymbosum_USA_2015,Nich_VTblu_Site_03,44.51618959,-72.92789822,Vaccinium corymbosum,USA,0,NA,0,0,17181.71429,0,502464.7506,0,2049957.93,71.29804993,0,0,0,574531.8875,3144207.58,D,Charlie_Nicholson_Vaccinium_corymbosum_USA_2015D
Charlie_Nicholson_Vaccinium_corymbosum_USA_2015,Nich_VTblu_Site_04,44.28951,-73.243322,Vaccinium corymbosum,USA,18949.553,NA,0,0,47885.86622,0,958025.7433,0,1858644.691,4437.567284,0,0,286.2895584,275247.5269,3144527.684,D,Charlie_Nicholson_Vaccinium_corymbosum_USA_2015D
Charlie_Nicholson_Vaccinium_corymbosum_USA_2015,Nich_VTblu_Site_05,44.214885,-72.793697,Vaccinium corymbosum,USA,0,NA,0,0,52805.26365,0,649032.4584,1146.43882,1742968.745,10963.90826,0,0,716.6017914,686816.8234,3144450.239,D,Charlie_Nicholson_Vaccinium_corymbosum_USA_2015D
Charlie_Nicholson_Vaccinium_corymbosum_USA_2015,Nich_VTblu_Site_06,44.39176775,-73.09599854,Vaccinium corymbosum,USA,27864.992,NA,0,0,16415.36917,0,1042481.852,0,1528909.444,12663.67938,0,0,7739.01113,536346.1929,3144555.549,D,Charlie_Nicholson_Vaccinium_corymbosum_USA_2015D
Charlie_Nicholson_Vaccinium_corymbosum_USA_2015,Nich_VTblu_Site_07,44.19002312,-72.84628668,Vaccinium corymbosum,USA,0,NA,0,0,94113.02818,0,314961.6068,0,2643095.702,0,0,0,0,91235.02195,3143405.359,D,Charlie_Nicholson_Vaccinium_corymbosum_USA_2015D
Charlie_Nicholson_Vaccinium_corymbosum_USA_2015,Nich_VTblu_Site_08,44.26451445,-73.13420062,Vaccinium corymbosum,USA,28563.001,NA,0,0,13317.76871,0,923824.2931,214.8056641,1776381.061,0,0,0,28458.75608,402017.6059,3144214.291,D,Charlie_Nicholson_Vaccinium_corymbosum_USA_2015D
Charlie_Nicholson_Vaccinium_corymbosum_USA_2015,Nich_VTblu_Site_09,44.10070701,-73.0757324,Vaccinium corymbosum,USA,0,NA,0,0,2153.853905,0,280478.848,11339.47828,2823368.08,0,0,0,0,26205.892,3143546.152,D,Charlie_Nicholson_Vaccinium_corymbosum_USA_2015D
Charlie_Nicholson_Vaccinium_corymbosum_USA_2015,Nich_VTblu_Site_10,44.36884902,-73.01413803,Vaccinium corymbosum,USA,13742.943,NA,0,0,6983.177946,0,361969.4247,0,2724446.835,0,0,0,0,50348.98437,3143748.422,D,Charlie_Nicholson_Vaccinium_corymbosum_USA_2015D
Charlie_Nicholson_Vaccinium_corymbosum_USA_2015,Nich_VTblu_Site_11,44.533144,-73.184739,Vaccinium corymbosum,USA,8978.156,NA,0,0,106828.1046,0,530077.371,2695.439827,2383750.677,0,0,0,0,121042.8325,3144394.425,D,Charlie_Nicholson_Vaccinium_corymbosum_USA_2015D
Charlie_Nicholson_Vaccinium_corymbosum_USA_2015,Nich_VTblu_Site_12,44.47472306,-73.0565948,Vaccinium corymbosum,USA,0,NA,0,0,71459.43115,0,274284.8115,1213.014885,1935940.142,179220.1631,0,0,428.0780792,681484.0419,3144029.682,D,Charlie_Nicholson_Vaccinium_corymbosum_USA_2015D
Charlie_Nicholson_Vaccinium_corymbosum_USA_2015,Nich_VTblu_Site_13,44.29480772,-73.25902735,Vaccinium corymbosum,USA,54648.397,NA,0,0,14454.65027,0,857411.3996,143.1173553,1468980.827,0,0,0,500.9767227,802368.8677,3143859.838,D,Charlie_Nicholson_Vaccinium_corymbosum_USA_2015D
Charlie_Nicholson_Vaccinium_corymbosum_USA_2015,Nich_VTblu_Site_14,44.52766042,-73.20352364,Vaccinium corymbosum,USA,0,NA,0,0,235722.3916,0,473051.6232,27267.38161,1882745.559,0,0,0,13409.99649,512244.6736,3144441.626,D,Charlie_Nicholson_Vaccinium_corymbosum_USA_2015D
Christof_Schuepp_Prunus_avium_Switzerland_2011,2,47.10468344,7.351050703,Prunus avium,Switzerland,57.5,NA,0,0,382476.0328,0,825389.8534,204.2962646,566298.9683,0,0,0,0,1372575.7,3146944.851,C,Christof_Schuepp_Prunus_avium_Switzerland_2011C
Christof_Schuepp_Prunus_avium_Switzerland_2011,3,46.89843347,7.319710934,Prunus avium,Switzerland,25,NA,0,0,342730.1538,0,825803.6891,0,1127395.122,2649.109122,0,0,0,848189.7414,3146767.815,C,Christof_Schuepp_Prunus_avium_Switzerland_2011C
Christof_Schuepp_Prunus_avium_Switzerland_2011,4,47.01824711,7.419757814,Prunus avium,Switzerland,32.63888889,NA,0,0,58200.17979,0,822387.7893,613.9115295,1182350.766,0,0,0,0,1083311.737,3146864.384,C,Christof_Schuepp_Prunus_avium_Switzerland_2011C
Christof_Schuepp_Prunus_avium_Switzerland_2011,5,47.01631706,7.379368419,Prunus avium,Switzerland,17.5,NA,0,0,64022.6069,0,970009.5464,5797.209351,1133264.938,0,0,0,0,973762.616,3146856.917,C,Christof_Schuepp_Prunus_avium_Switzerland_2011C
Christof_Schuepp_Prunus_avium_Switzerland_2011,6,47.02174083,7.399316088,Prunus avium,Switzerland,75,NA,0,0,28099.76754,0,799523.5588,0,1572687.847,0,0,0,0,746561.3083,3146872.482,C,Christof_Schuepp_Prunus_avium_Switzerland_2011C
Christof_Schuepp_Prunus_avium_Switzerland_2011,7,47.02138571,7.38849115,Prunus avium,Switzerland,0,NA,0,0,27895.36403,0,955479.8065,5797.209351,1352076.542,0,0,0,0,805623.9947,3146872.917,C,Christof_Schuepp_Prunus_avium_Switzerland_2011C
Christof_Schuepp_Prunus_avium_Switzerland_2011,8,46.99905879,7.369342818,Prunus avium,Switzerland,66.66666667,NA,0,0,46450.48262,0,792265.5958,0,1097443.854,0,0,0,0,1210696.611,3146856.543,C,Christof_Schuepp_Prunus_avium_Switzerland_2011C
Christof_Schuepp_Prunus_avium_Switzerland_2011,9,47.04466722,7.441802622,Prunus avium,Switzerland,41.66666667,NA,0,0,63542.04243,0,374724.8069,0,1895491.63,0,0,0,0,813110.0102,3146868.49,C,Christof_Schuepp_Prunus_avium_Switzerland_2011C
Christof_Schuepp_Prunus_avium_Switzerland_2011,10,47.05990287,7.418676212,Prunus avium,Switzerland,0,NA,0,0,215850.3375,0,691830.8731,3.7414397,1237245.372,0,0,0,0,1001971.483,3146901.807,C,Christof_Schuepp_Prunus_avium_Switzerland_2011C
Christof_Schuepp_Prunus_avium_Switzerland_2011,11,47.01113416,7.361568008,Prunus avium,Switzerland,56.07142857,NA,0,0,132006.1312,0,741194.3706,0,1573495.073,0,0,0,0,700173.1448,3146868.719,C,Christof_Schuepp_Prunus_avium_Switzerland_2011C
Christof_Schuepp_Prunus_avium_Switzerland_2011,12,46.99110504,7.341943972,Prunus avium,Switzerland,33.33333333,NA,0,0,140832.4743,0,908537.7968,0,786270.4604,0,0,0,0,1311205.028,3146845.759,C,Christof_Schuepp_Prunus_avium_Switzerland_2011C
Christof_Schuepp_Prunus_avium_Switzerland_2011,13,46.99766784,7.337777404,Prunus avium,Switzerland,25,NA,0,0,164661.7217,0,834744.4627,0,1302339.575,0,0,0,0,845111.6888,3146857.448,C,Christof_Schuepp_Prunus_avium_Switzerland_2011C
Christof_Schuepp_Prunus_avium_Switzerland_2011,14,46.92763571,7.323296013,Prunus avium,Switzerland,12.5,NA,0,0,10855.08946,0,486484.8116,0,2070665.742,0,0,0,0,578783.9205,3146789.564,C,Christof_Schuepp_Prunus_avium_Switzerland_2011C
Christof_Schuepp_Prunus_avium_Switzerland_2011,15,46.9214338,7.319226355,Prunus avium,Switzerland,8.333333333,NA,0,0,6696.550903,0,580168.1851,0,2458795.553,0,0,0,0,101138.8523,3146799.142,C,Christof_Schuepp_Prunus_avium_Switzerland_2011C
Christof_Schuepp_Prunus_avium_Switzerland_2011,16,46.91650941,7.261068591,Prunus avium,Switzerland,37.5,NA,0,0,74495.36653,0,1154051.122,0,541265.5124,0,0,0,0,1376154.601,3145966.602,C,Christof_Schuepp_Prunus_avium_Switzerland_2011C
Christof_Schuepp_Prunus_avium_Switzerland_2011,18,46.93049483,7.271513869,Prunus avium,Switzerland,18.75,NA,0,0,62556.55088,0,1079740.369,0,702288.4008,0,0,0,0,1302215.791,3146801.111,C,Christof_Schuepp_Prunus_avium_Switzerland_2011C
Christof_Schuepp_Prunus_avium_Switzerland_2011,19,46.93055409,7.302463743,Prunus avium,Switzerland,24.14772727,NA,0,0,56287.79981,0,330829.914,68.31395721,2336883.34,0,0,0,0,422730.2546,3146799.623,C,Christof_Schuepp_Prunus_avium_Switzerland_2011C
Christof_Schuepp_Prunus_avium_Switzerland_2011,20,46.99824132,7.301317787,Prunus avium,Switzerland,44.44444444,NA,0,0,88299.11263,0,473462.8013,0,1813952.115,0,0,0,0,770124.9986,3145839.027,C,Christof_Schuepp_Prunus_avium_Switzerland_2011C
Christof_Schuepp_Prunus_avium_Switzerland_2011,21,47.03782846,7.325701583,Prunus avium,Switzerland,0,NA,0,0,100522.9275,0,1137681.902,0,426016.9543,0,0,0,0,1482656.649,3146878.433,C,Christof_Schuepp_Prunus_avium_Switzerland_2011C
Christof_Schuepp_Prunus_avium_Switzerland_2011,22,47.05393287,7.338881347,Prunus avium,Switzerland,0,NA,0,0,282867.9207,0,753614.1891,136.3334045,852716.0883,0,0,0,0,1257558.685,3146893.217,C,Christof_Schuepp_Prunus_avium_Switzerland_2011C
Christof_Schuepp_Prunus_avium_Switzerland_2011,23,47.01149626,7.557095401,Prunus avium,Switzerland,58.63095238,NA,0,0,185673.4047,0,1026699.146,0,1227329.271,0,0,0,0,707166.211,3146868.033,C,Christof_Schuepp_Prunus_avium_Switzerland_2011C
Christof_Schuepp_Prunus_avium_Switzerland_2011,24,47.04485926,7.352768104,Prunus avium,Switzerland,68.75,NA,0,0,261927.5185,0,906617.9283,0,837636.5796,0,0,0,0,1140698.02,3146880.046,C,Christof_Schuepp_Prunus_avium_Switzerland_2011C
Christof_Schuepp_Prunus_avium_Switzerland_2011,25,47.01557454,7.533812268,Prunus avium,Switzerland,77.5,NA,0,0,153765.9771,0,372723.0663,0,2184056.927,0,0,0,0,435377.9307,3145923.901,C,Christof_Schuepp_Prunus_avium_Switzerland_2011C
Christof_Schuepp_Prunus_avium_Switzerland_2011,26,47.15493997,7.495936511,Prunus avium,Switzerland,0,NA,0,0,62045.90522,0,568930.6366,17.07270221,1928375.017,0,0,0,0,587607.2461,3146975.878,C,Christof_Schuepp_Prunus_avium_Switzerland_2011C
Christof_Schuepp_Prunus_avium_Switzerland_2011,27,47.07979934,7.46254319,Prunus avium,Switzerland,30.95238095,NA,0,0,31843.67812,0,401172.6169,0,2164602.483,0,0,0,0,549000.8227,3146619.601,C,Christof_Schuepp_Prunus_avium_Switzerland_2011C
Christof_Schuepp_Prunus_avium_Switzerland_2011,29,47.04033628,7.315314584,Prunus avium,Switzerland,25,NA,0,0,269831.2394,0,1021070.054,68.18302917,241089.3638,0,0,0,0,1614835.137,3146893.977,C,Christof_Schuepp_Prunus_avium_Switzerland_2011C
Christof_Schuepp_Prunus_avium_Switzerland_2011,30,47.16762267,7.511908958,Prunus avium,Switzerland,52.5,NA,0,0,298987.593,0,865526.5915,0,1109707.522,0,0,0,0,872673.67,3146895.377,C,Christof_Schuepp_Prunus_avium_Switzerland_2011C
Christof_Schuepp_Prunus_avium_Switzerland_2011,1,47.18267526,7.486044587,Prunus avium,Switzerland,100,NA,0,0,171054.3195,0,1142520.207,0,763205.5476,9879.566018,0,0,0,1060313.776,3146973.417,C,Christof_Schuepp_Prunus_avium_Switzerland_2011C
Claire_Kremen_Fragaria_ananassa_USA_2012,AR,36.3722,-121.51261,Fragaria x ananassa,USA,21.910811,20.489189,1,1,0,177104.3666,1163978.023,0,1796146.02,0,0,0,0,0,3137228.41,C,Claire_Kremen_Fragaria_ananassa_USA_2012C
Claire_Kremen_Fragaria_ananassa_USA_2012,C,36.83217,-121.7667,Fragaria x ananassa,USA,23.983333,22.885294,1,0.9705882,180645.5996,811.7912416,1582653.3,5432.284004,265079.4577,36291.26359,0,0,6261.184536,1060997.682,3138172.562,C,Claire_Kremen_Fragaria_ananassa_USA_2012C
Claire_Kremen_Fragaria_ananassa_USA_2012,CB,36.91617,-121.83333,Fragaria x ananassa,USA,22.658974,22.56,0.9090909,0.8809524,187109.527,0,998438.12,6238.017759,1263790.37,0,0,0,0,681889.9942,3137466.029,C,Claire_Kremen_Fragaria_ananassa_USA_2012C
Claire_Kremen_Fragaria_ananassa_USA_2012,DS,36.89917,-121.64,Fragaria x ananassa,USA,18.752632,17.294444,0.9736842,0.9189189,353441.2269,11380.83522,896681.9267,67170.17044,774275.9654,319.271286,0,0,0,1035019.488,3138288.884,C,Claire_Kremen_Fragaria_ananassa_USA_2012C
Claire_Kremen_Fragaria_ananassa_USA_2012,F,37.02467,-121.935,Fragaria x ananassa,USA,14.875,16.390476,0.8888889,0.9545455,36308.42161,0,358711.2142,717.2314377,2634828.608,0,0,0,0,107009.9683,3137575.444,C,Claire_Kremen_Fragaria_ananassa_USA_2012C
Claire_Kremen_Fragaria_ananassa_USA_2012,FE,36.8915,-121.745,Fragaria x ananassa,USA,22.935,19.530769,0.925,0.725,635013.7821,0,134755.0232,96132.62068,64306.91533,0,0,0,638.6343613,2207436.949,3138283.925,C,Claire_Kremen_Fragaria_ananassa_USA_2012C
Claire_Kremen_Fragaria_ananassa_USA_2012,LE,36.9815,-121.785,Fragaria x ananassa,USA,19.037143,15.008824,0.9722222,0.8,113684.0482,0,1040454.849,3827.08786,1576044.017,1993.510857,0,0,0,402347.9177,3138351.431,C,Claire_Kremen_Fragaria_ananassa_USA_2012C
Claire_Kremen_Fragaria_ananassa_USA_2012,M,36.9445,-121.78667,Fragaria x ananassa,USA,14.077143,12.96875,0.8857143,0.875,881434.2274,79.76642609,503003.1663,6273.212749,1344221.942,4945.597672,0,0,3031.208107,395048.8807,3138038.002,C,Claire_Kremen_Fragaria_ananassa_USA_2012C
Claire_Kremen_Fragaria_ananassa_USA_2012,RB,36.67833,-121.68667,Fragaria x ananassa,USA,0,NA,0,0,139368.3261,320.1799622,5372.848756,11395.78098,5661.00964,0,0,0,0,2975156.094,3137274.239,C,Claire_Kremen_Fragaria_ananassa_USA_2012C
Claire_Kremen_Fragaria_ananassa_USA_2012,RF,36.66467,-121.545,Fragaria x ananassa,USA,22.815385,20.48,0.95,0.7560976,127455.9284,5849.719489,2325054.048,156952.3597,71580.46706,0,0,0,0,450507.8605,3137400.383,C,Claire_Kremen_Fragaria_ananassa_USA_2012C
Claire_Kremen_Fragaria_ananassa_USA_2012,RH,36.89633,-121.77667,Fragaria x ananassa,USA,23,20.85,0.9767442,0.8780488,773763.1197,399.0956421,316902.7629,58891.31468,101895.208,11927.47569,0,0,43649.7492,1830851.313,3138280.038,C,Claire_Kremen_Fragaria_ananassa_USA_2012C
Claire_Kremen_Fragaria_ananassa_USA_2012,RK,36.9045,-121.82,Fragaria x ananassa,USA,36.653659,32.035714,0.9761905,0.8139535,81717.92472,0,912403.4502,4499.176252,510098.7986,31112.74687,0,0,0,1598460.629,3138292.726,C,Claire_Kremen_Fragaria_ananassa_USA_2012C
Claire_Kremen_Fragaria_ananassa_USA_2012,S,36.98883,-122.145,Fragaria x ananassa,USA,11.148571,8.710345,0.9459459,0.6333333,63229.2279,33323.307,1527302.383,1275.698578,1334140.044,11401.24329,0,0,12012.84501,155319.1203,3138003.869,C,Claire_Kremen_Fragaria_ananassa_USA_2012C
Claire_Kremen_Fragaria_ananassa_USA_2012,SH,37.0605,-122.15667,Fragaria x ananassa,USA,7.985714,7.017647,1,0.6666667,15592.17208,0,350420.4625,79.6526413,2731622.875,0,0,0,0,40065.37121,3137780.533,C,Claire_Kremen_Fragaria_ananassa_USA_2012C
Claire_Kremen_Fragaria_ananassa_USA_2012,TB,36.9025,-121.73333,Fragaria x ananassa,USA,20.758537,19.753659,0.9761905,1,424154.5715,2155.082527,387334.0856,44885.73296,119372.5175,0,0,0,0,2160381.842,3138283.832,C,Claire_Kremen_Fragaria_ananassa_USA_2012C
Claire_Kremen_Fragaria_ananassa_USA_2012,UC,36.9835,-122.05667,Fragaria x ananassa,USA,18.225806,17.267568,0.96875,1,635373.8714,159.4525604,1590638.885,806.6530345,846546.4336,0,0,0,0,64822.37489,3138347.671,C,Claire_Kremen_Fragaria_ananassa_USA_2012C
Dara_Stanley_Brassica_napus_Ireland_2009,OS23,52.72892,-6.56195,Brassica napus,Ireland,0,NA,0,0,25768.87402,0,1146409.366,0,406659.8982,0,0,0,0,1572994.613,3151832.751,C,Dara_Stanley_Brassica_napus_Ireland_2009C
Dara_Stanley_Brassica_napus_Ireland_2009,OS24,52.57463,-6.64081,Brassica napus,Ireland,0,NA,0,0,42574.71084,0,780066.2606,0,201926.2329,0,0,0,0,2127064.394,3151631.598,C,Dara_Stanley_Brassica_napus_Ireland_2009C
Dara_Stanley_Brassica_napus_Ireland_2009,OS26,52.77564,-6.92658,Brassica napus,Ireland,0,NA,0,0,199486.9602,0,775268.8985,77876.73434,161535.8503,12059.93624,0,0,0,1924832.524,3151060.904,C,Dara_Stanley_Brassica_napus_Ireland_2009C
Dara_Stanley_Brassica_napus_Ireland_2009,OS27,52.94156,-6.3387108,Brassica napus,Ireland,0,NA,0,0,11339.20112,301.8802452,1808533.235,0,1330410.164,0,0,0,0,1146.636354,3151731.116,C,Dara_Stanley_Brassica_napus_Ireland_2009C
Dara_Stanley_Brassica_napus_Ireland_2009,OS29,52.42036,-6.72643,Brassica napus,Ireland,0,NA,0,0,10528.21756,0,1994726.249,0,261920.8839,0,0,0,0,884033.4454,3151208.796,C,Dara_Stanley_Brassica_napus_Ireland_2009C
Dara_Stanley_Brassica_napus_Ireland_2010,AK,52.73080313,-6.56770855,Brassica napus,Ireland,19.10679612,17.04761905,0,0,32917.60177,0,1415830.583,0,381953.6482,0,0,0,0,1320485.386,3151187.219,C,Dara_Stanley_Brassica_napus_Ireland_2010C
Dara_Stanley_Brassica_napus_Ireland_2010,JL,52.57597721,-6.63040624,Brassica napus,Ireland,8.953488372,6.118811881,0,0,32347.31717,0,537287.1957,0,184471.1648,0,0,0,0,2397460.4,3151566.078,C,Dara_Stanley_Brassica_napus_Ireland_2010C
Dara_Stanley_Brassica_napus_Ireland_2010,NJ,52.8260031,-6.74837599,Brassica napus,Ireland,5.642201835,2.956043956,0,0,45711.01803,0,1368964.294,0,297605.5748,0,0,0,0,1439605.381,3151886.268,C,Dara_Stanley_Brassica_napus_Ireland_2010C
Davi_L_Ramos_Phaseolus_vulgaris L_Brazil_2015_2016,He1P0,-16.124894,-47.877333,Phaseolus vulgaris L.,Brazil,5051.2,NA,1.468372093,0,7047.675908,699642.5966,785022.7017,2708.282541,458907.0277,0,0,0,0,1171368.579,3124696.864,A,Davi_L_Ramos_Phaseolus_vulgaris L_Brazil_2015_2016A
Davi_L_Ramos_Phaseolus_vulgaris L_Brazil_2015_2016,He2P0,-16.121561,-47.882889,Phaseolus vulgaris L.,Brazil,7800,NA,1.603618421,0,27058.93999,472826.531,328992.9541,2579.075554,90693.4751,0,0,0,0,2202461.941,3124612.917,A,Davi_L_Ramos_Phaseolus_vulgaris L_Brazil_2015_2016A
Davi_L_Ramos_Phaseolus_vulgaris L_Brazil_2015_2016,A1P1DF,-15.918783,-47.411775,Phaseolus vulgaris L.,Brazil,3515.2,NA,0.798909091,0,9179.125153,56203.91114,142606.9045,2485.992958,219477.1971,764.9536743,0,0,0,2693901.311,3124619.396,A,Davi_L_Ramos_Phaseolus_vulgaris L_Brazil_2015_2016A
Davi_L_Ramos_Phaseolus_vulgaris L_Brazil_2015_2016,A3P1DF,-15.909617,-47.435386,Phaseolus vulgaris L.,Brazil,8155.2,NA,1.108043478,0,14873.8288,0,35475.51357,5588.01267,0,0,0,0,0,3068083.024,3124020.379,A,Davi_L_Ramos_Phaseolus_vulgaris L_Brazil_2015_2016A
Davi_L_Ramos_Phaseolus_vulgaris L_Brazil_2015_2016,A1P0GO,-16.217118,-47.54622,Phaseolus vulgaris L.,Brazil,10473.6,NA,1.386864407,0,0,26920.22463,118336.3135,95.47647858,534118.73,0,0,0,0,2444731.485,3124202.229,A,Davi_L_Ramos_Phaseolus_vulgaris L_Brazil_2015_2016A
Davi_L_Ramos_Phaseolus_vulgaris L_Brazil_2015_2016,A2P0GO,-16.211006,-47.54372,Phaseolus vulgaris L.,Brazil,6553.6,NA,1.026566416,0,0,17730.91072,61728.39619,572.8828125,85355.18927,4201.060257,0,0,95.47864532,2955067.42,3124751.338,A,Davi_L_Ramos_Phaseolus_vulgaris L_Brazil_2015_2016A
Davi_L_Ramos_Phaseolus_vulgaris L_Brazil_2015_2016,A3P0GO,-16.207117,-47.541498,Phaseolus vulgaris L.,Brazil,6998.4,NA,1.256896552,0,0,26995.32222,66147.00128,190.9678574,3578.661183,0,0,0,0,3027829.489,3124741.441,A,Davi_L_Ramos_Phaseolus_vulgaris L_Brazil_2015_2016A
Davi_L_Ramos_Phaseolus_vulgaris L_Brazil_2015_2016,J2P0,-15.86406,-47.609831,Phaseolus vulgaris L.,Brazil,4355.2,NA,0.683919598,0,3816.404597,111593.7303,363241.2666,382.5747604,205859.7557,0,0,0,0,2439300.088,3124193.819,A,Davi_L_Ramos_Phaseolus_vulgaris L_Brazil_2015_2016A
Davi_L_Ramos_Phaseolus_vulgaris L_Brazil_2015_2016,J1P0,-15.860727,-47.601498,Phaseolus vulgaris L.,Brazil,4665.6,NA,0.790243902,0,1530.32148,117345.7189,443695.31,286.9308243,52552.93138,0,0,0,0,2509181.756,3124592.968,A,Davi_L_Ramos_Phaseolus_vulgaris L_Brazil_2015_2016A
Davi_L_Ramos_Phaseolus_vulgaris L_Brazil_2015_2016,W1P1NN,-15.855172,-47.554553,Phaseolus vulgaris L.,Brazil,945.6,NA,0.337714286,0,382.2256907,4983.895465,493685.907,778.2963982,116663.1429,0,0,0,0,2508073.162,3124566.63,A,Davi_L_Ramos_Phaseolus_vulgaris L_Brazil_2015_2016A
Davi_L_Ramos_Phaseolus_vulgaris L_Brazil_2015_2016,W1P0NN,-15.854061,-47.556498,Phaseolus vulgaris L.,Brazil,1387.2,NA,0.336046512,0,2295.607933,19323.16474,530481.0304,669.5393906,341258.6119,0,0,0,0,2230559.572,3124587.526,A,Davi_L_Ramos_Phaseolus_vulgaris L_Brazil_2015_2016A
Davi_L_Ramos_Phaseolus_vulgaris L_Brazil_2015_2016,W2P1N,-15.858783,-47.556498,Phaseolus vulgaris L.,Brazil,1844.8,NA,0.61005291,0,0,44949.758,627462.0634,1912.864006,206760.6637,0,0,0,0,2243510.738,3124596.087,A,Davi_L_Ramos_Phaseolus_vulgaris L_Brazil_2015_2016A
Davi_L_Ramos_Phaseolus_vulgaris L_Brazil_2015_2016,W2P0N,-15.857949,-47.558164,Phaseolus vulgaris L.,Brazil,2044.8,NA,0.652040816,0,0,52301.7028,641745.035,2008.513512,297735.7993,0,0,0,0,2130779.751,3124570.801,A,Davi_L_Ramos_Phaseolus_vulgaris L_Brazil_2015_2016A
Davi_L_Ramos_Phaseolus_vulgaris L_Brazil_2015_2016,W1P0S,-15.871561,-47.557886,Phaseolus vulgaris L.,Brazil,1651.2,NA,0.551871658,0,5355.826508,137550.2705,1072651.25,12636.47088,107215.0353,0,0,0,0,1789174.179,3124583.033,A,Davi_L_Ramos_Phaseolus_vulgaris L_Brazil_2015_2016A
Davi_L_Ramos_Phaseolus_vulgaris L_Brazil_2015_2016,W1P0NS,-15.864338,-47.558442,Phaseolus vulgaris L.,Brazil,1305.6,NA,0.405970149,0,3153.109908,152866.464,562152.6802,8557.339905,171333.7371,0,0,0,0,2226520.442,3124583.773,A,Davi_L_Ramos_Phaseolus_vulgaris L_Brazil_2015_2016A
Davi_L_Ramos_Phaseolus_vulgaris L_Brazil_2015_2016,W1P1NS,-15.861283,-47.555109,Phaseolus vulgaris L.,Brazil,790.4,NA,0.235238095,0,95.64069366,63028.23425,423431.87,1625.918648,295271.4595,0,0,0,0,2341135.241,3124588.364,A,Davi_L_Ramos_Phaseolus_vulgaris L_Brazil_2015_2016A
Davi_L_Ramos_Phaseolus_vulgaris L_Brazil_2015_2016,W2P0S,-15.868227,-47.56122,Phaseolus vulgaris L.,Brazil,1540.8,NA,0.413304721,0,4411.806016,179519.3754,1032834.055,13772.15545,74175.91573,0,0,0,0,1819886.707,3124600.015,A,Davi_L_Ramos_Phaseolus_vulgaris L_Brazil_2015_2016A
Davi_L_Ramos_Phaseolus_vulgaris L_Brazil_2015_2016,L1P1,-15.972117,-47.572609,Phaseolus vulgaris L.,Brazil,4792,NA,0.915902141,0,0,32888.24386,328986.4216,1242.746109,222041.1525,3441.450508,0,0,0,2536040.126,3124640.141,A,Davi_L_Ramos_Phaseolus_vulgaris L_Brazil_2015_2016A
Davi_L_Ramos_Phaseolus_vulgaris L_Brazil_2015_2016,L1P0,-15.969894,-47.575942,Phaseolus vulgaris L.,Brazil,5870.4,NA,0.839588101,0,233.5448459,70276.67125,534179.1039,1242.746109,484662.3573,3441.450508,0,0,0,2030602.079,3124637.953,A,Davi_L_Ramos_Phaseolus_vulgaris L_Brazil_2015_2016A
Davi_L_Ramos_Phaseolus_vulgaris L_Brazil_2015_2016,L2P1,-15.974617,-47.573998,Phaseolus vulgaris L.,Brazil,3825.6,NA,0.838947368,0,12846.4747,25023.1819,259865.6366,4014.733147,154182.7783,0,0,0,0,2668693.994,3124626.799,A,Davi_L_Ramos_Phaseolus_vulgaris L_Brazil_2015_2016A
Davi_L_Ramos_Phaseolus_vulgaris L_Brazil_2015_2016,L2P0,-15.977394,-47.577331,Phaseolus vulgaris L.,Brazil,2536,NA,0.552264808,0,31780.10574,14103.30278,98966.1669,4301.510269,47404.88889,0,0,0,0,2927148.72,3123704.694,A,Davi_L_Ramos_Phaseolus_vulgaris L_Brazil_2015_2016A
Davi_L_Ramos_Phaseolus_vulgaris L_Brazil_2015_2016,L3P1,-15.984339,-47.568442,Phaseolus vulgaris L.,Brazil,3798.4,NA,0.748895899,0,36578.492,0,45729.11101,477.9289398,29592.18897,0,0,0,0,3012274.218,3124651.939,A,Davi_L_Ramos_Phaseolus_vulgaris L_Brazil_2015_2016A
Davi_L_Ramos_Phaseolus_vulgaris L_Brazil_2015_2016,R1P0,-15.695727,-47.511219,Phaseolus vulgaris L.,Brazil,5060.8,NA,1.240392157,0,191.4448166,259999.3623,184938.7634,574.3238907,363045.0094,0,0,0,0,2315767.463,3124516.367,A,Davi_L_Ramos_Phaseolus_vulgaris L_Brazil_2015_2016A
Davi_L_Ramos_Phaseolus_vulgaris L_Brazil_2015_2016,R2P0,-15.697671,-47.503997,Phaseolus vulgaris L.,Brazil,2715.2,NA,0.8485,0,0,149043.0691,90886.86233,95.71786499,96803.50511,0,0,0,0,2787693.067,3124522.221,A,Davi_L_Ramos_Phaseolus_vulgaris L_Brazil_2015_2016A
Davi_L_Ramos_Phaseolus_vulgaris L_Brazil_2015_2016,R3P0,-15.696282,-47.501497,Phaseolus vulgaris L.,Brazil,3275.2,NA,1.118579235,0,0,26423.15871,38353.01402,95.71786499,4311.451265,0,0,0,0,3055342.404,3124525.746,A,Davi_L_Ramos_Phaseolus_vulgaris L_Brazil_2015_2016A
Davi_L_Ramos_Phaseolus_vulgaris L_Brazil_2015_2016,D1P0,-15.765449,-47.332885,Phaseolus vulgaris L.,Brazil,2632,NA,0.421794872,0,0,41325.67755,292326.6803,2870.692078,1027936.51,0,0,0,0,1760094.094,3124553.654,A,Davi_L_Ramos_Phaseolus_vulgaris L_Brazil_2015_2016A
Davi_L_Ramos_Phaseolus_vulgaris L_Brazil_2015_2016,D2P0,-15.769338,-47.33844,Phaseolus vulgaris L.,Brazil,3633.6,NA,0.599208443,0,0,8101.198343,208349.6844,2870.692078,327228.0938,0,0,0,0,2577834.528,3124384.196,A,Davi_L_Ramos_Phaseolus_vulgaris L_Brazil_2015_2016A
Davi_L_Ramos_Phaseolus_vulgaris L_Brazil_2015_2016,R1P0N,-15.689338,-47.517886,Phaseolus vulgaris L.,Brazil,5595.776,NA,1.218592334,0,22984.55091,170808.0323,603463.4136,1052.945587,25204.36919,0,0,0,0,2300989.288,3124502.6,A,Davi_L_Ramos_Phaseolus_vulgaris L_Brazil_2015_2016A
Davi_L_Ramos_Phaseolus_vulgaris L_Brazil_2015_2016,R1P0S,-15.695449,-47.511775,Phaseolus vulgaris L.,Brazil,4612.8,NA,1.029642857,0,4267.043328,257339.3258,211215.279,574.3238907,374633.4572,0,0,0,0,2276485.881,3124515.31,A,Davi_L_Ramos_Phaseolus_vulgaris L_Brazil_2015_2016A
Davi_L_Ramos_Phaseolus_vulgaris L_Brazil_2015_2016,R3P0S,-15.70156,-47.491497,Phaseolus vulgaris L.,Brazil,2958.4,NA,0.93857868,0,0,10412.94333,39533.02788,0,0,0,0,0,0,3074574.809,3124520.78,A,Davi_L_Ramos_Phaseolus_vulgaris L_Brazil_2015_2016A
Davi_L_Ramos_Phaseolus_vulgaris L_Brazil_2015_2016,J1P0N,-15.84841,-47.580789,Phaseolus vulgaris L.,Brazil,5896,NA,1.220198675,0,6795.793931,109366.3236,301311.6369,191.2973404,1122688.099,0,0,0,0,1584237.921,3124591.072,A,Davi_L_Ramos_Phaseolus_vulgaris L_Brazil_2015_2016A
Davi_L_Ramos_Phaseolus_vulgaris L_Brazil_2015_2016,J2P0N,-15.844894,-47.578164,Phaseolus vulgaris L.,Brazil,5305.6,NA,1.171731449,0,14146.69402,83072.22051,286958.8768,0,827538.9606,0,0,0,0,1912865.916,3124582.668,A,Davi_L_Ramos_Phaseolus_vulgaris L_Brazil_2015_2016A
Davi_L_Ramos_Phaseolus_vulgaris L_Brazil_2015_2016,J2P0S,-15.855449,-47.603442,Phaseolus vulgaris L.,Brazil,5928,NA,1.1578125,0,1768.495496,151887.1355,169522.622,286.9308243,73149.60167,0,0,0,0,2727967.924,3124582.709,A,Davi_L_Ramos_Phaseolus_vulgaris L_Brazil_2015_2016A
David_Biddinger_Malus_domestica_USA_2013,apple_pa_1_0,39.9432,-77.297,Malus domestica,USA,4.235294118,NA,0.170110172,0,36123.13021,0,1163672.682,0,1733425.728,16845.94875,0,0,0,190743.4195,3140810.908,C,David_Biddinger_Malus_domestica_USA_2013C
David_Biddinger_Malus_domestica_USA_2013,apple_pa_1_25,39.9432,-77.297,Malus domestica,USA,6.393939394,NA,0.254428319,0,36123.13021,0,1163672.682,0,1733425.728,16845.94875,0,0,0,190743.4195,3140810.908,C,David_Biddinger_Malus_domestica_USA_2013C
David_Biddinger_Malus_domestica_USA_2013,apple_pa_1_50,39.9432,-77.297,Malus domestica,USA,5.102564103,NA,0.211913181,0,36123.13021,0,1163672.682,0,1733425.728,16845.94875,0,0,0,190743.4195,3140810.908,C,David_Biddinger_Malus_domestica_USA_2013C
David_Biddinger_Malus_domestica_USA_2013,apple_pa_1_100,39.9432,-77.297,Malus domestica,USA,4.548387097,NA,0.234481041,0,36123.13021,0,1163672.682,0,1733425.728,16845.94875,0,0,0,190743.4195,3140810.908,C,David_Biddinger_Malus_domestica_USA_2013C
David_Biddinger_Malus_domestica_USA_2013,apple_pa_2_0,39.9757,-77.3195,Malus domestica,USA,19.06666667,NA,0.645623711,0,65486.52477,0,1217924.947,6429.729446,1522369.805,8627.583005,0,0,0,319993.2389,3140831.828,C,David_Biddinger_Malus_domestica_USA_2013C
David_Biddinger_Malus_domestica_USA_2013,apple_pa_2_25,39.9757,-77.3195,Malus domestica,USA,15.05263158,NA,0.705952538,0,65486.52477,0,1217924.947,6429.729446,1522369.805,8627.583005,0,0,0,319993.2389,3140831.828,C,David_Biddinger_Malus_domestica_USA_2013C
David_Biddinger_Malus_domestica_USA_2013,apple_pa_2_50,39.9757,-77.3195,Malus domestica,USA,10.31034483,NA,0.486969037,0,65486.52477,0,1217924.947,6429.729446,1522369.805,8627.583005,0,0,0,319993.2389,3140831.828,C,David_Biddinger_Malus_domestica_USA_2013C
David_Biddinger_Malus_domestica_USA_2013,apple_pa_2_100,39.9757,-77.3195,Malus domestica,USA,9.717391304,NA,0.564252672,0,65486.52477,0,1217924.947,6429.729446,1522369.805,8627.583005,0,0,0,319993.2389,3140831.828,C,David_Biddinger_Malus_domestica_USA_2013C
David_Biddinger_Malus_domestica_USA_2013,apple_pa_3_0,39.976597,-77.330107,Malus domestica,USA,7.5,NA,0.311006123,0,26930.74953,0,959165.5921,1913.474594,1742786.357,7347.792175,0,0,0,402192.9775,3140336.943,C,David_Biddinger_Malus_domestica_USA_2013C
David_Biddinger_Malus_domestica_USA_2013,apple_pa_3_25,39.976597,-77.330107,Malus domestica,USA,6.416666667,NA,0.212946081,0,26930.74953,0,959165.5921,1913.474594,1742786.357,7347.792175,0,0,0,402192.9775,3140336.943,C,David_Biddinger_Malus_domestica_USA_2013C
David_Biddinger_Malus_domestica_USA_2013,apple_pa_3_50,39.976597,-77.330107,Malus domestica,USA,8.142857143,NA,0.300933446,0,26930.74953,0,959165.5921,1913.474594,1742786.357,7347.792175,0,0,0,402192.9775,3140336.943,C,David_Biddinger_Malus_domestica_USA_2013C
David_Biddinger_Malus_domestica_USA_2013,apple_pa_3_100,39.976597,-77.330107,Malus domestica,USA,7.454545455,NA,0.324556607,0,26930.74953,0,959165.5921,1913.474594,1742786.357,7347.792175,0,0,0,402192.9775,3140336.943,C,David_Biddinger_Malus_domestica_USA_2013C
David_Biddinger_Malus_domestica_USA_2013,apple_pa_4_0,39.8993,-77.3519,Malus domestica,USA,2.615384615,NA,0.14445074,0,58642.50541,0,1289177.822,153.2540131,1246467.29,0,0,0,0,546300.4497,3140741.321,C,David_Biddinger_Malus_domestica_USA_2013C
David_Biddinger_Malus_domestica_USA_2013,apple_pa_4_25,39.8993,-77.3519,Malus domestica,USA,1.777777778,NA,0.087013919,0,58642.50541,0,1289177.822,153.2540131,1246467.29,0,0,0,0,546300.4497,3140741.321,C,David_Biddinger_Malus_domestica_USA_2013C
David_Biddinger_Malus_domestica_USA_2013,apple_pa_4_50,39.8993,-77.3519,Malus domestica,USA,1.535714286,NA,0.083687818,0,58642.50541,0,1289177.822,153.2540131,1246467.29,0,0,0,0,546300.4497,3140741.321,C,David_Biddinger_Malus_domestica_USA_2013C
David_Biddinger_Malus_domestica_USA_2013,apple_pa_4_100,39.8993,-77.3519,Malus domestica,USA,1.235294118,NA,0.077909077,0,58642.50541,0,1289177.822,153.2540131,1246467.29,0,0,0,0,546300.4497,3140741.321,C,David_Biddinger_Malus_domestica_USA_2013C
David_Biddinger_Malus_domestica_USA_2014,apple_pa_1_0,39.9432,-77.297,Malus domestica,USA,18.5,NA,0.546910755,0,36123.13021,0,1163672.682,0,1733425.728,16845.94875,0,0,0,190743.4195,3140810.908,C,David_Biddinger_Malus_domestica_USA_2014C
David_Biddinger_Malus_domestica_USA_2014,apple_pa_1_25,39.9432,-77.297,Malus domestica,USA,12.5,NA,0.348202765,0,36123.13021,0,1163672.682,0,1733425.728,16845.94875,0,0,0,190743.4195,3140810.908,C,David_Biddinger_Malus_domestica_USA_2014C
David_Biddinger_Malus_domestica_USA_2014,apple_pa_1_50,39.9432,-77.297,Malus domestica,USA,28,NA,0.755847953,0,36123.13021,0,1163672.682,0,1733425.728,16845.94875,0,0,0,190743.4195,3140810.908,C,David_Biddinger_Malus_domestica_USA_2014C
David_Biddinger_Malus_domestica_USA_2014,apple_pa_1_100,39.9432,-77.297,Malus domestica,USA,8.5,NA,0.267748479,0,36123.13021,0,1163672.682,0,1733425.728,16845.94875,0,0,0,190743.4195,3140810.908,C,David_Biddinger_Malus_domestica_USA_2014C
David_Biddinger_Malus_domestica_USA_2014,apple_pa_2_0,39.9757,-77.3195,Malus domestica,USA,30.5,NA,1.942307692,0,65486.52477,0,1217924.947,6429.729446,1522369.805,8627.583005,0,0,0,319993.2389,3140831.828,C,David_Biddinger_Malus_domestica_USA_2014C
David_Biddinger_Malus_domestica_USA_2014,apple_pa_2_25,39.9757,-77.3195,Malus domestica,USA,22.25,NA,1.49250731,0,65486.52477,0,1217924.947,6429.729446,1522369.805,8627.583005,0,0,0,319993.2389,3140831.828,C,David_Biddinger_Malus_domestica_USA_2014C
David_Biddinger_Malus_domestica_USA_2014,apple_pa_2_50,39.9757,-77.3195,Malus domestica,USA,17,NA,0.476078431,0,65486.52477,0,1217924.947,6429.729446,1522369.805,8627.583005,0,0,0,319993.2389,3140831.828,C,David_Biddinger_Malus_domestica_USA_2014C
David_Biddinger_Malus_domestica_USA_2014,apple_pa_2_100,39.9757,-77.3195,Malus domestica,USA,16.5,NA,1.96031746,0,65486.52477,0,1217924.947,6429.729446,1522369.805,8627.583005,0,0,0,319993.2389,3140831.828,C,David_Biddinger_Malus_domestica_USA_2014C
David_Biddinger_Malus_domestica_USA_2014,apple_pa_4_0,39.8993,-77.3519,Malus domestica,USA,15,NA,0.95,0,58642.50541,0,1289177.822,153.2540131,1246467.29,0,0,0,0,546300.4497,3140741.321,C,David_Biddinger_Malus_domestica_USA_2014C
David_Biddinger_Malus_domestica_USA_2014,apple_pa_4_25,39.8993,-77.3519,Malus domestica,USA,25.5,NA,0.96187916,0,58642.50541,0,1289177.822,153.2540131,1246467.29,0,0,0,0,546300.4497,3140741.321,C,David_Biddinger_Malus_domestica_USA_2014C
David_Biddinger_Malus_domestica_USA_2014,apple_pa_4_50,39.8993,-77.3519,Malus domestica,USA,25,NA,0.848076923,0,58642.50541,0,1289177.822,153.2540131,1246467.29,0,0,0,0,546300.4497,3140741.321,C,David_Biddinger_Malus_domestica_USA_2014C
David_Biddinger_Malus_domestica_USA_2014,apple_pa_4_100,39.8993,-77.3519,Malus domestica,USA,28,NA,1.056027165,0,58642.50541,0,1289177.822,153.2540131,1246467.29,0,0,0,0,546300.4497,3140741.321,C,David_Biddinger_Malus_domestica_USA_2014C
David_Biddinger_Malus_domestica_USA_2014,apple_pa_5_0,39.9517,-77.2868,Malus domestica,USA,11,NA,0.788888889,0,23042.1309,0,1393963.754,0,1613387.25,1071.960197,0,0,0,109344.3244,3140809.42,C,David_Biddinger_Malus_domestica_USA_2014C
David_Biddinger_Malus_domestica_USA_2014,apple_pa_5_25,39.9517,-77.2868,Malus domestica,USA,17.5,NA,1.032051282,0,23042.1309,0,1393963.754,0,1613387.25,1071.960197,0,0,0,109344.3244,3140809.42,C,David_Biddinger_Malus_domestica_USA_2014C
David_Biddinger_Malus_domestica_USA_2014,apple_pa_5_50,39.9517,-77.2868,Malus domestica,USA,25.5,NA,0.796875,0,23042.1309,0,1393963.754,0,1613387.25,1071.960197,0,0,0,109344.3244,3140809.42,C,David_Biddinger_Malus_domestica_USA_2014C
David_Biddinger_Malus_domestica_USA_2014,apple_pa_5_100,39.9517,-77.2868,Malus domestica,USA,7.5,NA,0.732954545,0,23042.1309,0,1393963.754,0,1613387.25,1071.960197,0,0,0,109344.3244,3140809.42,C,David_Biddinger_Malus_domestica_USA_2014C
David_Biddinger_Prunus_cerasus_USA_2015,cherry_tart_pa_1_0,39.93652,-77.2595,Prunus cerasus,USA,0.3337746,NA,118.9,0,88077.48477,0,1711709.478,153.1782608,843575.9424,2986.962563,0,0,229.7515564,494066.0328,3140798.831,C,David_Biddinger_Prunus_cerasus_USA_2015C
David_Biddinger_Prunus_cerasus_USA_2015,cherry_tart_pa_1_25,39.93652,-77.2595,Prunus cerasus,USA,0.555322,NA,157.3,0,88077.48477,0,1711709.478,153.1782608,843575.9424,2986.962563,0,0,229.7515564,494066.0328,3140798.831,C,David_Biddinger_Prunus_cerasus_USA_2015C
David_Biddinger_Prunus_cerasus_USA_2015,cherry_tart_pa_1_50,39.93652,-77.2595,Prunus cerasus,USA,0.3489609,NA,79.2,0,88077.48477,0,1711709.478,153.1782608,843575.9424,2986.962563,0,0,229.7515564,494066.0328,3140798.831,C,David_Biddinger_Prunus_cerasus_USA_2015C
David_Biddinger_Prunus_cerasus_USA_2015,cherry_tart_pa_1_100,39.93652,-77.2595,Prunus cerasus,USA,0.4715279,NA,159.1,0,88077.48477,0,1711709.478,153.1782608,843575.9424,2986.962563,0,0,229.7515564,494066.0328,3140798.831,C,David_Biddinger_Prunus_cerasus_USA_2015C
David_Biddinger_Prunus_cerasus_USA_2015,cherry_tart_pa_2_0,40.035608,-77.139638,Prunus cerasus,USA,0.2898497,NA,167.2,0,30491.37654,0,1777400.562,0,949821.6645,18145.84732,0,0,0,364999.5204,3140858.97,C,David_Biddinger_Prunus_cerasus_USA_2015C
David_Biddinger_Prunus_cerasus_USA_2015,cherry_tart_pa_2_25,40.035608,-77.139638,Prunus cerasus,USA,0.5553541,NA,229.1,0,30491.37654,0,1777400.562,0,949821.6645,18145.84732,0,0,0,364999.5204,3140858.97,C,David_Biddinger_Prunus_cerasus_USA_2015C
David_Biddinger_Prunus_cerasus_USA_2015,cherry_tart_pa_2_50,40.035608,-77.139638,Prunus cerasus,USA,0.3970721,NA,357.2,0,30491.37654,0,1777400.562,0,949821.6645,18145.84732,0,0,0,364999.5204,3140858.97,C,David_Biddinger_Prunus_cerasus_USA_2015C
David_Biddinger_Prunus_cerasus_USA_2015,cherry_tart_pa_2_100,40.035608,-77.139638,Prunus cerasus,USA,0.346855,NA,214.2,0,30491.37654,0,1777400.562,0,949821.6645,18145.84732,0,0,0,364999.5204,3140858.97,C,David_Biddinger_Prunus_cerasus_USA_2015C
David_Biddinger_Prunus_cerasus_USA_2015,cherry_tart_pa_3_0,40.05002,-77.127228,Prunus cerasus,USA,0.2586502,NA,132.2,0,24295.57909,0,1521535.182,0,1437737.897,0,0,0,0,157225.7102,3140794.368,C,David_Biddinger_Prunus_cerasus_USA_2015C
David_Biddinger_Prunus_cerasus_USA_2015,cherry_tart_pa_3_25,40.05002,-77.127228,Prunus cerasus,USA,0.5779303,NA,193.2222,0,24295.57909,0,1521535.182,0,1437737.897,0,0,0,0,157225.7102,3140794.368,C,David_Biddinger_Prunus_cerasus_USA_2015C
David_Biddinger_Prunus_cerasus_USA_2015,cherry_tart_pa_3_50,40.05002,-77.127228,Prunus cerasus,USA,0.6380732,NA,359.3,0,24295.57909,0,1521535.182,0,1437737.897,0,0,0,0,157225.7102,3140794.368,C,David_Biddinger_Prunus_cerasus_USA_2015C
David_Biddinger_Prunus_cerasus_USA_2015,cherry_tart_pa_3_100,40.05002,-77.127228,Prunus cerasus,USA,0.3628577,NA,133.8,0,24295.57909,0,1521535.182,0,1437737.897,0,0,0,0,157225.7102,3140794.368,C,David_Biddinger_Prunus_cerasus_USA_2015C
David_Biddinger_Prunus_cerasus_USA_2015,cherry_tart_pa_4_0,40.042199,-77.16934,Prunus cerasus,USA,0.2767469,NA,174.9,0,28370.24526,0,1639599.93,0,1267887.45,9481.762062,0,0,0,195531.1244,3140870.512,C,David_Biddinger_Prunus_cerasus_USA_2015C
David_Biddinger_Prunus_cerasus_USA_2015,cherry_tart_pa_4_25,40.042199,-77.16934,Prunus cerasus,USA,0.5177649,NA,257.4,0,28370.24526,0,1639599.93,0,1267887.45,9481.762062,0,0,0,195531.1244,3140870.512,C,David_Biddinger_Prunus_cerasus_USA_2015C
David_Biddinger_Prunus_cerasus_USA_2015,cherry_tart_pa_4_50,40.042199,-77.16934,Prunus cerasus,USA,0.6685248,NA,268.8,0,28370.24526,0,1639599.93,0,1267887.45,9481.762062,0,0,0,195531.1244,3140870.512,C,David_Biddinger_Prunus_cerasus_USA_2015C
David_Biddinger_Prunus_cerasus_USA_2015,cherry_tart_pa_4_100,40.042199,-77.16934,Prunus cerasus,USA,0.5886985,NA,240.3,0,28370.24526,0,1639599.93,0,1267887.45,9481.762062,0,0,0,195531.1244,3140870.512,C,David_Biddinger_Prunus_cerasus_USA_2015C
David_Crowder_Brassica_napus_USA_2013,clar1,46.81185,-117.2215833,Brassica napus,USA,532.3307631,NA,0,0,10544.06461,0,251042.4317,684.672699,23691.11019,0,0,0,0,2860730.973,3146693.252,C,David_Crowder_Brassica_napus_USA_2013C
David_Crowder_Brassica_napus_USA_2013,clar2,46.81383333,-117.1973667,Brassica napus,USA,532.3307631,NA,0,0,5819.483734,0,529018.1086,3902.577271,36050.87289,0,0,0,0,2571907.048,3146698.09,C,David_Crowder_Brassica_napus_USA_2013C
David_Crowder_Brassica_napus_USA_2013,conr1,46.80415,-117.3888167,Brassica napus,USA,330.4121978,NA,0,0,5719.303453,0,238854.3596,68.47694397,5739.011263,0,0,0,0,2896316.3,3146697.452,C,David_Crowder_Brassica_napus_USA_2013C
David_Crowder_Brassica_napus_USA_2013,druf1,46.5284,-117.1001167,Brassica napus,USA,146.8498657,NA,0,0,21978.4492,0,198212.6507,344.1154556,19723.83815,0,0,0,0,2906147.123,3146406.177,C,David_Crowder_Brassica_napus_USA_2013C
David_Crowder_Brassica_napus_USA_2013,hinn1,46.8398,-117.3381667,Brassica napus,USA,399.2480723,NA,0,0,42260.15201,0,292141.5271,1231.737953,35382.29446,0,0,0,0,2775707.259,3146722.971,C,David_Crowder_Brassica_napus_USA_2013C
David_Crowder_Brassica_napus_USA_2013,hinn2,46.82255,-117.27005,Brassica napus,USA,342.5273117,NA,0,0,67596.59686,0,701001.871,27790.55478,72929.34822,0,0,0,0,2277389.289,3146707.66,C,David_Crowder_Brassica_napus_USA_2013C
David_Crowder_Brassica_napus_USA_2013,jens1,46.61418333,-117.0011667,Brassica napus,USA,312.6356352,NA,0,0,14789.1633,0,406490.2968,1580.66259,10376.32087,68.72492218,0,0,0,2713227.405,3146532.574,C,David_Crowder_Brassica_napus_USA_2013C
David_Crowder_Brassica_napus_USA_2013,jens2,46.62691667,-116.96495,Brassica napus,USA,343.0248315,NA,0,0,10200.79328,0,780373.308,0,23625.67658,0,0,0,0,2332343.284,3146543.062,C,David_Crowder_Brassica_napus_USA_2013C
David_Crowder_Brassica_napus_USA_2013,odbe1,46.62156667,-116.87755,Brassica napus,USA,396.4946374,NA,0,0,824.5797195,0,383600.4241,0,0,0,0,0,0,2762123.637,3146548.641,C,David_Crowder_Brassica_napus_USA_2013C
David_Crowder_Brassica_napus_USA_2013,pcfs2,46.75708333,-117.1911,Brassica napus,USA,370.4287862,NA,0,0,200129.6297,0,357202.721,23840.08086,74649.23262,3358.691597,0,0,0,2487071.152,3146251.507,C,David_Crowder_Brassica_napus_USA_2013C
David_Crowder_Brassica_napus_USA_2013,stub3,46.80275,-117.7483667,Brassica napus,USA,403.8371306,NA,0,0,31008.01225,0,1017615.846,684.7828979,0,0,0,0,0,2097333.525,3146642.166,C,David_Crowder_Brassica_napus_USA_2013C
David_Crowder_Brassica_napus_USA_2013,stub7,46.82483333,-117.8013833,Brassica napus,USA,247.8091484,NA,0,0,4312.280396,0,419469.3447,342.2360153,5338.811249,0,0,0,0,2717226.585,3146689.257,C,David_Crowder_Brassica_napus_USA_2013C
David_Crowder_Brassica_napus_USA_2013,UIK,46.58333333,-116.9490333,Brassica napus,USA,464.4127002,NA,0,0,116971.8002,0,405137.6819,3713.043182,17946.09249,0,0,0,0,2602742.49,3146511.107,C,David_Crowder_Brassica_napus_USA_2013C
David_Crowder_Brassica_napus_USA_2013,UIP,46.72315,-116.9525167,Brassica napus,USA,468.0839469,NA,0,0,185584.6872,0,1121761.89,13692.57801,209666.4054,617.1957169,0,0,0,1615102.816,3146425.573,C,David_Crowder_Brassica_napus_USA_2013C
David_Crowder_Brassica_napus_USA_2013,winf1,46.76711667,-117.2727833,Brassica napus,USA,330.4121978,NA,0,0,49857.37218,0,254427.1628,21517.6608,23933.60285,68.51792145,0,0,0,2795798.864,3145603.181,C,David_Crowder_Brassica_napus_USA_2013C
David_Crowder_Brassica_napus_USA_2014,beck2,46.52049516,-116.8654018,Brassica napus,USA,385.4808974,NA,0,0,5506.764664,0,129106.9752,0,67291.41325,0,0,0,0,2944556.324,3146461.477,C,David_Crowder_Brassica_napus_USA_2014C
David_Crowder_Brassica_napus_USA_2014,clar4,46.82851615,-117.1829879,Brassica napus,USA,367.1246642,NA,0,0,1491.707093,0,264712.1288,0,50664.53911,0,0,0,0,2829829.976,3146698.351,C,David_Crowder_Brassica_napus_USA_2014C
David_Crowder_Brassica_napus_USA_2014,conr4,46.80452402,-117.3863142,Brassica napus,USA,357.9465476,NA,0,0,9655.561111,0,278339.2752,68.47694397,6642.167313,0,0,0,0,2851988.6,3146694.08,C,David_Crowder_Brassica_napus_USA_2014C
David_Crowder_Brassica_napus_USA_2014,conr5,46.76715511,-117.4239025,Brassica napus,USA,312.0559646,NA,0,0,31171.40782,0,238884.8835,2398.547539,28086.76791,0,0,0,0,2846058.626,3146600.233,C,David_Crowder_Brassica_napus_USA_2014C
David_Crowder_Brassica_napus_USA_2014,druf3,46.54601958,-117.0951377,Brassica napus,USA,385.4808974,NA,0,0,104329.5325,0,251933.6659,11333.46997,61905.20383,68.799263,0,0,0,2716801.002,3146371.673,C,David_Crowder_Brassica_napus_USA_2014C
David_Crowder_Brassica_napus_USA_2014,jens3,46.62818398,-116.9656215,Brassica napus,USA,385.4808974,NA,0,0,11678.55838,0,993292.9581,0,22533.4097,0,0,0,0,2119041.966,3146546.892,C,David_Crowder_Brassica_napus_USA_2014C
David_Crowder_Brassica_napus_USA_2014,jens4,46.5844899,-117.0123397,Brassica napus,USA,367.1246642,NA,0,0,9566.787873,0,289041.5937,0,30417.09339,0,0,0,0,2817408.952,3146434.427,C,David_Crowder_Brassica_napus_USA_2014C
David_Crowder_Brassica_napus_USA_2014,odbe2,46.5121441,-116.8315732,Brassica napus,USA,365.1054786,NA,0,0,15144.91576,0,177716.604,1996.368256,75621.94252,0,0,0,0,2875917.559,3146397.39,C,David_Crowder_Brassica_napus_USA_2014C
David_Crowder_Brassica_napus_USA_2014,olso2,47.06353596,-117.1162823,Brassica napus,USA,211.0966819,NA,0,0,0,0,17310.55546,0,0,0,0,0,0,3129013.814,3146324.369,C,David_Crowder_Brassica_napus_USA_2014C
David_Crowder_Brassica_napus_USA_2014,olso3,46.78988156,-117.8018531,Brassica napus,USA,169.7951572,NA,0,0,0,0,905829.4018,0,0,0,0,0,0,2240430.679,3146260.081,C,David_Crowder_Brassica_napus_USA_2014C
David_Crowder_Brassica_napus_USA_2014,pcfs4,46.7621798,-117.1967765,Brassica napus,USA,122.9867625,NA,0,0,45607.30608,0,196195.0998,342.633049,26454.89186,0,0,0,0,2877279.251,3145879.182,C,David_Crowder_Brassica_napus_USA_2014C
David_Crowder_Brassica_napus_USA_2014,stub10,46.81609892,-117.8014532,Brassica napus,USA,238.6310317,NA,0,0,28489.13191,0,1020206.786,1574.778389,0,0,0,0,0,2096434.515,3146705.211,C,David_Crowder_Brassica_napus_USA_2014C
David_Crowder_Brassica_napus_USA_2014,stub8,46.81187462,-117.7163825,Brassica napus,USA,203.0199393,NA,0,0,31286.25528,0,334064.1837,1445.125045,753.1580048,0,0,0,0,2779025.379,3146574.101,C,David_Crowder_Brassica_napus_USA_2014C
David_Crowder_Brassica_napus_USA_2014,UIK2,46.59202993,-116.9462683,Brassica napus,USA,468.0839469,NA,0,0,109303.114,0,424763.2362,962.4591217,5367.548438,0,0,0,0,2606124.098,3146520.456,C,David_Crowder_Brassica_napus_USA_2014C
David_Crowder_Brassica_napus_USA_2014,UIP4,46.72732337,-116.9558962,Brassica napus,USA,372.6315342,NA,0,0,311357.9131,0,946756.534,12545.94488,237679.4771,617.1957169,0,0,0,1637546.269,3146503.334,C,David_Crowder_Brassica_napus_USA_2014C
David_Crowder_Fragaria_ananassa_USA_2016,site_3,47.57,-122.316,Fragaria x ananassa,USA,5.611885714,6.142188889,0,0,1825853.245,0,460484.9407,17023.73756,839809.462,0,0,0,0,3172.861649,3146344.247,C,David_Crowder_Fragaria_ananassa_USA_2016C
David_Crowder_Fragaria_ananassa_USA_2016,site_5,47.57,-122.316,Fragaria x ananassa,USA,10.86221429,7.747675,0,0,1825853.245,0,460484.9407,17023.73756,839809.462,0,0,0,0,3172.861649,3146344.247,C,David_Crowder_Fragaria_ananassa_USA_2016C
David_Crowder_Fragaria_ananassa_USA_2016,site_6,47.057,-122.97,Fragaria x ananassa,USA,5.854522222,5.289811111,0,0,127500.1744,0,517350.6944,0,2501269.379,0,0,0,0,0,3146120.248,C,David_Crowder_Fragaria_ananassa_USA_2016C
David_Crowder_Fragaria_ananassa_USA_2016,site_7,47.057,-122.97,Fragaria x ananassa,USA,8.819636364,6.2267,0,0,127500.1744,0,517350.6944,0,2501269.379,0,0,0,0,0,3146120.248,C,David_Crowder_Fragaria_ananassa_USA_2016C
David_Crowder_Fragaria_ananassa_USA_2016,site_8,47.678,-121.949,Fragaria x ananassa,USA,9.24552,10.522675,0,0,67052.70962,0,1346601.491,202.1052933,1433215.021,192508.358,0,0,0,107557.4576,3147137.143,C,David_Crowder_Fragaria_ananassa_USA_2016C
David_Crowder_Fragaria_ananassa_USA_2016,site_13,47.678,-121.949,Fragaria x ananassa,USA,3.883588889,6.737471429,0,0,67052.70962,0,1346601.491,202.1052933,1433215.021,192508.358,0,0,0,107557.4576,3147137.143,C,David_Crowder_Fragaria_ananassa_USA_2016C
David_Crowder_Fragaria_ananassa_USA_2016,site_18,47.063,-122.926,Fragaria x ananassa,USA,3.768675,3.571,0,0,256225.9205,0,157615.9149,6065.307732,2483974.207,242957.4115,0,0,68.14662933,0,3146906.908,C,David_Crowder_Fragaria_ananassa_USA_2016C
David_Crowder_Fragaria_ananassa_USA_2016,site_23,47.063,-122.926,Fragaria x ananassa,USA,7.950277778,6.390371429,0,0,256225.9205,0,157615.9149,6065.307732,2483974.207,242957.4115,0,0,68.14662933,0,3146906.908,C,David_Crowder_Fragaria_ananassa_USA_2016C
David_Crowder_Fragaria_ananassa_USA_2016,site_24,48.543,-122.413,Fragaria x ananassa,USA,5.26205,3.910571429,0,0,34129.65809,0,1917584.126,198.79673,13284.26881,0,0,0,0,1182556.291,3147753.14,C,David_Crowder_Fragaria_ananassa_USA_2016C
David_Crowder_Fragaria_ananassa_USA_2016,site_25,48.543,-122.413,Fragaria x ananassa,USA,10.25482222,6.519311111,0,0,34129.65809,0,1917584.126,198.79673,13284.26881,0,0,0,0,1182556.291,3147753.14,C,David_Crowder_Fragaria_ananassa_USA_2016C
David_Crowder_Fragaria_ananassa_USA_2016,site_26,47.562,-122.303,Fragaria x ananassa,USA,6.573636364,6.082818182,0,0,1409280.072,0,511750.1447,405.0984421,1225486.919,0,0,0,0,405.0649338,3147327.3,C,David_Crowder_Fragaria_ananassa_USA_2016C
David_Crowder_Fragaria_ananassa_USA_2016,site_29,47.562,-122.303,Fragaria x ananassa,USA,4.505925,4.31491,0,0,1409280.072,0,511750.1447,405.0984421,1225486.919,0,0,0,0,405.0649338,3147327.3,C,David_Crowder_Fragaria_ananassa_USA_2016C
David_Crowder_Fragaria_ananassa_USA_2016,site_30,47.543,-122.287,Fragaria x ananassa,USA,8.975714286,7.195442857,0,0,1693889.402,0,232804.8775,4998.485481,1214751.692,0,0,0,0,540.3813629,3146984.838,C,David_Crowder_Fragaria_ananassa_USA_2016C
David_Crowder_Fragaria_ananassa_USA_2016,site_31,47.543,-122.287,Fragaria x ananassa,USA,7.043857143,7.0032,0,0,1693889.402,0,232804.8775,4998.485481,1214751.692,0,0,0,0,540.3813629,3146984.838,C,David_Crowder_Fragaria_ananassa_USA_2016C
David_Crowder_Fragaria_ananassa_USA_2016,site_34,47.671,-121.976,Fragaria x ananassa,USA,8.165618182,6.8472125,0,0,31614.14501,0,1437883.774,0,1620495.399,0,0,0,0,57199.98539,3147193.304,C,David_Crowder_Fragaria_ananassa_USA_2016C
David_Crowder_Fragaria_ananassa_USA_2016,site_36,47.671,-121.976,Fragaria x ananassa,USA,8.442,7.9361375,0,0,31614.14501,0,1437883.774,0,1620495.399,0,0,0,0,57199.98539,3147193.304,C,David_Crowder_Fragaria_ananassa_USA_2016C
David_Kleijn_Allium_porrum_Italy_2012,1_Prod_Field,41.249514,15.384286,Allium porrum,Italy,0,NA,0,0,10444.35542,15505.54946,217638.2709,3380.127182,824941.6661,0,0,0,0,2069978.298,3141888.267,C,David_Kleijn_Allium_porrum_Italy_2012C
David_Kleijn_Allium_porrum_Italy_2012,1TT,41.465556,15.088056,Allium porrum,Italy,0,NA,0,0,32757.05507,3294.232559,275871.5211,3144.555275,1265595.509,0,0,0,0,1561296.647,3141959.52,C,David_Kleijn_Allium_porrum_Italy_2012C
David_Kleijn_Allium_porrum_Italy_2012,2TT,41.242222,15.349722,Allium porrum,Italy,0,NA,0,0,123524.206,36889.22021,111882.6505,375.6104584,2485895.792,0,0,0,0,382330.565,3140898.044,C,David_Kleijn_Allium_porrum_Italy_2012C
David_Kleijn_Allium_porrum_Italy_2012,3TT,41.296667,15.58,Allium porrum,Italy,0,NA,0,0,19595.63425,11846.28707,57900.64972,19292.95945,106862.2044,10584.0265,0,0,0,2915859.153,3141940.914,C,David_Kleijn_Allium_porrum_Italy_2012C
David_Kleijn_Allium_porrum_Italy_2012,4TT,41.290892,15.440464,Allium porrum,Italy,0,NA,0,0,19231.67758,75.06105042,18342.16191,0,6797.429155,0,0,0,0,3096456.683,3140903.013,C,David_Kleijn_Allium_porrum_Italy_2012C
David_Kleijn_Allium_porrum_Italy_2012,5TT,41.275,15.5225,Allium porrum,Italy,0,NA,0,0,1727.085617,0,3979.906456,1276.55262,1802.224197,0,0,0,0,3132575.877,3141361.646,C,David_Kleijn_Allium_porrum_Italy_2012C
David_Kleijn_Allium_porrum_Italy_2012,6TT,41.358333,15.035,Allium porrum,Italy,0,NA,0,0,26911.97796,3599.65493,169235.6042,38007.09762,1082153.843,0,0,0,0,1821525.916,3141434.094,C,David_Kleijn_Allium_porrum_Italy_2012C
David_Kleijn_Allium_porrum_Italy_2012,7TT,41.173006,15.465022,Allium porrum,Italy,0,NA,0,0,18004.28446,150.4204407,227282.4171,5194.000268,5490.045464,0,0,0,0,2885570.018,3141691.185,C,David_Kleijn_Allium_porrum_Italy_2012C
David_Kleijn_Allium_porrum_Italy_2012,8TT,41.099167,15.323611,Allium porrum,Italy,0,NA,0,0,12898.65619,4969.415642,188294.1406,225.8914185,836019.5129,0,0,0,0,2098985.976,3141393.593,C,David_Kleijn_Allium_porrum_Italy_2012C
David_Kleijn_Allium_porrum_Italy_2012,Prod. Bedr.,41.314486,15.464256,Allium porrum,Italy,0,NA,0,0,147870.6834,2026.128639,133428.9103,26575.73071,685891.4367,3901.983833,0,0,0,2141970.616,3141665.49,C,David_Kleijn_Allium_porrum_Italy_2012C
David_Kleijn_Malus_domestica_Netherlands_2010,Dreumel,51.86754489,5.430759851,Malus domestica,Netherlands,0,NA,0,0,80156.21314,0,1024725.145,8533.679234,363733.5873,1507617.035,0,0,5009.230812,161322.0282,3151096.918,C,David_Kleijn_Malus_domestica_Netherlands_2010C
David_Kleijn_Malus_domestica_Netherlands_2010,Echteld,51.89446027,5.503424942,Malus domestica,Netherlands,0,NA,0,0,88288.25396,0,1817444.847,44954.91788,164975.9573,746315.5374,0,0,865.3337097,287991.9669,3150836.814,C,David_Kleijn_Malus_domestica_Netherlands_2010C
David_Kleijn_Malus_domestica_Netherlands_2010,Heeselt,51.81361496,5.343697266,Malus domestica,Netherlands,0,NA,0,0,50196.74949,0,1471317.126,25318.8247,231489.6394,1034304.053,0,0,4315.485161,334104.9845,3151046.862,C,David_Kleijn_Malus_domestica_Netherlands_2010C
David_Kleijn_Malus_domestica_Netherlands_2010,Hurwenen,51.79560244,5.28573089,Malus domestica,Netherlands,0,NA,0,0,287932.3165,0,2135592.778,13131.53287,272709.6737,38231.176,0,0,743.2769852,402690.9191,3151031.673,C,David_Kleijn_Malus_domestica_Netherlands_2010C
David_Kleijn_Malus_domestica_Netherlands_2010,Varik,51.83159882,5.372694962,Malus domestica,Netherlands,0,NA,0,0,168693.0571,0,1672626.895,123.7849045,564217.7837,265712.0906,0,0,56680.20734,423012.9606,3151066.779,C,David_Kleijn_Malus_domestica_Netherlands_2010C
David_Kleijn_Malus_domestica_Netherlands_2010,Zaltbommel,51.81355054,5.256687134,Malus domestica,Netherlands,0,NA,0,0,1011281.804,0,570939.9179,2538.388348,645614.5239,700402.332,0,0,141.0690144,220128.3563,3151046.391,C,David_Kleijn_Malus_domestica_Netherlands_2010C
David_Kleijn_Malus_domestica_Netherlands_2011,Dreumel,51.86754489,5.430759851,Malus domestica,Netherlands,0,NA,0,0,80156.21314,0,1024725.145,8533.679234,363733.5873,1507617.035,0,0,5009.230812,161322.0282,3151096.918,C,David_Kleijn_Malus_domestica_Netherlands_2011C
David_Kleijn_Malus_domestica_Netherlands_2011,Echteld,51.89446027,5.503424942,Malus domestica,Netherlands,0,NA,0,0,88288.25396,0,1817444.847,44954.91788,164975.9573,746315.5374,0,0,865.3337097,287991.9669,3150836.814,C,David_Kleijn_Malus_domestica_Netherlands_2011C
David_Kleijn_Malus_domestica_Netherlands_2011,Heeselt,51.81361496,5.343697266,Malus domestica,Netherlands,0,NA,0,0,50196.74949,0,1471317.126,25318.8247,231489.6394,1034304.053,0,0,4315.485161,334104.9845,3151046.862,C,David_Kleijn_Malus_domestica_Netherlands_2011C
David_Kleijn_Malus_domestica_Netherlands_2011,Hurwenen,51.79560244,5.28573089,Malus domestica,Netherlands,0,NA,0,0,287932.3165,0,2135592.778,13131.53287,272709.6737,38231.176,0,0,743.2769852,402690.9191,3151031.673,C,David_Kleijn_Malus_domestica_Netherlands_2011C
David_Kleijn_Malus_domestica_Netherlands_2011,Varik,51.83159882,5.372694962,Malus domestica,Netherlands,0,NA,0,0,168693.0571,0,1672626.895,123.7849045,564217.7837,265712.0906,0,0,56680.20734,423012.9606,3151066.779,C,David_Kleijn_Malus_domestica_Netherlands_2011C
David_Kleijn_Malus_domestica_Netherlands_2011,Zaltbommel,51.81355054,5.256687134,Malus domestica,Netherlands,0,NA,0,0,1011281.804,0,570939.9179,2538.388348,645614.5239,700402.332,0,0,141.0690144,220128.3563,3151046.391,C,David_Kleijn_Malus_domestica_Netherlands_2011C
David_Kleijn_Malus_domestica_Netherlands_2013,E1,51.8601613,5.8062721,Malus domestica,Netherlands,161500,NA,29,17,407549.0516,0,1270390.347,309.286026,712401.5365,391793.9054,0,0,9494.509342,359159.4238,3151098.059,C,David_Kleijn_Malus_domestica_Netherlands_2013C
David_Kleijn_Malus_domestica_Netherlands_2013,E2,51.8703706,5.4417973,Malus domestica,Netherlands,0,NA,20,4,68521.54038,0,1407301.055,1855.023296,385092.0098,734987.0719,0,0,7111.581638,546231.7102,3151099.992,C,David_Kleijn_Malus_domestica_Netherlands_2013C
David_Kleijn_Malus_domestica_Netherlands_2013,E3,51.9029795,5.5128768,Malus domestica,Netherlands,0,NA,22,10,56416.44772,61.78718567,1649506.45,247.210144,431217.1671,360969.673,0,0,12977.60914,639731.7154,3151128.059,C,David_Kleijn_Malus_domestica_Netherlands_2013C
David_Kleijn_Malus_domestica_Netherlands_2013,E4,51.8282669,5.1994014,Malus domestica,Netherlands,157500,NA,18,21,289671.0612,0,1429493.049,0,253654.7668,403733.7714,0,0,63177.83838,710896.8065,3150627.293,C,David_Kleijn_Malus_domestica_Netherlands_2013C
David_Kleijn_Malus_domestica_Netherlands_2013,E5,51.7477187,5.1439569,Malus domestica,Netherlands,0,NA,20,13,125255.7318,0,1109217.387,0,371556.2373,529803.4933,0,0,8281.661831,1006530.932,3150645.443,C,David_Kleijn_Malus_domestica_Netherlands_2013C
David_Kleijn_Malus_domestica_Netherlands_2013,E6,52.0425936,5.125056,Malus domestica,Netherlands,123500,NA,0,0,366877.2484,0,1136833.476,2032.768658,976621.2767,197461.1556,0,0,5726.877497,464747.399,3150300.202,C,David_Kleijn_Malus_domestica_Netherlands_2013C
David_Kleijn_Malus_domestica_Netherlands_2013,E7,51.8442913,5.6505153,Malus domestica,Netherlands,126350,NA,30,22,142397.5135,0,1163403.339,0,615145.1268,2475.069668,0,0,185.6282272,1227465.697,3151072.375,C,David_Kleijn_Malus_domestica_Netherlands_2013C
David_Kleijn_Malus_domestica_Netherlands_2013,E8,51.9036083,5.2891051,Malus domestica,Netherlands,0,NA,27,3,93606.7943,0,2017624.162,0,310701.1174,13347.80793,0,0,4449.426231,711395.3266,3151124.635,C,David_Kleijn_Malus_domestica_Netherlands_2013C
David_Kleijn_Malus_domestica_Netherlands_2013,E9,52.0070326,5.2756257,Malus domestica,Netherlands,131625,NA,29,13,111399.5817,0,1839337,678.1551208,844988.3571,2157.985119,0,0,8602.838444,344036.302,3151200.22,C,David_Kleijn_Malus_domestica_Netherlands_2013C
David_Kleijn_Malus_domestica_Netherlands_2013,E10,52.0039453,5.2189094,Malus domestica,Netherlands,0,NA,30,12,250426.9034,616.6639099,1401685.628,123.3214645,1043333.773,128028.9378,0,0,60062.96901,265884.2833,3150162.481,C,David_Kleijn_Malus_domestica_Netherlands_2013C
David_Kleijn_Malus_domestica_Netherlands_2013,E11,51.8751674,5.2435112,Malus domestica,Netherlands,180000,NA,30,15,200572.4835,0,2018137.291,185.4922905,568709.4655,0,0,0,0,363501.8339,3151106.566,C,David_Kleijn_Malus_domestica_Netherlands_2013C
David_Kleijn_Malus_domestica_Netherlands_2013,E12,52.0388246,5.1987092,Malus domestica,Netherlands,20000,NA,8,4,56221.74066,0,2342161.624,0,209031.7183,3725.693712,0,0,910.8955236,539190.5812,3151242.253,C,David_Kleijn_Malus_domestica_Netherlands_2013C
David_Kleijn_Malus_domestica_Netherlands_2013,E13,51.8536685,5.2779504,Malus domestica,Netherlands,59500,NA,5,10,246133.9616,0,1800302.979,1175.428642,598963.5037,309.2899323,0,0,309.3435974,503889.0063,3151083.513,C,David_Kleijn_Malus_domestica_Netherlands_2013C
David_Kleijn_Malus_domestica_Netherlands_2013,E14,51.8654452,5.3574102,Malus domestica,Netherlands,277704,NA,17,25,143237.3014,0,2127929.636,0,326848.9864,0,0,0,8719.339275,544354.9654,3151090.229,C,David_Kleijn_Malus_domestica_Netherlands_2013C
David_Kleijn_Malus_domestica_Netherlands_2013,E15,51.9172435,5.7995369,Malus domestica,Netherlands,9.00E+05,NA,30,30,261413.1557,0,1584192.722,0,317111.2548,0,0,0,0,988300.3409,3151017.473,C,David_Kleijn_Malus_domestica_Netherlands_2013C
David_Kleijn_Malus_domestica_Netherlands_2014,E1,51.8601614,5.8062722,Malus domestica,Netherlands,299200,NA,26,15,407549.0516,0,1270390.347,309.286026,712401.5365,391793.9054,0,0,9494.509342,359159.4238,3151098.059,C,David_Kleijn_Malus_domestica_Netherlands_2014C
David_Kleijn_Malus_domestica_Netherlands_2014,E2,51.8698299,5.444991,Malus domestica,Netherlands,50000,NA,30,35,109229.9233,0,1606316.387,2844.658913,390019.4098,372841.7283,0,0,7111.581638,662600.1407,3150963.83,C,David_Kleijn_Malus_domestica_Netherlands_2014C
David_Kleijn_Malus_domestica_Netherlands_2014,E3,51.9029796,5.5128768,Malus domestica,Netherlands,0,NA,32,14,56416.44772,61.78718567,1649506.45,247.210144,431217.1671,360969.673,0,0,12977.60914,639731.7154,3151128.059,C,David_Kleijn_Malus_domestica_Netherlands_2014C
David_Kleijn_Malus_domestica_Netherlands_2014,E4,51.827383,5.2030751,Malus domestica,Netherlands,220000,NA,21,15,385036.8061,0,1367329.574,123.7886887,305852.4811,397913.4547,0,0,48934.93699,645869.2606,3151060.302,C,David_Kleijn_Malus_domestica_Netherlands_2014C
David_Kleijn_Malus_domestica_Netherlands_2014,E6,52.0427288,5.1251719,Malus domestica,Netherlands,150000,NA,27,17,373551.2937,0,1141139.673,2032.768658,979181.5379,184477.1438,0,0,5219.913571,465631.9036,3151234.235,C,David_Kleijn_Malus_domestica_Netherlands_2014C
David_Kleijn_Malus_domestica_Netherlands_2014,E7,51.8442913,5.6505153,Malus domestica,Netherlands,3.00E+05,NA,30,15,142397.5135,0,1163403.339,0,615145.1268,2475.069668,0,0,185.6282272,1227465.697,3151072.375,C,David_Kleijn_Malus_domestica_Netherlands_2014C
David_Kleijn_Malus_domestica_Netherlands_2014,E8,51.9036084,5.2891051,Malus domestica,Netherlands,49000,NA,30,17,93606.7943,0,2017624.162,0,310701.1174,13347.80793,0,0,4449.426231,711395.3266,3151124.635,C,David_Kleijn_Malus_domestica_Netherlands_2014C
David_Kleijn_Malus_domestica_Netherlands_2014,E9,52.0070327,5.2756257,Malus domestica,Netherlands,130000,NA,29,7,111399.5817,0,1839337,678.1551208,844988.3571,2157.985119,0,0,8602.838444,344036.302,3151200.22,C,David_Kleijn_Malus_domestica_Netherlands_2014C
David_Kleijn_Malus_domestica_Netherlands_2014,E11,51.8751675,5.2435112,Malus domestica,Netherlands,250000,NA,33,10,200572.4835,0,2018137.291,185.4922905,568709.4655,0,0,0,0,363501.8339,3151106.566,C,David_Kleijn_Malus_domestica_Netherlands_2014C
David_Kleijn_Malus_domestica_Netherlands_2014,E13,51.8536685,5.2779504,Malus domestica,Netherlands,110000,NA,31,24,246133.9616,0,1800302.979,1175.428642,598963.5037,309.2899323,0,0,309.3435974,503889.0063,3151083.513,C,David_Kleijn_Malus_domestica_Netherlands_2014C
David_Kleijn_Malus_domestica_Netherlands_2014,E14,51.8654452,5.3574102,Malus domestica,Netherlands,240000,NA,30,29,143237.3014,0,2127929.636,0,326848.9864,0,0,0,8719.339275,544354.9654,3151090.229,C,David_Kleijn_Malus_domestica_Netherlands_2014C
David_Kleijn_Malus_domestica_Netherlands_2014,E15,51.9172436,5.7995369,Malus domestica,Netherlands,1500000,NA,31,21,261413.1557,0,1584192.722,0,317111.2548,0,0,0,0,988300.3409,3151017.473,C,David_Kleijn_Malus_domestica_Netherlands_2014C
David_Kleijn_Malus_domestica_Netherlands_2014,E31,51.8837047,5.6211019,Malus domestica,Netherlands,35000,NA,31,23,808236.8512,0,1385045.166,1174.572945,504522.4709,117539.9082,0,0,14651.21505,319664.1005,3150834.285,C,David_Kleijn_Malus_domestica_Netherlands_2014C
David_Kleijn_Malus_domestica_Netherlands_2014,E32,51.8780994,5.5563312,Malus domestica,Netherlands,750000,NA,31,23,316434.8919,0,2107550.277,0,139848.3524,7341.747543,0,0,0,579921.7684,3151097.037,C,David_Kleijn_Malus_domestica_Netherlands_2014C
David_Kleijn_Malus_domestica_Netherlands_2014,E33,51.904667,5.6875893,Malus domestica,Netherlands,165000,NA,31,13,155262.3787,0,1334220.26,12787.94369,498437.0944,212799.7111,0,0,3932.35056,933432.8518,3150872.591,C,David_Kleijn_Malus_domestica_Netherlands_2014C
David_Kleijn_Pyrus_communis_Netherlands_2010,Dreumel_P5,51.84957276,5.416229109,Pyrus communis,Netherlands,0,NA,0,0,206996.0403,0,1276329.837,5011.374817,519849.0123,894634.9763,0,0,16147.51063,232116.0962,3151084.848,C,David_Kleijn_Pyrus_communis_Netherlands_2010C
David_Kleijn_Pyrus_communis_Netherlands_2010,Echteld_P6,51.89446027,5.503424942,Pyrus communis,Netherlands,0,NA,0,0,88288.25396,0,1817444.847,44954.91788,164975.9573,746315.5374,0,0,865.3337097,287991.9669,3150836.814,C,David_Kleijn_Pyrus_communis_Netherlands_2010C
David_Kleijn_Pyrus_communis_Netherlands_2010,Heeselt_P4,51.81361943,5.358198976,Pyrus communis,Netherlands,0,NA,0,0,110810.8008,0,1536010.432,11263.72953,402836.4368,815716.0842,0,0,61.90760422,274349.1079,3151048.499,C,David_Kleijn_Pyrus_communis_Netherlands_2010C
David_Kleijn_Pyrus_communis_Netherlands_2010,Hurwenen_P3,51.80460245,5.300209484,Pyrus communis,Netherlands,0,NA,0,0,107350.2245,0,1714568.928,0,600757.8717,172729.6969,0,0,28486.67955,527147.8619,3151041.262,C,David_Kleijn_Pyrus_communis_Netherlands_2010C
David_Kleijn_Pyrus_communis_Netherlands_2010,Zaltbommel_P1,51.81355054,5.256687134,Pyrus communis,Netherlands,0,NA,0,0,1011281.804,0,570939.9179,2538.388348,645614.5239,700402.332,0,0,141.0690144,220128.3563,3151046.391,C,David_Kleijn_Pyrus_communis_Netherlands_2010C
David_Kleijn_Pyrus_communis_Netherlands_2010,Zaltbommel_P2,51.81355054,5.256687134,Pyrus communis,Netherlands,0,NA,0,0,1011281.804,0,570939.9179,2538.388348,645614.5239,700402.332,0,0,141.0690144,220128.3563,3151046.391,C,David_Kleijn_Pyrus_communis_Netherlands_2010C
David_Kleijn_Pyrus_communis_Netherlands_2011,Dreumel_P5,51.84957276,5.416229109,Pyrus communis,Netherlands,0,NA,0,0,206996.0403,0,1276329.837,5011.374817,519849.0123,894634.9763,0,0,16147.51063,232116.0962,3151084.848,C,David_Kleijn_Pyrus_communis_Netherlands_2011C
David_Kleijn_Pyrus_communis_Netherlands_2011,Echteld_P6,51.89446027,5.503424942,Pyrus communis,Netherlands,0,NA,0,0,88288.25396,0,1817444.847,44954.91788,164975.9573,746315.5374,0,0,865.3337097,287991.9669,3150836.814,C,David_Kleijn_Pyrus_communis_Netherlands_2011C
David_Kleijn_Pyrus_communis_Netherlands_2011,Heeselt_P4,51.81361943,5.358198976,Pyrus communis,Netherlands,0,NA,0,0,110810.8008,0,1536010.432,11263.72953,402836.4368,815716.0842,0,0,61.90760422,274349.1079,3151048.499,C,David_Kleijn_Pyrus_communis_Netherlands_2011C
David_Kleijn_Pyrus_communis_Netherlands_2011,Hurwenen_P3,51.80460245,5.300209484,Pyrus communis,Netherlands,0,NA,0,0,107350.2245,0,1714568.928,0,600757.8717,172729.6969,0,0,28486.67955,527147.8619,3151041.262,C,David_Kleijn_Pyrus_communis_Netherlands_2011C
David_Kleijn_Pyrus_communis_Netherlands_2011,Zaltbommel_P1,51.81355054,5.256687134,Pyrus communis,Netherlands,0,NA,0,0,1011281.804,0,570939.9179,2538.388348,645614.5239,700402.332,0,0,141.0690144,220128.3563,3151046.391,C,David_Kleijn_Pyrus_communis_Netherlands_2011C
David_Kleijn_Pyrus_communis_Netherlands_2011,Zaltbommel_P2,51.81355054,5.256687134,Pyrus communis,Netherlands,0,NA,0,0,1011281.804,0,570939.9179,2538.388348,645614.5239,700402.332,0,0,141.0690144,220128.3563,3151046.391,C,David_Kleijn_Pyrus_communis_Netherlands_2011C
David_Kleijn_Vaccinium_corymbosum_Netherlands_2013,B16,51.2088514,6.0587518,Vaccinium corymbosum,Netherlands,19000,NA,97.5734021,47.39417989,73885.73398,62.73460007,1182851.555,0,1541795.069,23043.80123,0,0,45297.36331,283460.4082,3150396.665,C,David_Kleijn_Vaccinium_corymbosum_Netherlands_2013C
David_Kleijn_Vaccinium_corymbosum_Netherlands_2013,B17,51.4920974,6.1489818,Vaccinium corymbosum,Netherlands,1.00E+05,NA,95.67287785,74.62330343,346582.6377,0,1071987.965,436.4878235,787432.4379,0,0,0,0,944325.7636,3150765.292,C,David_Kleijn_Vaccinium_corymbosum_Netherlands_2013C
David_Kleijn_Vaccinium_corymbosum_Netherlands_2013,B18,51.2315975,5.9440147,Vaccinium corymbosum,Netherlands,70000,NA,90.35599264,70.94176757,660188.4039,0,609729.2561,0,1494306.183,0,0,0,0,386304.431,3150528.273,C,David_Kleijn_Vaccinium_corymbosum_Netherlands_2013C
David_Kleijn_Vaccinium_corymbosum_Netherlands_2013,B19,52.747628,6.5503713,Vaccinium corymbosum,Netherlands,13286,NA,71.79998745,53.04750403,86640.4294,0,1360292.112,303.2475243,1387216.092,121.2948532,0,0,0,316234.6082,3150807.784,C,David_Kleijn_Vaccinium_corymbosum_Netherlands_2013C
David_Kleijn_Vaccinium_corymbosum_Netherlands_2013,B20,51.2889976,5.9757352,Vaccinium corymbosum,Netherlands,17000,NA,87.9930923,76.7431562,48007.53381,0,1039163.258,0,1229576.438,105533.3071,0,0,0,728054.4974,3150335.035,C,David_Kleijn_Vaccinium_corymbosum_Netherlands_2013C
David_Kleijn_Vaccinium_corymbosum_Netherlands_2013,B21,51.4422332,5.9461707,Vaccinium corymbosum,Netherlands,11470,NA,87.22447038,50.50667127,56641.64792,0,1141909.363,187.2359009,547287.1771,5256.480216,0,0,0,1399438.589,3150720.493,C,David_Kleijn_Vaccinium_corymbosum_Netherlands_2013C
David_Kleijn_Vaccinium_corymbosum_Netherlands_2013,B22,51.2832048,5.9046948,Vaccinium corymbosum,Netherlands,1269,NA,83.77043014,61.78743961,212578.7527,0,675364.2268,2255.174789,1108420.192,7640.57465,0,0,3695.017918,1139964.959,3149918.898,C,David_Kleijn_Vaccinium_corymbosum_Netherlands_2013C
David_Kleijn_Vaccinium_corymbosum_Netherlands_2013,B23,51.3121815,5.831574,Vaccinium corymbosum,Netherlands,0,NA,90.57820048,66.72030868,55021.54,0,795884.3475,62.60008621,308851.1187,0,0,0,0,1990468.372,3150287.978,C,David_Kleijn_Vaccinium_corymbosum_Netherlands_2013C
David_Kleijn_Vaccinium_corymbosum_Netherlands_2013,B24,51.4352356,6.0898714,Vaccinium corymbosum,Netherlands,10000,NA,93.93274097,82.13639473,327283.5599,0,1512617.796,62.92875194,418131.9288,21954.91617,0,0,245.5891886,870108.6087,3150405.327,C,David_Kleijn_Vaccinium_corymbosum_Netherlands_2013C
David_Kleijn_Vaccinium_corymbosum_Netherlands_2013,B25,51.4701715,6.0979813,Vaccinium corymbosum,Netherlands,36400,NA,90.247114,50.85664182,313137.8652,0,1429514.939,62.38579559,171140.8381,13163.47239,0,0,0,1223716.055,3150735.556,C,David_Kleijn_Vaccinium_corymbosum_Netherlands_2013C
David_Kleijn_Vaccinium_corymbosum_Netherlands_2013,B26,52.4294047,6.6717803,Vaccinium corymbosum,Netherlands,1200,NA,93.20163331,82.98039923,134148.0918,0,2033908.235,0,368682.9631,0,0,0,0,614563.1952,3151302.485,C,David_Kleijn_Vaccinium_corymbosum_Netherlands_2013C
David_Kleijn_Vaccinium_corymbosum_Netherlands_2013,B27,51.4755862,6.0900194,Vaccinium corymbosum,Netherlands,58500,NA,82.09245666,73.03907365,175903.7007,0,1292960.058,686.1173325,361031.6814,1962.794397,0,0,0,1317160.533,3149704.885,C,David_Kleijn_Vaccinium_corymbosum_Netherlands_2013C
David_Kleijn_Vaccinium_corymbosum_Netherlands_2013,B28,52.7225649,6.6248891,Vaccinium corymbosum,Netherlands,20400,NA,90.7894159,76.92870736,337068.8953,0,916902.5558,3216.246178,626853.2373,12134.92358,0,0,2669.684761,1252972.522,3151818.065,C,David_Kleijn_Vaccinium_corymbosum_Netherlands_2013C
David_Kleijn_Vaccinium_corymbosum_Netherlands_2013,B29,52.7139189,6.6606383,Vaccinium corymbosum,Netherlands,21000,NA,92.65884518,49.24052713,65622.37445,0,1442534.908,0,409668.1751,60.67910767,0,0,0,1233924.912,3151811.048,C,David_Kleijn_Vaccinium_corymbosum_Netherlands_2013C
David_Kleijn_Vaccinium_corymbosum_Netherlands_2013,B30,52.7391661,6.7475419,Vaccinium corymbosum,Netherlands,35770,NA,97.10144928,73.74945103,21727.67094,0,1233694.417,0,354811.4843,181.9550247,0,0,1637.615665,1538650.823,3150703.966,C,David_Kleijn_Vaccinium_corymbosum_Netherlands_2013C
David_Kleijn_Vaccinium_corymbosum_Netherlands_2014,B16,51.20831,6.059116,Vaccinium corymbosum,Netherlands,32000,NA,89.469114,32.22420635,65732.54898,62.73460007,1202521.597,0,1550319.434,23089.07842,0,0,45300.80828,263295.7761,3150321.977,C,David_Kleijn_Vaccinium_corymbosum_Netherlands_2014C
David_Kleijn_Vaccinium_corymbosum_Netherlands_2014,B17,51.4903063,6.13965,Vaccinium corymbosum,Netherlands,120000,NA,79.97454706,38.68312757,65438.28912,0,941466.9404,187.0739899,1351193.553,0,0,0,0,792064.2858,3150350.142,C,David_Kleijn_Vaccinium_corymbosum_Netherlands_2014C
David_Kleijn_Vaccinium_corymbosum_Netherlands_2014,B18,51.2315817,5.9454463,Vaccinium corymbosum,Netherlands,120000,NA,83.18771044,34.07299182,750464.0234,0,607984.3679,0,1436976.996,0,0,0,0,355066.2256,3150491.613,C,David_Kleijn_Vaccinium_corymbosum_Netherlands_2014C
David_Kleijn_Vaccinium_corymbosum_Netherlands_2014,B19,52.7481441,6.5518365,Vaccinium corymbosum,Netherlands,14300,NA,52.76984127,24.05555556,93537.88072,0,1339433.457,303.2475243,1390077.379,121.2948532,0,0,0,328370.071,3151843.329,C,David_Kleijn_Vaccinium_corymbosum_Netherlands_2014C
David_Kleijn_Vaccinium_corymbosum_Netherlands_2014,B20,51.2859604,5.973761,Vaccinium corymbosum,Netherlands,16000,NA,67.05026455,36.82787698,48080.11343,0,1224878.823,0,1028210.22,116639.2326,0,0,0,732377.9072,3150186.296,C,David_Kleijn_Vaccinium_corymbosum_Netherlands_2014C
David_Kleijn_Vaccinium_corymbosum_Netherlands_2014,B21,51.4415827,5.9450121,Vaccinium corymbosum,Netherlands,16200,NA,48.31244779,32.28342953,55424.37357,0,1143490.657,0,538811.406,6543.825283,0,0,0,1405296.87,3149567.131,C,David_Kleijn_Vaccinium_corymbosum_Netherlands_2014C
David_Kleijn_Vaccinium_corymbosum_Netherlands_2014,B24,51.4211712,6.0650265,Vaccinium corymbosum,Netherlands,0,NA,83.89550265,34.28968254,363060.1247,0,875486.5993,63130.99083,148175.8303,44264.77744,0,0,62.44303131,1655496.6,3149677.366,C,David_Kleijn_Vaccinium_corymbosum_Netherlands_2014C
David_Kleijn_Vaccinium_corymbosum_Netherlands_2014,B25,51.4726773,6.1056777,Vaccinium corymbosum,Netherlands,0,NA,78.97438586,25.90079365,127125.681,0,989494.6279,62.38579559,618309.916,9232.663525,0,0,0,1406090.963,3150316.238,C,David_Kleijn_Vaccinium_corymbosum_Netherlands_2014C
David_Kleijn_Vaccinium_corymbosum_Netherlands_2014,B26,52.4296667,6.6774493,Vaccinium corymbosum,Netherlands,3900,NA,50.78306878,32.72919673,123481.0952,0,1889034.734,0,391479.1771,0,0,0,0,747580.3646,3151575.371,C,David_Kleijn_Vaccinium_corymbosum_Netherlands_2014C
David_Kleijn_Vaccinium_corymbosum_Netherlands_2014,B27,51.4751417,6.0966339,Vaccinium corymbosum,Netherlands,10000,NA,55.12867431,27.9781746,195542.9401,0,1215793.729,686.1173325,346442.5513,7453.928266,0,0,0,1384831.758,3150751.024,C,David_Kleijn_Vaccinium_corymbosum_Netherlands_2014C
David_Kleijn_Vaccinium_corymbosum_Netherlands_2014,B28,52.7219451,6.6239983,Vaccinium corymbosum,Netherlands,51261,NA,76.55916306,35.66438191,348775.4927,0,859990.1207,3216.246178,609352.0382,12134.92358,0,0,2669.684761,1315479.065,3151617.571,C,David_Kleijn_Vaccinium_corymbosum_Netherlands_2014C
David_Kleijn_Vaccinium_corymbosum_Netherlands_2014,B29,52.7142729,6.6611666,Vaccinium corymbosum,Netherlands,21718,NA,55.89515251,37.53769841,65034.75789,0,1468758.333,0,392849.1967,60.67910767,0,0,0,1225075.501,3151778.468,C,David_Kleijn_Vaccinium_corymbosum_Netherlands_2014C
David_Kleijn_Vaccinium_corymbosum_Netherlands_2014,B30,52.7393223,6.7488203,Vaccinium corymbosum,Netherlands,53994,NA,77.34259259,21.90873016,21408.91732,0,1236405.917,0,359009.8814,181.9550247,0,0,1637.615665,1532732.81,3151377.097,C,David_Kleijn_Vaccinium_corymbosum_Netherlands_2014C
David_Kleijn_Vaccinium_corymbosum_Netherlands_2014,B34,51.2966597,5.5655453,Vaccinium corymbosum,Netherlands,1800,NA,74.66855631,46.78188527,327323.5308,0,1436397.681,0,573749.8908,50764.50065,0,0,4690.645502,756852.1355,3149778.384,C,David_Kleijn_Vaccinium_corymbosum_Netherlands_2014C
David_Kleijn_Vaccinium_corymbosum_Netherlands_2014,B35,51.5802429,5.411049,Vaccinium corymbosum,Netherlands,1000,NA,83.32744741,56.52223622,200654.8704,0,1513206.318,120.0960196,601394.6354,746.7974854,0,0,0,833967.2498,3150089.968,C,David_Kleijn_Vaccinium_corymbosum_Netherlands_2014C
David_Kleijn_Vaccinium_macrocarpon_USA_1990,C1,41.75978056,-70.76353889,Vaccinium macrocarpon,USA,0,NA,0,0,32916.41193,0,899271.3419,20051.46171,1898515.228,158396.4658,0,0,120071.881,12820.04205,3142042.832,C,David_Kleijn_Vaccinium_macrocarpon_USA_1990C
David_Kleijn_Vaccinium_macrocarpon_USA_1990,C2,41.71338611,-70.90778889,Vaccinium macrocarpon,USA,0,NA,0,0,82607.51361,0,491464.0264,7756.828613,2553998.368,5967.402077,0,0,447.5592346,0,3142241.698,C,David_Kleijn_Vaccinium_macrocarpon_USA_1990C
David_Kleijn_Vaccinium_macrocarpon_USA_1990,C3,41.68664167,-70.17848333,Vaccinium macrocarpon,USA,0,NA,0,0,223743.8762,0,489125.726,6789.880241,2228456.541,132347.1965,0,0,61343.65124,149.2216339,3141956.093,C,David_Kleijn_Vaccinium_macrocarpon_USA_1990C
David_Kleijn_Vaccinium_macrocarpon_USA_1990,A1,41.71196389,-70.85727222,Vaccinium macrocarpon,USA,0,NA,0,0,6339.752777,0,330127.825,0,2782579.73,0,0,0,0,23048.18118,3142095.489,C,David_Kleijn_Vaccinium_macrocarpon_USA_1990C
David_Kleijn_Vaccinium_macrocarpon_USA_1990,A2,41.66365278,-70.86241944,Vaccinium macrocarpon,USA,0,NA,0,0,69226.29965,0,704306.2944,746.5021744,2344325.404,0,0,0,9032.091187,14630.14432,3142266.735,C,David_Kleijn_Vaccinium_macrocarpon_USA_1990C
David_Kleijn_Vaccinium_macrocarpon_USA_1990,A3,41.68280556,-70.26874444,Vaccinium macrocarpon,USA,0,NA,0,0,208989.1629,0,212088.3931,6137.586333,2691580.636,2686.605003,0,0,19999.9279,671.7061768,3142154.017,C,David_Kleijn_Vaccinium_macrocarpon_USA_1990C
David_Kleijn_Vaccinium_macrocarpon_USA_1990,N1,41.72823611,-70.33270278,Vaccinium macrocarpon,USA,0,NA,0,0,6989.436926,0,460965.8459,123430.0417,279083.9611,1120022.159,0,0,1151129.566,522.0173721,3142143.028,C,David_Kleijn_Vaccinium_macrocarpon_USA_1990C
David_Kleijn_Vaccinium_macrocarpon_USA_1990,N2,41.72791944,-70.29791667,Vaccinium macrocarpon,USA,0,NA,0,0,5667.278648,0,1143520.639,168143.1556,198207.622,767963.4191,0,0,855185.9697,3579.571793,3142267.656,C,David_Kleijn_Vaccinium_macrocarpon_USA_1990C
David_Kleijn_Vaccinium_macrocarpon_USA_1991,C6,42.01123611,-70.82275556,Vaccinium macrocarpon,USA,0,NA,0,0,89272.15754,0,43075.81442,3415.388969,2965082.943,41628.20121,0,0,0,0,3142474.505,C,David_Kleijn_Vaccinium_macrocarpon_USA_1991C
David_Kleijn_Vaccinium_macrocarpon_USA_1991,C5,41.86813333,-70.75289444,Vaccinium macrocarpon,USA,0,NA,0,0,67002.22684,0,357553.4344,11088.31154,2665308.65,29022.32474,0,0,11932.52329,446.5096893,3142353.981,C,David_Kleijn_Vaccinium_macrocarpon_USA_1991C
David_Kleijn_Vaccinium_macrocarpon_USA_1991,C3,41.68664167,-70.17848333,Vaccinium macrocarpon,USA,0,NA,0,0,223743.8762,0,489125.726,6789.880241,2228456.541,132347.1965,0,0,61343.65124,149.2216339,3141956.093,C,David_Kleijn_Vaccinium_macrocarpon_USA_1991C
David_Kleijn_Vaccinium_macrocarpon_USA_1991,C1,41.75978056,-70.76353889,Vaccinium macrocarpon,USA,0,NA,0,0,32916.41193,0,899271.3419,20051.46171,1898515.228,158396.4658,0,0,120071.881,12820.04205,3142042.832,C,David_Kleijn_Vaccinium_macrocarpon_USA_1991C
David_Kleijn_Vaccinium_macrocarpon_USA_1991,C7,42.05037778,-70.857325,Vaccinium macrocarpon,USA,0,NA,0,0,90972.73037,0,490243.5937,7420.860855,1956370.38,521895.6293,0,0,74059.64377,1602.640845,3142565.479,C,David_Kleijn_Vaccinium_macrocarpon_USA_1991C
David_Kleijn_Vaccinium_macrocarpon_USA_1991,C8,41.927575,-71.11356667,Vaccinium macrocarpon,USA,0,NA,0,0,305676.9309,0,208500.8206,72969.89647,2411835.651,131631.0305,0,0,11737.06444,0,3142351.393,C,David_Kleijn_Vaccinium_macrocarpon_USA_1991C
David_Kleijn_Vaccinium_macrocarpon_USA_1991,C2,41.71338611,-70.90778889,Vaccinium macrocarpon,USA,0,NA,0,0,82607.51361,0,491464.0264,7756.828613,2553998.368,5967.402077,0,0,447.5592346,0,3142241.698,C,David_Kleijn_Vaccinium_macrocarpon_USA_1991C
David_Kleijn_Vaccinium_macrocarpon_USA_1991,C4,41.82323333,-70.73124444,Vaccinium macrocarpon,USA,0,NA,0,0,87645.59408,0,738846.2696,181585.5427,2010611.766,51530.86089,0,0,10211.34388,61572.93715,3142004.314,C,David_Kleijn_Vaccinium_macrocarpon_USA_1991C
David_Kleijn_Vaccinium_macrocarpon_USA_1991,C9,41.98544444,-71.18136389,Vaccinium macrocarpon,USA,0,NA,0,0,142029.9502,0,135907.3789,74.2780838,2698628.72,159581.6122,0,0,2451.299957,3769.622331,3142442.861,C,David_Kleijn_Vaccinium_macrocarpon_USA_1991C
Diego_Nabaes_Jodar_Apple_Argentina_2019,almo,-38.846654,-68.098342,Malus domestica,Argentina,22.4664108,0,0,0,40802.21586,72448.74756,592126.6127,7932.888512,1375596.262,17760.36449,0,0,0,1033222.471,3139889.562,B,Diego_Nabaes_Jodar_Apple_Argentina_2019B
Diego_Nabaes_Jodar_Apple_Argentina_2019,boro,-39.01231,-67.753951,Malus domestica,Argentina,6.2911844,0,0,0,17181.27344,188297.6428,738824.1245,1862.199226,1609908.932,0,0,0,0,583952.5712,3140026.743,B,Diego_Nabaes_Jodar_Apple_Argentina_2019B
Diego_Nabaes_Jodar_Apple_Argentina_2019,bp1,-38.998277,-67.954604,Malus domestica,Argentina,11.5178166,0.7157258,0,0,35895.6174,985873.4683,513637.8855,155106.6701,971406.1549,401295.0503,0,0,0,76770.71048,3139985.557,B,Diego_Nabaes_Jodar_Apple_Argentina_2019B
Diego_Nabaes_Jodar_Apple_Argentina_2019,bp13,-39.00361,-67.94514,Malus domestica,Argentina,9.3914007,0.5128205,0,0,3107.708696,816976.3643,389540.4634,133200.1218,1228644.773,528997.4776,0,0,0,39549.65757,3140016.566,B,Diego_Nabaes_Jodar_Apple_Argentina_2019B
Diego_Nabaes_Jodar_Apple_Argentina_2019,delimed,-38.8618,-68.105516,Malus domestica,Argentina,0,NA,0,0,124417.6788,506473.0802,711898.3743,111170.3847,1268807.389,0,0,0,0,417131.7547,3139898.662,B,Diego_Nabaes_Jodar_Apple_Argentina_2019B
Diego_Nabaes_Jodar_Apple_Argentina_2019,delinor,-38.831463,-68.106899,Malus domestica,Argentina,15.459522,0,0,0,347569.2668,71180.5918,261614.6736,12492.28129,2079354.13,1714.734449,0,0,0,365891.5485,3139817.226,B,Diego_Nabaes_Jodar_Apple_Argentina_2019B
Diego_Nabaes_Jodar_Apple_Argentina_2019,delisur,-38.88145,-68.080988,Malus domestica,Argentina,9.0950439,0,0,0,182169.9263,307068.2711,526588.478,40454.24558,1543215.095,97272.03364,0,0,0,442067.2314,3138835.281,B,Diego_Nabaes_Jodar_Apple_Argentina_2019B
Diego_Nabaes_Jodar_Apple_Argentina_2019,garnor,-39.019475,-67.692304,Malus domestica,Argentina,0.8534491,0,0,0,13496.83637,255450.5091,766339.6647,31128.95857,1741081.74,41144.10373,0,0,0,291137.6313,3139779.443,B,Diego_Nabaes_Jodar_Apple_Argentina_2019B
Diego_Nabaes_Jodar_Apple_Argentina_2019,garsur,-39.028962,-67.711969,Malus domestica,Argentina,1.0805492,0,0,0,68562.78424,321632.7637,609289.9401,1861.753204,1853397.002,0,0,0,0,285298.0845,3140042.327,B,Diego_Nabaes_Jodar_Apple_Argentina_2019B
Diego_Nabaes_Jodar_Apple_Argentina_2019,lopnor,-38.994797,-67.818218,Malus domestica,Argentina,3.447689,0,0,0,249225.4176,271059.7416,726587.2952,21048.76959,1633255.986,2483.52433,0,0,0,235350.233,3139010.967,B,Diego_Nabaes_Jodar_Apple_Argentina_2019B
Diego_Nabaes_Jodar_Apple_Argentina_2019,lopsur,-39.003665,-67.814041,Malus domestica,Argentina,3.8611115,0,0,0,112585.463,301981.3194,649997.0326,42121.31441,1680344.377,2173.025574,0,0,0,350822.6517,3140025.184,B,Diego_Nabaes_Jodar_Apple_Argentina_2019B
Diego_Nabaes_Jodar_Apple_Argentina_2019,lvallen,-39.038539,-67.772363,Malus domestica,Argentina,14.4813077,0,0,0,31749.64295,69682.28563,830540.1679,47154.55265,1569010.16,12254.28831,0,0,0,579654.648,3140045.745,B,Diego_Nabaes_Jodar_Apple_Argentina_2019B
Diego_Nabaes_Jodar_Apple_Argentina_2019,lvch11,-38.514898,-68.481071,Malus domestica,Argentina,10.7235786,0,0,0,10625.26299,708551.3882,1183581.969,53439.46335,956241.3059,0,0,0,0,226148.4663,3138587.855,B,Diego_Nabaes_Jodar_Apple_Argentina_2019B
Diego_Nabaes_Jodar_Apple_Argentina_2019,lvch28,-38.532668,-68.448175,Malus domestica,Argentina,20.9664623,0,0,0,13900.91452,689151.0568,1757283.703,95615.989,490249.9398,0,0,0,0,93328.71391,3139530.317,B,Diego_Nabaes_Jodar_Apple_Argentina_2019B
Diego_Nabaes_Jodar_Apple_Argentina_2019,lvch4,-38.53145,-68.459285,Malus domestica,Argentina,4.2499613,0,0,0,21109.79732,429537.2266,1242825.602,203177.5705,1108684.195,0,0,0,0,134272.3679,3139606.759,B,Diego_Nabaes_Jodar_Apple_Argentina_2019B
Diego_Nabaes_Jodar_Apple_Argentina_2019,maiolo,-38.624413,-68.320813,Malus domestica,Argentina,9.53359,0,0,0,5672.285334,539140.6856,614532.8184,32061.06855,1285855.093,91451.59983,0,0,0,570976.6813,3139690.232,B,Diego_Nabaes_Jodar_Apple_Argentina_2019B
Diego_Nabaes_Jodar_Apple_Argentina_2019,nmr,-38.640066,-68.258624,Malus domestica,Argentina,8.7685509,0,0,0,1169.773682,1480578.886,409748.9909,25991.16573,1186326.729,155.9960861,0,0,0,35734.02988,3139705.571,B,Diego_Nabaes_Jodar_Apple_Argentina_2019B
Diego_Nabaes_Jodar_Apple_Argentina_2019,pach,-38.648304,-68.26465,Malus domestica,Argentina,7.0688444,0,0,0,5612.40982,256694.3093,663747.5843,1681.577325,1507907.433,0,0,0,0,704076.7686,3139720.082,B,Diego_Nabaes_Jodar_Apple_Argentina_2019B
Diego_Nabaes_Jodar_Apple_Argentina_2019,reunor,-39.002652,-67.73663,Malus domestica,Argentina,8.9877511,0,0,0,10357.48815,1570150.451,816242.8368,13191.97476,590392.3338,81488.49163,0,0,0,58198.93952,3140022.515,B,Diego_Nabaes_Jodar_Apple_Argentina_2019B
Diego_Nabaes_Jodar_Apple_Argentina_2019,reusur,-39.006714,-67.74679,Malus domestica,Argentina,9.3301471,0,0,0,21679.18953,308960.5035,996518.5646,1478.913211,1466775.215,26184.45125,0,0,0,318434.2289,3140031.066,B,Diego_Nabaes_Jodar_Apple_Argentina_2019B
Diego_Nabaes_Jodar_Apple_Argentina_2019,reyes,-38.860069,-68.049711,Malus domestica,Argentina,18.3061236,0.2469136,0,0,58682.53858,130036.8341,752739.3256,2877.057724,1795587.582,310.132502,0,0,0,399372.188,3139605.659,B,Diego_Nabaes_Jodar_Apple_Argentina_2019B
Diego_Nabaes_Jodar_Apple_Argentina_2019,ros109,-38.584916,-68.360212,Malus domestica,Argentina,13.1392796,1.0582011,0,0,16113.47105,90791.64702,486113.3712,12020.43141,1577062.224,117669.5283,0,0,0,839896.0816,3139666.754,B,Diego_Nabaes_Jodar_Apple_Argentina_2019B
Diego_Nabaes_Jodar_Apple_Argentina_2019,ros170,-38.59272,-68.351432,Malus domestica,Argentina,19.386471,0.6666667,0,0,19627.54365,162875.785,535314.5111,862.141738,1554811.399,61274.60828,0,0,0,804816.1232,3139582.112,B,Diego_Nabaes_Jodar_Apple_Argentina_2019B
Diego_Nabaes_Jodar_Apple_Argentina_2019,ros25,-38.57938,-68.371475,Malus domestica,Argentina,11.3313202,0.8,0,0,37490.7378,483077.8599,759395.0499,12600.14552,1384065.29,217136.7703,0,0,0,245895.388,3139661.242,B,Diego_Nabaes_Jodar_Apple_Argentina_2019B
Diego_Nabaes_Jodar_Apple_Argentina_2019,tec19,-38.539006,-68.460112,Malus domestica,Argentina,13.7182633,0,0,0,17545.70447,62930.83161,1181158.104,2452.197618,1570095.633,14910.71606,0,0,0,290513.505,3139606.692,B,Diego_Nabaes_Jodar_Apple_Argentina_2019B
Diego_Nabaes_Jodar_Apple_Argentina_2019,tec20,-38.532339,-68.480652,Malus domestica,Argentina,13.0599,0,0,0,11325.22659,216857.0695,1101871.475,3280.495651,1636965.807,3748.923714,0,0,0,165562.3711,3139611.368,B,Diego_Nabaes_Jodar_Apple_Argentina_2019B
Diego_Nabaes_Jodar_Apple_Argentina_2019,tec3,-38.628002,-68.27903,Malus domestica,Argentina,10.073229,0,0,0,5850.19883,435567.9984,609978.5694,20837.50822,1394003.084,156.024147,0,0,0,673307.4452,3139700.828,B,Diego_Nabaes_Jodar_Apple_Argentina_2019B
Diego_Nabaes_Jodar_Apple_Argentina_2019,vmanz,-38.675118,-68.224551,Malus domestica,Argentina,13.4794975,0.5555556,0,0,464006.1728,199953.195,743428.4743,20578.57027,1378025.487,1247.294296,0,0,0,332496.5978,3139735.791,B,Diego_Nabaes_Jodar_Apple_Argentina_2019B
Diego_Nabaes_Jodar_Apple_Argentina_2019,zec4,-38.618547,-68.287959,Malus domestica,Argentina,5.4277542,0,0,0,206860.0535,698477.2855,240894.1797,10724.33002,1552811.415,394.0152044,0,0,0,429535.7815,3139697.06,B,Diego_Nabaes_Jodar_Apple_Argentina_2019B
Diego_Nabaes_Jodar_Apple_Argentina_2019,zec7,-38.615072,-68.323733,Malus domestica,Argentina,11.9183673,0,0,0,17347.11424,63869.98327,833467.2564,5695.516518,1939424.454,18399.94966,0,0,0,261474.2562,3139678.53,B,Diego_Nabaes_Jodar_Apple_Argentina_2019B
Dupont_redclover_Denmark_2008,Brushojgard_2008,56.40875527,10.11983468,Trifolium pratense,Denmark,51.71875,NA,48.59375,0,42550.33719,0,930309.2396,0,516643.5949,110.9422531,0,0,1276.047195,1663969.712,3154859.873,C,Dupont_redclover_Denmark_2008C
Dupont_redclover_Denmark_2008,Braedstrup_2008,55.94858196,9.643665862,Trifolium pratense,Denmark,117,NA,75,0,61991.56634,0,292827.6531,0,848545.5734,0,0,0,0,1950287.148,3153651.941,C,Dupont_redclover_Denmark_2008C
Dupont_redclover_Denmark_2008,"Frijsendalsvej, Sall_2008",56.27895802,9.845697059,Trifolium pratense,Denmark,124,NA,120,0,41374.2877,0,598142.5672,0,1018460.808,1510.621053,0,0,0,1494936.344,3154424.628,C,Dupont_redclover_Denmark_2008C
Dupont_redclover_Denmark_2008,Galten_2008,56.13292812,9.959591684,Trifolium pratense,Denmark,137.875,NA,126.125,0,23204.76023,0,1072138.105,55.86745071,680025.6349,22302.84246,0,0,29177.62423,1327807.219,3154712.053,C,Dupont_redclover_Denmark_2008C
Dupont_redclover_Denmark_2008,"Gjern, Tingvejen_2008",56.1970363,9.729498279,Trifolium pratense,Denmark,187.714286,NA,192.428571,0,29942.52564,0,794372.6208,2788.846558,684315.3616,0,0,0,0,1642835.314,3154254.668,C,Dupont_redclover_Denmark_2008C
Dupont_redclover_Denmark_2008,Hesselballe_2008,56.26402204,10.26454555,Trifolium pratense,Denmark,195,NA,169,0,71260.94066,0,581223.948,0,420394.5896,2224.022756,0,0,222.6826248,2078518.753,3153844.937,C,Dupont_redclover_Denmark_2008C
Dupont_redclover_Denmark_2008,Odense_2008,55.43125693,10.45674237,Trifolium pratense,Denmark,328,NA,308,0,793470.2505,0,1012581.251,0,453095.7575,2087.493533,0,0,29785.34192,862573.1145,3153593.209,C,Dupont_redclover_Denmark_2008C
Dupont_redclover_Denmark_2008,Randers NO Syd_2008,56.49991926,10.07477485,Trifolium pratense,Denmark,290,NA,272,0,37479.64037,0,511806.8127,0,148049.2145,0,0,0,0,2457337.53,3154673.198,C,Dupont_redclover_Denmark_2008C
Dupont_redclover_Denmark_2008,Skejby_2008,56.20140585,10.17113667,Trifolium pratense,Denmark,476,NA,457,0,1192372.601,0,1239732.555,9445.709917,427097.6803,13499.01441,0,0,1617.052856,270603.8536,3154368.467,C,Dupont_redclover_Denmark_2008C
Dupont_redclover_Denmark_2008,Vamdrup_2008,55.41637915,9.237851034,Trifolium pratense,Denmark,594,NA,599,0,14452.71221,0,806981.6137,0,255808.9052,0,0,0,0,2075610.025,3152853.256,C,Dupont_redclover_Denmark_2008C
Dupont_redclover_Denmark_2008,"Vester Skerninge, Amarksvej_2008",55.05153987,10.46606081,Trifolium pratense,Denmark,692,NA,657,0,53456.03435,0,588324.7583,0,635277.3863,135997.2147,0,0,74925.49916,1664703.184,3152684.076,C,Dupont_redclover_Denmark_2008C
Dupont_redclover_Denmark_2009,Braedstrup_2009,55.95165464,9.643716838,Trifolium pratense,Denmark,94,NA,53,0,40359.3657,0,401373.6313,0,1027936.169,0,0,0,0,1684572.851,3154242.017,C,Dupont_redclover_Denmark_2009C
Dupont_redclover_Denmark_2009,Galten_2009,56.13683111,9.939268602,Trifolium pratense,Denmark,230,NA,204,0,111716.0954,0,689991.5455,0,427545.9647,670.2544785,0,0,0,1924648.653,3154572.513,C,Dupont_redclover_Denmark_2009C
Dupont_redclover_Denmark_2009,"Gjern, Blak_2009",56.19970178,9.674636278,Trifolium pratense,Denmark,0,NA,0,0,39241.0254,0,981153.6906,0,1255117.799,0,0,0,0,878859.711,3154372.226,C,Dupont_redclover_Denmark_2009C
Dupont_redclover_Denmark_2009,"Gjern, Tingvejen_2009",56.2001088,9.729556596,Trifolium pratense,Denmark,0,NA,0,0,28064.27877,0,746074.2029,2788.846558,921387.8058,0,0,0,0,1455959.555,3154274.689,C,Dupont_redclover_Denmark_2009C
Dupont_redclover_Denmark_2009,Hammel 1_2009,56.27895802,9.845697059,Trifolium pratense,Denmark,441,NA,419,0,41374.2877,0,598142.5672,0,1018460.808,1510.621053,0,0,0,1494936.344,3154424.628,C,Dupont_redclover_Denmark_2009C
Dupont_redclover_Denmark_2009,Hammel 2_2009,56.29285852,9.865085385,Trifolium pratense,Denmark,260,NA,165,0,70038.12224,0,369116.9397,0,640930.6567,166.9111824,0,0,0,2074602.232,3154854.861,C,Dupont_redclover_Denmark_2009C
Dupont_redclover_Denmark_2009,Horning_2009,56.08318789,10.05618526,Trifolium pratense,Denmark,373,NA,354,0,464678.1848,0,1328305.275,279.6443024,642847.343,5146.31443,0,0,1174.861675,711869.978,3154301.601,C,Dupont_redclover_Denmark_2009C
Dupont_redclover_Denmark_2009,Nr. Aaby_2009,55.42453338,9.856052425,Trifolium pratense,Denmark,581,NA,558,0,28854.27368,0,260472.0242,0,943016.3317,297107.981,0,0,1771.936032,1622478.837,3153701.383,C,Dupont_redclover_Denmark_2009C
Dupont_redclover_Denmark_2009,Odense_2009,55.43125693,10.45674237,Trifolium pratense,Denmark,117.8,NA,125,0,793470.2505,0,1012581.251,0,453095.7575,2087.493533,0,0,29785.34192,862573.1145,3153593.209,C,Dupont_redclover_Denmark_2009C
Dupont_redclover_Denmark_2009,Randers NO Nord_2009,56.51220749,10.07512257,Trifolium pratense,Denmark,402,NA,448,0,169650.1053,0,769599.9417,276.5849152,193705.6042,110.6399994,0,0,442.55896,2021224.897,3155010.332,C,Dupont_redclover_Denmark_2009C
Dupont_redclover_Denmark_2009,Randers NO Syd_2009,56.49991926,10.07477485,Trifolium pratense,Denmark,402,NA,448,0,37479.64037,0,511806.8127,0,148049.2145,0,0,0,0,2457337.53,3154673.198,C,Dupont_redclover_Denmark_2009C
Dupont_redclover_Denmark_2009,Randers SO_2009,56.40274594,10.10462091,Trifolium pratense,Denmark,443,NA,433,0,95800.37359,0,821527.5729,0,509820.3795,55.48047638,0,0,1276.047195,1725796.623,3154276.477,C,Dupont_redclover_Denmark_2009C
Dupont_redclover_Denmark_2009,Ringe_2009,55.29204814,10.55241704,Trifolium pratense,Denmark,0,NA,0,0,58942.15014,0,715600.9875,0,660156.3382,0,0,0,0,1718155.709,3152855.185,C,Dupont_redclover_Denmark_2009C
Dupont_redclover_Denmark_2009,Ry_2009,56.05386402,9.785882412,Trifolium pratense,Denmark,16.733333,NA,11.333333,0,22894.45652,0,548850.2216,0,978408.1195,430516.3282,0,0,1847.666992,1171904.085,3154420.878,C,Dupont_redclover_Denmark_2009C
Dupont_redclover_Denmark_2009,Skive_2009,56.56938285,8.877587068,Trifolium pratense,Denmark,32.692308,NA,27.820513,0,39023.15834,0,1087169.796,0,124077.4711,14155.45012,0,0,5921.70539,1883813.107,3154160.689,C,Dupont_redclover_Denmark_2009C
Dupont_redclover_Denmark_2009,"Vester Skerninge, Kohavevej_2009",55.08183494,10.48101791,Trifolium pratense,Denmark,249.2,NA,246.8,0,16557.73594,0,495876.1375,0,1022567.593,0,0,0,0,1618831.629,3153833.096,C,Dupont_redclover_Denmark_2009C
Dupont_redclover_Denmark_2009,Viborg_2009,56.44367221,9.291558985,Trifolium pratense,Denmark,122.222222,NA,109.722222,0,104072.2878,0,1056745.862,0,671509.4196,0,0,0,0,1321744.101,3154071.67,C,Dupont_redclover_Denmark_2009C
Eeraerts_etal_sweetcherry_Belgium_2015,Eeraerts_etal_2017_1,50.78266907,5.258601189,Prunus avium,Belgium,6.18,NA,0,0,266165.2323,0,871068.8977,2216.094368,540000.0387,0,0,0,0,1470669.36,3150119.623,C,Eeraerts_etal_sweetcherry_Belgium_2015C
Eeraerts_etal_sweetcherry_Belgium_2015,Eeraerts_etal_2017_2,50.87051773,5.228074551,Prunus avium,Belgium,7.03,NA,0,0,207900.041,0,1467509.527,63.18949509,1164580.459,0,0,0,0,310137.7623,3150190.978,C,Eeraerts_etal_sweetcherry_Belgium_2015C
Eeraerts_etal_sweetcherry_Belgium_2015,Eeraerts_etal_2017_3,50.77086258,5.325532436,Prunus avium,Belgium,8.8,NA,0,0,148375.8967,0,918808.9907,0,852265.183,0,0,0,0,1229928.39,3149378.461,C,Eeraerts_etal_sweetcherry_Belgium_2015C
Eeraerts_etal_sweetcherry_Belgium_2015,Eeraerts_etal_2017_4,50.80361557,4.110618114,Prunus avium,Belgium,17.51,NA,0,0,121135.2465,0,1146799.09,0,470747.6556,2151.434444,0,0,0,1409149.265,3149982.691,C,Eeraerts_etal_sweetcherry_Belgium_2015C
Eeraerts_etal_sweetcherry_Belgium_2015,Eeraerts_etal_2017_5,50.96259689,4.144622803,Prunus avium,Belgium,18.99,NA,0,0,510826.9239,0,992606.6528,404.0842215,872109.2464,0,0,0,0,774161.3127,3150108.22,C,Eeraerts_etal_sweetcherry_Belgium_2015C
Eeraerts_etal_sweetcherry_Belgium_2015,Eeraerts_etal_2017_6,50.8032074,5.280962944,Prunus avium,Belgium,12.34,NA,0,0,460143.0144,0,1133622.912,0,1084607.575,12340.29277,0,0,0,459423.8167,3150137.61,C,Eeraerts_etal_sweetcherry_Belgium_2015C
Eeraerts_etal_sweetcherry_Belgium_2015,Eeraerts_etal_2017_7,50.76506805,5.517446518,Prunus avium,Belgium,24.24,NA,0,0,471267.8561,0,577363.4692,0,857900.5732,0,0,0,0,1243303.114,3149835.013,C,Eeraerts_etal_sweetcherry_Belgium_2015C
Eeraerts_etal_sweetcherry_Belgium_2016,Eeraerts_etal_2019_1,50.79410553,5.273103714,Prunus avium,Belgium,16.2,NA,0,0,58595.90889,0,937670.9664,0,1144071.755,0,0,0,0,1009801.783,3150140.413,C,Eeraerts_etal_sweetcherry_Belgium_2016C
Eeraerts_etal_sweetcherry_Belgium_2016,Eeraerts_etal_2019_2,50.89066696,5.20197773,Prunus avium,Belgium,0,NA,0,0,476837.1395,0,1574081.822,63.16937256,380094.2711,0,0,0,0,719131.2486,3150207.651,C,Eeraerts_etal_sweetcherry_Belgium_2016C
Eeraerts_etal_sweetcherry_Belgium_2016,Eeraerts_etal_2019_3,50.82835007,5.130804062,Prunus avium,Belgium,21.6,NA,0,0,221737.2094,0,1533850.053,0,804939.5657,1628.065547,0,0,18011.44854,569995.4288,3150161.771,C,Eeraerts_etal_sweetcherry_Belgium_2016C
Eeraerts_etal_sweetcherry_Belgium_2016,Eeraerts_etal_2019_4,50.71039963,5.162174225,Prunus avium,Belgium,0,NA,0,0,86116.8935,0,429473.7833,0,569270.3921,0,0,0,0,2064078.264,3148939.333,C,Eeraerts_etal_sweetcherry_Belgium_2016C
Eeraerts_etal_sweetcherry_Belgium_2016,Eeraerts_etal_2019_5,50.79502487,5.355253696,Prunus avium,Belgium,0,NA,0,0,290239.5841,0,1234199.252,443.0388756,1066964.233,253.14888,0,0,0,558039.9789,3150139.236,C,Eeraerts_etal_sweetcherry_Belgium_2016C
Eeraerts_etal_sweetcherry_Belgium_2016,Eeraerts_etal_2019_6,50.89030457,5.222758293,Prunus avium,Belgium,0,NA,0,0,382839.0772,0,1298851.559,252.6680908,695847.696,694.7301712,0,0,0,771723.2984,3150209.028,C,Eeraerts_etal_sweetcherry_Belgium_2016C
Eeraerts_etal_sweetcherry_Belgium_2016,Eeraerts_etal_2019_7,50.93021011,4.976567268,Prunus avium,Belgium,15.7,NA,0,0,232184.7434,0,936275.9238,63.11162949,812025.4298,0,0,0,0,1169692.323,3150241.532,C,Eeraerts_etal_sweetcherry_Belgium_2016C
Eeraerts_etal_sweetcherry_Belgium_2016,Eeraerts_etal_2019_8,50.76020813,5.233453751,Prunus avium,Belgium,0,NA,0,0,13982.5112,0,579701.7541,0,230328.8435,0,0,0,0,2326099.884,3150112.993,C,Eeraerts_etal_sweetcherry_Belgium_2016C
Eeraerts_etal_sweetcherry_Belgium_2016,Eeraerts_etal_2019_9,50.83045959,5.456796646,Prunus avium,Belgium,11.2,NA,0,0,211748.4364,0,553544.5844,0,1199040.653,0,0,0,0,1185121.294,3149454.968,C,Eeraerts_etal_sweetcherry_Belgium_2016C
Eeraerts_etal_sweetcherry_Belgium_2016,Eeraerts_etal_2019_10,50.897892,5.36768055,Prunus avium,Belgium,5.9,NA,0,0,331266.1862,0,1387978.47,189.4900398,608658.2013,0,0,0,0,822012.8673,3150105.215,C,Eeraerts_etal_sweetcherry_Belgium_2016C
Eeraerts_etal_sweetcherry_Belgium_2017,Eeraerts_etal_2019_11,50.81301117,5.359920979,Prunus avium,Belgium,30.23,NA,0,0,386448.4174,0,1082756.549,2910.769859,1208471.978,0,0,0,0,469182.9279,3149770.641,C,Eeraerts_etal_sweetcherry_Belgium_2017C
Eeraerts_etal_sweetcherry_Belgium_2017,Eeraerts_etal_2019_12,51.1745224,4.600744724,Prunus avium,Belgium,0,NA,0,0,532422.5687,0,1278660.478,0,955220.68,2825.348717,0,0,0,381005.7443,3150134.82,C,Eeraerts_etal_sweetcherry_Belgium_2017C
Eeraerts_etal_sweetcherry_Belgium_2017,Eeraerts_etal_2019_13,50.96259689,4.144622803,Prunus avium,Belgium,15.58,NA,0,0,510826.9239,0,992606.6528,404.0842215,872109.2464,0,0,0,0,774161.3127,3150108.22,C,Eeraerts_etal_sweetcherry_Belgium_2017C
Eeraerts_etal_sweetcherry_Belgium_2017,Eeraerts_etal_2019_14,50.8032074,5.280962944,Prunus avium,Belgium,0,NA,0,0,460143.0144,0,1133622.912,0,1084607.575,12340.29277,0,0,0,459423.8167,3150137.61,C,Eeraerts_etal_sweetcherry_Belgium_2017C
Eeraerts_etal_sweetcherry_Belgium_2017,Eeraerts_etal_2019_15,50.92588043,4.930356979,Prunus avium,Belgium,0,NA,0,0,199336.65,0,1076086.899,63.11717606,632120.6893,0,0,0,0,1242628.986,3150236.341,C,Eeraerts_etal_sweetcherry_Belgium_2017C
Eeraerts_etal_sweetcherry_Belgium_2017,Eeraerts_etal_2019_16,50.7927475,5.24130249,Prunus avium,Belgium,7.89,NA,0,0,44631.93272,0,705713.1478,973.9019353,787053.1431,0,0,0,0,1611764.144,3150136.27,C,Eeraerts_etal_sweetcherry_Belgium_2017C
Eeraerts_etal_sweetcherry_Belgium_2017,Eeraerts_etal_2019_17,50.75568771,5.141552448,Prunus avium,Belgium,4.67,NA,0,0,253639.9411,0,505296.3808,1647.156292,283598.533,0,0,0,0,2105925.024,3150107.036,C,Eeraerts_etal_sweetcherry_Belgium_2017C
Eeraerts_etal_sweetcherry_Belgium_2017,Eeraerts_etal_2019_18,50.77086258,5.325532436,Prunus avium,Belgium,0,NA,0,0,148375.8967,0,918808.9907,0,852265.183,0,0,0,0,1229928.39,3149378.461,C,Eeraerts_etal_sweetcherry_Belgium_2017C
Eeraerts_etal_Vaccinium_corymbosum_USA_2021,Harb,48.40911766,-122.3869207,Vaccinium corymbosum,USA,0,NA,0,0,127878.3334,0,1018894.802,5999.651335,41509.15017,0,0,0,66.44413757,1952881.339,3147229.72,C,Eeraerts_etal_Vaccinium_corymbosum_USA_2021C
Eeraerts_etal_Vaccinium_corymbosum_USA_2021,Chuckanut,48.50203456,-122.3614233,Vaccinium corymbosum,USA,0,NA,0,0,98031.89666,0,1221961.077,5437.148132,71970.42675,0,0,0,0,1750568.771,3147969.32,C,Eeraerts_etal_Vaccinium_corymbosum_USA_2021C
Eeraerts_etal_Vaccinium_corymbosum_USA_2021,Manny,48.36624316,-122.315101,Vaccinium corymbosum,USA,0,NA,0,0,43514.46959,0,1285033.978,1598.067851,790428.525,3656.965584,0,0,42356.12035,981457.5715,3148045.697,C,Eeraerts_etal_Vaccinium_corymbosum_USA_2021C
Eeraerts_etal_Vaccinium_corymbosum_USA_2021,MP.Woodland,48.92907834,-122.5828314,Vaccinium corymbosum,USA,0,NA,0,0,80962.03252,0,1715814.55,8263.080665,731678.5088,7693.577393,0,0,0,603986.1614,3148397.911,C,Eeraerts_etal_Vaccinium_corymbosum_USA_2021C
Eeraerts_etal_Vaccinium_corymbosum_USA_2021,MP.Sunrise,48.94862668,-122.5947141,Vaccinium corymbosum,USA,0,NA,0,0,33555.27371,0,2282257.675,0,423950.8785,591.5496979,0,0,0,408206.4826,3148561.859,C,Eeraerts_etal_Vaccinium_corymbosum_USA_2021C
Eeraerts_etal_Vaccinium_corymbosum_USA_2021,MP.Axling,48.88780277,-122.4275707,Vaccinium corymbosum,USA,0,NA,0,0,64821.56574,0,1526420.775,11647.69747,1349644.108,394.8775482,0,0,65.81195068,194723.3817,3147718.218,C,Eeraerts_etal_Vaccinium_corymbosum_USA_2021C
Eeraerts_etal_Vaccinium_corymbosum_USA_2021,PTM.Glendale,48.96383181,-122.5487101,Vaccinium corymbosum,USA,0,NA,0,0,31076.33204,0,1793841.4,29898.05904,250250.0211,1248.416862,0,0,0,1041791.354,3148105.583,C,Eeraerts_etal_Vaccinium_corymbosum_USA_2021C
Eeraerts_etal_Vaccinium_corymbosum_USA_2021,MP.Schilke,48.97660887,-122.5087069,Vaccinium corymbosum,USA,0,NA,0,0,70454.93868,0,2476115.7,2274.70064,460292.0671,0,0,0,0,139273.647,3148411.053,C,Eeraerts_etal_Vaccinium_corymbosum_USA_2021C
Eeraerts_etal_Vaccinium_corymbosum_USA_2021,MP.TenMile,48.87091895,-122.4227692,Vaccinium corymbosum,USA,0,NA,0,0,28075.91698,0,2023540.54,263.3412704,1056282.14,0,0,0,0,40317.88608,3148479.824,C,Eeraerts_etal_Vaccinium_corymbosum_USA_2021C
Eeraerts_etal_Vaccinium_corymbosum_USA_2021,Harman,48.91197082,-122.3665368,Vaccinium corymbosum,USA,0,NA,0,0,166925.6816,0,1654399.002,9423.746636,901535.478,136744.8458,0,0,0,279463.3194,3148492.073,C,Eeraerts_etal_Vaccinium_corymbosum_USA_2021C
Eeraerts_etal_Vaccinium_corymbosum_USA_2021,Rob.Dhaliwal,48.97002061,-122.3882762,Vaccinium corymbosum,USA,0,NA,0,0,20774.77656,0,1858556.271,1379.980309,924453.5308,0,0,0,65.71022034,343332.7149,3148562.984,C,Eeraerts_etal_Vaccinium_corymbosum_USA_2021C
Eeraerts_etal_Vaccinium_corymbosum_USA_2021,Gill.Halverstick,48.98838414,-122.3709398,Vaccinium corymbosum,USA,0,NA,0,0,34422.09483,0,2158251.095,2430.487724,751872.8341,2627.444077,0,0,0,198819.8214,3148423.777,C,Eeraerts_etal_Vaccinium_corymbosum_USA_2021C
Eeraerts_etal_Vaccinium_corymbosum_USA_2021,South.Alder,48.98909955,-122.4435977,Vaccinium corymbosum,USA,0,NA,0,0,50257.07684,0,2078083.25,7231.884896,508787.491,0,0,0,0,503825.5743,3148185.277,C,Eeraerts_etal_Vaccinium_corymbosum_USA_2021C
Eeraerts_etal_Vaccinium_corymbosum_USA_2021,MP.Stein,48.96047025,-122.622288,Vaccinium corymbosum,USA,0,NA,0,0,19792.1,0,1592214.789,0,1384766.562,0,0,0,65.71326447,151187.8072,3148026.971,C,Eeraerts_etal_Vaccinium_corymbosum_USA_2021C
Eeraerts_etal_Vaccinium_corymbosum_USA_2021,Jag,48.58019797,-122.407652,Vaccinium corymbosum,USA,0,NA,0,0,25165.92621,0,1678733.187,1.558091467,929752.4763,397.2758789,0,0,0,514012.9803,3148063.404,C,Eeraerts_etal_Vaccinium_corymbosum_USA_2021C
Eeraerts_etal_Vaccinium_corymbosum_USA_2021,Station.site,48.43294,-122.399762,Vaccinium corymbosum,USA,0,NA,0,0,42261.71986,0,1230182.241,1460.955185,115721.9437,0,0,0,66.40795898,1757579.822,3147273.089,C,Eeraerts_etal_Vaccinium_corymbosum_USA_2021C
Elizabeth_Elle_Vaccinium_corymbosum_Canada_2013,blueberry_bc_1_0,49.098444,-122.304361,Vaccinium corymbosum,Canada,0.958543381,0.549372294,0.992324561,0.632740789,191642.6835,0,1692226.109,5374.110298,255245.8102,7406.849373,0,0,262.1743393,996515.7086,3148673.445,C,Elizabeth_Elle_Vaccinium_corymbosum_Canada_2013C
Elizabeth_Elle_Vaccinium_corymbosum_Canada_2013,blueberry_bc_1_25,49.098444,-122.304361,Vaccinium corymbosum,Canada,0.702680556,0.586505952,0.764788574,0.700377074,191642.6835,0,1692226.109,5374.110298,255245.8102,7406.849373,0,0,262.1743393,996515.7086,3148673.445,C,Elizabeth_Elle_Vaccinium_corymbosum_Canada_2013C
Elizabeth_Elle_Vaccinium_corymbosum_Canada_2013,blueberry_bc_1_50,49.098444,-122.304361,Vaccinium corymbosum,Canada,0.915113542,0.530477637,0.943977591,0.737529627,191642.6835,0,1692226.109,5374.110298,255245.8102,7406.849373,0,0,262.1743393,996515.7086,3148673.445,C,Elizabeth_Elle_Vaccinium_corymbosum_Canada_2013C
Elizabeth_Elle_Vaccinium_corymbosum_Canada_2013,blueberry_bc_1_100,49.098444,-122.304361,Vaccinium corymbosum,Canada,1.023664286,0.613355988,0.782018717,0.802225673,191642.6835,0,1692226.109,5374.110298,255245.8102,7406.849373,0,0,262.1743393,996515.7086,3148673.445,C,Elizabeth_Elle_Vaccinium_corymbosum_Canada_2013C
Elizabeth_Elle_Vaccinium_corymbosum_Canada_2013,blueberry_bc_2_0,49.130972,-122.260667,Vaccinium corymbosum,Canada,1.006175439,0.358344586,0.853215592,0.833938121,76212.18868,0,1849532.41,589.4594879,255148.9779,0,0,0,0,966712.99,3148196.026,C,Elizabeth_Elle_Vaccinium_corymbosum_Canada_2013C
Elizabeth_Elle_Vaccinium_corymbosum_Canada_2013,blueberry_bc_2_25,49.130972,-122.260667,Vaccinium corymbosum,Canada,0.938464721,0.591647222,0.905810907,0.827122954,76212.18868,0,1849532.41,589.4594879,255148.9779,0,0,0,0,966712.99,3148196.026,C,Elizabeth_Elle_Vaccinium_corymbosum_Canada_2013C
Elizabeth_Elle_Vaccinium_corymbosum_Canada_2013,blueberry_bc_2_50,49.130972,-122.260667,Vaccinium corymbosum,Canada,0.572630742,0.589887973,0.918939394,0.952380952,76212.18868,0,1849532.41,589.4594879,255148.9779,0,0,0,0,966712.99,3148196.026,C,Elizabeth_Elle_Vaccinium_corymbosum_Canada_2013C
Elizabeth_Elle_Vaccinium_corymbosum_Canada_2013,blueberry_bc_2_100,49.130972,-122.260667,Vaccinium corymbosum,Canada,0.71624881,0.549670544,0.887254902,0.904761905,76212.18868,0,1849532.41,589.4594879,255148.9779,0,0,0,0,966712.99,3148196.026,C,Elizabeth_Elle_Vaccinium_corymbosum_Canada_2013C
Elizabeth_Elle_Vaccinium_corymbosum_Canada_2013,blueberry_bc_3_0,49.101944,-122.252861,Vaccinium corymbosum,Canada,1.051621172,0.707067344,1.042162698,0.643849206,170765.5471,0,2035683.244,25688.97716,794482.4235,16620.91507,0,0,0,105366.508,3148607.615,C,Elizabeth_Elle_Vaccinium_corymbosum_Canada_2013C
Elizabeth_Elle_Vaccinium_corymbosum_Canada_2013,blueberry_bc_3_25,49.101944,-122.252861,Vaccinium corymbosum,Canada,1.037371973,0.335532146,0.782026144,0.873621554,170765.5471,0,2035683.244,25688.97716,794482.4235,16620.91507,0,0,0,105366.508,3148607.615,C,Elizabeth_Elle_Vaccinium_corymbosum_Canada_2013C
Elizabeth_Elle_Vaccinium_corymbosum_Canada_2013,blueberry_bc_3_50,49.101944,-122.252861,Vaccinium corymbosum,Canada,1.041352559,0.782128896,0.967013889,0.786706349,170765.5471,0,2035683.244,25688.97716,794482.4235,16620.91507,0,0,0,105366.508,3148607.615,C,Elizabeth_Elle_Vaccinium_corymbosum_Canada_2013C
Elizabeth_Elle_Vaccinium_corymbosum_Canada_2013,blueberry_bc_3_100,49.101944,-122.252861,Vaccinium corymbosum,Canada,1.046505208,0.735939426,0.933706816,0.789214514,170765.5471,0,2035683.244,25688.97716,794482.4235,16620.91507,0,0,0,105366.508,3148607.615,C,Elizabeth_Elle_Vaccinium_corymbosum_Canada_2013C
Elizabeth_Elle_Vaccinium_corymbosum_Canada_2013,blueberry_bc_4_0,49.127603,-122.418772,Vaccinium corymbosum,Canada,1.136530602,0.723642755,0.861498108,0.898039216,135725.4101,0,1935755.696,1113.454926,1061916.442,0,0,0,0,14147.31356,3148658.317,C,Elizabeth_Elle_Vaccinium_corymbosum_Canada_2013C
Elizabeth_Elle_Vaccinium_corymbosum_Canada_2013,blueberry_bc_4_25,49.127603,-122.418772,Vaccinium corymbosum,Canada,1.051503066,0.546841667,0.853279645,1.001838235,135725.4101,0,1935755.696,1113.454926,1061916.442,0,0,0,0,14147.31356,3148658.317,C,Elizabeth_Elle_Vaccinium_corymbosum_Canada_2013C
Elizabeth_Elle_Vaccinium_corymbosum_Canada_2013,blueberry_bc_4_50,49.127603,-122.418772,Vaccinium corymbosum,Canada,1.151486364,0.580095895,0.987582447,0.933088235,135725.4101,0,1935755.696,1113.454926,1061916.442,0,0,0,0,14147.31356,3148658.317,C,Elizabeth_Elle_Vaccinium_corymbosum_Canada_2013C
Elizabeth_Elle_Vaccinium_corymbosum_Canada_2013,blueberry_bc_4_100,49.127603,-122.418772,Vaccinium corymbosum,Canada,1.056675163,0.437165616,0.752217452,0.74796527,135725.4101,0,1935755.696,1113.454926,1061916.442,0,0,0,0,14147.31356,3148658.317,C,Elizabeth_Elle_Vaccinium_corymbosum_Canada_2013C
Elizabeth_Elle_Vaccinium_corymbosum_Canada_2013,blueberry_bc_5_0,49.077083,-122.387861,Vaccinium corymbosum,Canada,0.929907197,0.465794156,0.881060606,0.937916667,288047.358,0,1295437.06,30682.4623,1507893.721,0,0,0,0,26583.06083,3148643.662,C,Elizabeth_Elle_Vaccinium_corymbosum_Canada_2013C
Elizabeth_Elle_Vaccinium_corymbosum_Canada_2013,blueberry_bc_5_25,49.077083,-122.387861,Vaccinium corymbosum,Canada,1.186629146,0.361424851,0.958333333,0.883193915,288047.358,0,1295437.06,30682.4623,1507893.721,0,0,0,0,26583.06083,3148643.662,C,Elizabeth_Elle_Vaccinium_corymbosum_Canada_2013C
Elizabeth_Elle_Vaccinium_corymbosum_Canada_2013,blueberry_bc_5_50,49.077083,-122.387861,Vaccinium corymbosum,Canada,1.091010113,0.584853906,0.976136364,0.936842105,288047.358,0,1295437.06,30682.4623,1507893.721,0,0,0,0,26583.06083,3148643.662,C,Elizabeth_Elle_Vaccinium_corymbosum_Canada_2013C
Elizabeth_Elle_Vaccinium_corymbosum_Canada_2013,blueberry_bc_5_100,49.077083,-122.387861,Vaccinium corymbosum,Canada,0.932575758,0.554650987,0.948498965,0.972222222,288047.358,0,1295437.06,30682.4623,1507893.721,0,0,0,0,26583.06083,3148643.662,C,Elizabeth_Elle_Vaccinium_corymbosum_Canada_2013C
Elizabeth_Elle_Vaccinium_corymbosum_Canada_2013,blueberry_bc_6_0,49.087361,-122.433278,Vaccinium corymbosum,Canada,0.976435017,0.625853904,0.8304155,0.658593599,180224.4313,0,1477947.572,14225.29617,1442211.225,1507.760376,0,0,0,31602.59538,3147718.88,C,Elizabeth_Elle_Vaccinium_corymbosum_Canada_2013C
Elizabeth_Elle_Vaccinium_corymbosum_Canada_2013,blueberry_bc_6_25,49.087361,-122.433278,Vaccinium corymbosum,Canada,1.076264965,0.550024902,0.941176471,0.92777688,180224.4313,0,1477947.572,14225.29617,1442211.225,1507.760376,0,0,0,31602.59538,3147718.88,C,Elizabeth_Elle_Vaccinium_corymbosum_Canada_2013C
Elizabeth_Elle_Vaccinium_corymbosum_Canada_2013,blueberry_bc_6_50,49.087361,-122.433278,Vaccinium corymbosum,Canada,0.949182143,0.358285023,0.935606061,0.912546518,180224.4313,0,1477947.572,14225.29617,1442211.225,1507.760376,0,0,0,31602.59538,3147718.88,C,Elizabeth_Elle_Vaccinium_corymbosum_Canada_2013C
Elizabeth_Elle_Vaccinium_corymbosum_Canada_2013,blueberry_bc_6_100,49.087361,-122.433278,Vaccinium corymbosum,Canada,0.907516941,0.418310364,0.847222222,0.90878268,180224.4313,0,1477947.572,14225.29617,1442211.225,1507.760376,0,0,0,31602.59538,3147718.88,C,Elizabeth_Elle_Vaccinium_corymbosum_Canada_2013C
Elizabeth_Elle_Vaccinium_corymbosum_Canada_2013,blueberry_bc_7_0,49.107373,-122.904138,Vaccinium corymbosum,Canada,1.276154354,0.371388131,0.851636905,0.785701232,251433.99,0,1291057.399,1179.524872,1470793.464,2424.449036,0,0,3669.837837,128089.9527,3148648.617,C,Elizabeth_Elle_Vaccinium_corymbosum_Canada_2013C
Elizabeth_Elle_Vaccinium_corymbosum_Canada_2013,blueberry_bc_7_25,49.107373,-122.904138,Vaccinium corymbosum,Canada,1.108389502,0.684784114,0.926767677,0.820947967,251433.99,0,1291057.399,1179.524872,1470793.464,2424.449036,0,0,3669.837837,128089.9527,3148648.617,C,Elizabeth_Elle_Vaccinium_corymbosum_Canada_2013C
Elizabeth_Elle_Vaccinium_corymbosum_Canada_2013,blueberry_bc_7_50,49.107373,-122.904138,Vaccinium corymbosum,Canada,1.026927632,0.637195341,0.887154512,0.750361481,251433.99,0,1291057.399,1179.524872,1470793.464,2424.449036,0,0,3669.837837,128089.9527,3148648.617,C,Elizabeth_Elle_Vaccinium_corymbosum_Canada_2013C
Elizabeth_Elle_Vaccinium_corymbosum_Canada_2013,blueberry_bc_7_100,49.107373,-122.904138,Vaccinium corymbosum,Canada,1.178089583,0.665435252,0.864035088,0.809210526,251433.99,0,1291057.399,1179.524872,1470793.464,2424.449036,0,0,3669.837837,128089.9527,3148648.617,C,Elizabeth_Elle_Vaccinium_corymbosum_Canada_2013C
Elizabeth_Elle_Vaccinium_corymbosum_Canada_2013,blueberry_bc_8_25,49.114722,-122.926556,Vaccinium corymbosum,Canada,1.271435855,0.659143562,0.9875,0.810727467,254110.9639,0,2002837.032,5297.031794,785091.1413,0,0,0,2672.372237,98545.45113,3148553.993,C,Elizabeth_Elle_Vaccinium_corymbosum_Canada_2013C
Elizabeth_Elle_Vaccinium_corymbosum_Canada_2013,blueberry_bc_8_50,49.114722,-122.926556,Vaccinium corymbosum,Canada,1.276177679,0.569028472,0.841812865,0.685818713,254110.9639,0,2002837.032,5297.031794,785091.1413,0,0,0,2672.372237,98545.45113,3148553.993,C,Elizabeth_Elle_Vaccinium_corymbosum_Canada_2013C
Elizabeth_Elle_Vaccinium_corymbosum_Canada_2013,blueberry_bc_8_100,49.114722,-122.926556,Vaccinium corymbosum,Canada,1.098218146,0.467041301,0.933333333,0.910936041,254110.9639,0,2002837.032,5297.031794,785091.1413,0,0,0,2672.372237,98545.45113,3148553.993,C,Elizabeth_Elle_Vaccinium_corymbosum_Canada_2013C
Elizabeth_Elle_Vaccinium_corymbosum_Canada_2013,blueberry_bc_9_0,49.26775,-122.639417,Vaccinium corymbosum,Canada,1.311121376,0.716366507,0.899795322,1.025,47027.20037,0,1469661.555,1371.73027,1556840.848,26476.08463,0,0,13834.657,33421.2084,3148633.283,C,Elizabeth_Elle_Vaccinium_corymbosum_Canada_2013C
Elizabeth_Elle_Vaccinium_corymbosum_Canada_2013,blueberry_bc_9_25,49.26775,-122.639417,Vaccinium corymbosum,Canada,1.242661995,0.687788638,0.965367965,0.95,47027.20037,0,1469661.555,1371.73027,1556840.848,26476.08463,0,0,13834.657,33421.2084,3148633.283,C,Elizabeth_Elle_Vaccinium_corymbosum_Canada_2013C
Elizabeth_Elle_Vaccinium_corymbosum_Canada_2013,blueberry_bc_9_50,49.26775,-122.639417,Vaccinium corymbosum,Canada,1.028152236,0.663902474,0.923869048,0.883733974,47027.20037,0,1469661.555,1371.73027,1556840.848,26476.08463,0,0,13834.657,33421.2084,3148633.283,C,Elizabeth_Elle_Vaccinium_corymbosum_Canada_2013C
Elizabeth_Elle_Vaccinium_corymbosum_Canada_2013,blueberry_bc_9_100,49.26775,-122.639417,Vaccinium corymbosum,Canada,0.872471726,0.627825572,0.911033979,0.912878788,47027.20037,0,1469661.555,1371.73027,1556840.848,26476.08463,0,0,13834.657,33421.2084,3148633.283,C,Elizabeth_Elle_Vaccinium_corymbosum_Canada_2013C
Elizabeth_Elle_Vaccinium_corymbosum_Canada_2013,blueberry_bc_10_0,49.239444,-122.696944,Vaccinium corymbosum,Canada,0.858640278,0.572530812,1.00625,0.926809211,403472.9647,0,1626018.104,142559.1578,762473.8322,5228.940392,0,0,0,209031.8024,3148784.802,C,Elizabeth_Elle_Vaccinium_corymbosum_Canada_2013C
Elizabeth_Elle_Vaccinium_corymbosum_Canada_2013,blueberry_bc_10_25,49.239444,-122.696944,Vaccinium corymbosum,Canada,0.854012374,0.52933502,0.914698511,0.858669109,403472.9647,0,1626018.104,142559.1578,762473.8322,5228.940392,0,0,0,209031.8024,3148784.802,C,Elizabeth_Elle_Vaccinium_corymbosum_Canada_2013C
Elizabeth_Elle_Vaccinium_corymbosum_Canada_2013,blueberry_bc_10_50,49.239444,-122.696944,Vaccinium corymbosum,Canada,0.778252976,0.578086446,0.956702899,0.916803925,403472.9647,0,1626018.104,142559.1578,762473.8322,5228.940392,0,0,0,209031.8024,3148784.802,C,Elizabeth_Elle_Vaccinium_corymbosum_Canada_2013C
Elizabeth_Elle_Vaccinium_corymbosum_Canada_2013,blueberry_bc_10_100,49.239444,-122.696944,Vaccinium corymbosum,Canada,1.031507937,0.632052945,0.869746377,0.871628691,403472.9647,0,1626018.104,142559.1578,762473.8322,5228.940392,0,0,0,209031.8024,3148784.802,C,Elizabeth_Elle_Vaccinium_corymbosum_Canada_2013C
Elizabeth_Elle_Vaccinium_corymbosum_Canada_2013,blueberry_bc_11_0,49.255028,-122.618194,Vaccinium corymbosum,Canada,1.388840035,0.633408929,0.877882082,0.702805648,15044.96901,0,2393518.386,0,708893.4894,0,0,0,1241.279495,30086.1185,3148784.243,C,Elizabeth_Elle_Vaccinium_corymbosum_Canada_2013C
Elizabeth_Elle_Vaccinium_corymbosum_Canada_2013,blueberry_bc_11_25,49.255028,-122.618194,Vaccinium corymbosum,Canada,1.216055398,0.587097416,1.057936508,1.256944444,15044.96901,0,2393518.386,0,708893.4894,0,0,0,1241.279495,30086.1185,3148784.243,C,Elizabeth_Elle_Vaccinium_corymbosum_Canada_2013C
Elizabeth_Elle_Vaccinium_corymbosum_Canada_2013,blueberry_bc_11_50,49.255028,-122.618194,Vaccinium corymbosum,Canada,1.187839803,0.770913997,0.788925439,0.957575758,15044.96901,0,2393518.386,0,708893.4894,0,0,0,1241.279495,30086.1185,3148784.243,C,Elizabeth_Elle_Vaccinium_corymbosum_Canada_2013C
Elizabeth_Elle_Vaccinium_corymbosum_Canada_2013,blueberry_bc_11_100,49.255028,-122.618194,Vaccinium corymbosum,Canada,0.990757464,0.445736472,0.88121118,0.87605042,15044.96901,0,2393518.386,0,708893.4894,0,0,0,1241.279495,30086.1185,3148784.243,C,Elizabeth_Elle_Vaccinium_corymbosum_Canada_2013C
Elizabeth_Elle_Vaccinium_corymbosum_Canada_2013,blueberry_bc_12_0,49.253333,-122.711972,Vaccinium corymbosum,Canada,1.005291578,0.587720833,1,0.921026584,101558.7913,0,1432613.331,5976.100472,685339.9384,804450.0201,0,0,6733.571977,111275.1785,3147946.932,C,Elizabeth_Elle_Vaccinium_corymbosum_Canada_2013C
Elizabeth_Elle_Vaccinium_corymbosum_Canada_2013,blueberry_bc_12_25,49.253333,-122.711972,Vaccinium corymbosum,Canada,0.906148748,0.707769949,0.939538043,0.7875,101558.7913,0,1432613.331,5976.100472,685339.9384,804450.0201,0,0,6733.571977,111275.1785,3147946.932,C,Elizabeth_Elle_Vaccinium_corymbosum_Canada_2013C
Elizabeth_Elle_Vaccinium_corymbosum_Canada_2013,blueberry_bc_12_50,49.253333,-122.711972,Vaccinium corymbosum,Canada,1.071816919,0.42360588,0.980769231,1.06006016,101558.7913,0,1432613.331,5976.100472,685339.9384,804450.0201,0,0,6733.571977,111275.1785,3147946.932,C,Elizabeth_Elle_Vaccinium_corymbosum_Canada_2013C
Elizabeth_Elle_Vaccinium_corymbosum_Canada_2013,blueberry_bc_12_100,49.253333,-122.711972,Vaccinium corymbosum,Canada,1.170754348,0.666050282,0.961640212,0.964171245,101558.7913,0,1432613.331,5976.100472,685339.9384,804450.0201,0,0,6733.571977,111275.1785,3147946.932,C,Elizabeth_Elle_Vaccinium_corymbosum_Canada_2013C
Elizabeth_Elle_Vaccinium_corymbosum_Canada_2013,blueberry_bc_13_0,49.284944,-122.708694,Vaccinium corymbosum,Canada,1.408923611,0.701319444,1.013157895,0.820833333,47814.35927,0,1493903.056,2481.471298,869823.0801,674836.0656,0,0,8614.816001,51215.78047,3148688.629,C,Elizabeth_Elle_Vaccinium_corymbosum_Canada_2013C
Elizabeth_Elle_Vaccinium_corymbosum_Canada_2013,blueberry_bc_13_25,49.284944,-122.708694,Vaccinium corymbosum,Canada,0.995156944,0.63228125,0.773076923,0.908333333,47814.35927,0,1493903.056,2481.471298,869823.0801,674836.0656,0,0,8614.816001,51215.78047,3148688.629,C,Elizabeth_Elle_Vaccinium_corymbosum_Canada_2013C
Elizabeth_Elle_Vaccinium_corymbosum_Canada_2013,blueberry_bc_13_50,49.284944,-122.708694,Vaccinium corymbosum,Canada,1.358469444,0.68675,1.704517705,0.756410256,47814.35927,0,1493903.056,2481.471298,869823.0801,674836.0656,0,0,8614.816001,51215.78047,3148688.629,C,Elizabeth_Elle_Vaccinium_corymbosum_Canada_2013C
Elizabeth_Elle_Vaccinium_corymbosum_Canada_2013,blueberry_bc_13_100,49.284944,-122.708694,Vaccinium corymbosum,Canada,1.3726,0.820166667,0.55952381,0.754545455,47814.35927,0,1493903.056,2481.471298,869823.0801,674836.0656,0,0,8614.816001,51215.78047,3148688.629,C,Elizabeth_Elle_Vaccinium_corymbosum_Canada_2013C
Elizabeth_Elle_Vaccinium_corymbosum_Canada_2013,blueberry_bc_14_0,49.22375,-122.748472,Vaccinium corymbosum,Canada,0.960463687,0.412026872,0.908816425,0.840759569,106509.7215,0,1776562.061,7517.895081,457457.1948,679255.6467,0,0,0,121455.168,3148757.687,C,Elizabeth_Elle_Vaccinium_corymbosum_Canada_2013C
Elizabeth_Elle_Vaccinium_corymbosum_Canada_2013,blueberry_bc_14_25,49.22375,-122.748472,Vaccinium corymbosum,Canada,0.950776001,0.344779952,0.865823587,0.938862307,106509.7215,0,1776562.061,7517.895081,457457.1948,679255.6467,0,0,0,121455.168,3148757.687,C,Elizabeth_Elle_Vaccinium_corymbosum_Canada_2013C
Elizabeth_Elle_Vaccinium_corymbosum_Canada_2013,blueberry_bc_14_50,49.22375,-122.748472,Vaccinium corymbosum,Canada,0.895208333,0.289791919,0.788902403,0.747463768,106509.7215,0,1776562.061,7517.895081,457457.1948,679255.6467,0,0,0,121455.168,3148757.687,C,Elizabeth_Elle_Vaccinium_corymbosum_Canada_2013C
Elizabeth_Elle_Vaccinium_corymbosum_Canada_2013,blueberry_bc_15_0,49.099528,-122.77175,Vaccinium corymbosum,Canada,0.818547422,0.32590119,0.777777778,0.83126935,193435.5163,0,2189454.263,12171.9772,453997.1651,65196.14137,0,0,63567.95792,170784.5198,3148607.541,C,Elizabeth_Elle_Vaccinium_corymbosum_Canada_2013C
Elizabeth_Elle_Vaccinium_corymbosum_Canada_2013,blueberry_bc_15_25,49.099528,-122.77175,Vaccinium corymbosum,Canada,0.421233742,0.431725,0.834325397,0.870364833,193435.5163,0,2189454.263,12171.9772,453997.1651,65196.14137,0,0,63567.95792,170784.5198,3148607.541,C,Elizabeth_Elle_Vaccinium_corymbosum_Canada_2013C
Elizabeth_Elle_Vaccinium_corymbosum_Canada_2013,blueberry_bc_15_50,49.099528,-122.77175,Vaccinium corymbosum,Canada,0.57170723,0.365462787,0.834375,0.897916667,193435.5163,0,2189454.263,12171.9772,453997.1651,65196.14137,0,0,63567.95792,170784.5198,3148607.541,C,Elizabeth_Elle_Vaccinium_corymbosum_Canada_2013C
Elizabeth_Elle_Vaccinium_corymbosum_Canada_2013,blueberry_bc_15_100,49.099528,-122.77175,Vaccinium corymbosum,Canada,0.514045758,0.373469722,0.822690217,0.810526316,193435.5163,0,2189454.263,12171.9772,453997.1651,65196.14137,0,0,63567.95792,170784.5198,3148607.541,C,Elizabeth_Elle_Vaccinium_corymbosum_Canada_2013C
Elizabeth_Elle_Vaccinium_corymbosum_Canada_2013,blueberry_bc_16_0,49.095642,-122.795308,Vaccinium corymbosum,Canada,0.783859633,0.653163506,0.996520749,0.95,460717.4361,0,1943509.204,39669.64225,564959.7411,39977.09283,0,0,73232.99166,26553.91122,3148620.019,C,Elizabeth_Elle_Vaccinium_corymbosum_Canada_2013C
Elizabeth_Elle_Vaccinium_corymbosum_Canada_2013,blueberry_bc_16_25,49.095642,-122.795308,Vaccinium corymbosum,Canada,0.690133991,0.91607672,1.007130125,0.942690058,460717.4361,0,1943509.204,39669.64225,564959.7411,39977.09283,0,0,73232.99166,26553.91122,3148620.019,C,Elizabeth_Elle_Vaccinium_corymbosum_Canada_2013C
Elizabeth_Elle_Vaccinium_corymbosum_Canada_2013,blueberry_bc_16_50,49.095642,-122.795308,Vaccinium corymbosum,Canada,0.835392256,0.544880471,0.888571429,0.910493827,460717.4361,0,1943509.204,39669.64225,564959.7411,39977.09283,0,0,73232.99166,26553.91122,3148620.019,C,Elizabeth_Elle_Vaccinium_corymbosum_Canada_2013C
Elizabeth_Elle_Vaccinium_corymbosum_Canada_2013,blueberry_bc_16_100,49.095642,-122.795308,Vaccinium corymbosum,Canada,0.942112125,0.521050852,0.806252323,0.66241361,460717.4361,0,1943509.204,39669.64225,564959.7411,39977.09283,0,0,73232.99166,26553.91122,3148620.019,C,Elizabeth_Elle_Vaccinium_corymbosum_Canada_2013C
Elizabeth_Elle_Vaccinium_corymbosum_Canada_2013,blueberry_bc_17_0,49.08425,-122.805861,Vaccinium corymbosum,Canada,0.939907498,0.534802632,0.974937343,0.905112045,124959.3598,0,2328674.748,5768.541191,403101.6116,44101.62769,0,0,162235.7546,79440.40911,3148282.052,C,Elizabeth_Elle_Vaccinium_corymbosum_Canada_2013C
Elizabeth_Elle_Vaccinium_corymbosum_Canada_2013,blueberry_bc_17_25,49.08425,-122.805861,Vaccinium corymbosum,Canada,0.58525139,0.598737782,0.791005291,0.876999389,124959.3598,0,2328674.748,5768.541191,403101.6116,44101.62769,0,0,162235.7546,79440.40911,3148282.052,C,Elizabeth_Elle_Vaccinium_corymbosum_Canada_2013C
Elizabeth_Elle_Vaccinium_corymbosum_Canada_2013,blueberry_bc_17_50,49.08425,-122.805861,Vaccinium corymbosum,Canada,0.785011623,0.534010417,0.842986542,0.920386905,124959.3598,0,2328674.748,5768.541191,403101.6116,44101.62769,0,0,162235.7546,79440.40911,3148282.052,C,Elizabeth_Elle_Vaccinium_corymbosum_Canada_2013C
Elizabeth_Elle_Vaccinium_corymbosum_Canada_2013,blueberry_bc_17_100,49.08425,-122.805861,Vaccinium corymbosum,Canada,0.825589697,0.463405221,0.873250835,0.920833333,124959.3598,0,2328674.748,5768.541191,403101.6116,44101.62769,0,0,162235.7546,79440.40911,3148282.052,C,Elizabeth_Elle_Vaccinium_corymbosum_Canada_2013C
Elizabeth_Elle_Vaccinium_corymbosum_Canada_2014,blueberry_bc_1_0,49.098444,-122.304361,Vaccinium corymbosum,Canada,1.226076726,0.253395214,0.964912281,0.941587302,191642.6835,0,1692226.109,5374.110298,255245.8102,7406.849373,0,0,262.1743393,996515.7086,3148673.445,C,Elizabeth_Elle_Vaccinium_corymbosum_Canada_2014C
Elizabeth_Elle_Vaccinium_corymbosum_Canada_2014,blueberry_bc_1_25,49.098444,-122.304361,Vaccinium corymbosum,Canada,1.037417951,0.895320988,0.95140665,0.940305145,191642.6835,0,1692226.109,5374.110298,255245.8102,7406.849373,0,0,262.1743393,996515.7086,3148673.445,C,Elizabeth_Elle_Vaccinium_corymbosum_Canada_2014C
Elizabeth_Elle_Vaccinium_corymbosum_Canada_2014,blueberry_bc_1_50,49.098444,-122.304361,Vaccinium corymbosum,Canada,0.664786325,0.851835498,0.926984127,0.839983688,191642.6835,0,1692226.109,5374.110298,255245.8102,7406.849373,0,0,262.1743393,996515.7086,3148673.445,C,Elizabeth_Elle_Vaccinium_corymbosum_Canada_2014C
Elizabeth_Elle_Vaccinium_corymbosum_Canada_2014,blueberry_bc_1_100,49.098444,-122.304361,Vaccinium corymbosum,Canada,0.748523072,0.798996032,0.984920635,0.910774411,191642.6835,0,1692226.109,5374.110298,255245.8102,7406.849373,0,0,262.1743393,996515.7086,3148673.445,C,Elizabeth_Elle_Vaccinium_corymbosum_Canada_2014C
Elizabeth_Elle_Vaccinium_corymbosum_Canada_2014,blueberry_bc_2_0,49.130972,-122.260667,Vaccinium corymbosum,Canada,1.255661376,0.634490741,0.881578947,0.890148448,76212.18868,0,1849532.41,589.4594879,255148.9779,0,0,0,0,966712.99,3148196.026,C,Elizabeth_Elle_Vaccinium_corymbosum_Canada_2014C
Elizabeth_Elle_Vaccinium_corymbosum_Canada_2014,blueberry_bc_2_25,49.130972,-122.260667,Vaccinium corymbosum,Canada,0.762921569,0.192727796,0.98245614,0.852777778,76212.18868,0,1849532.41,589.4594879,255148.9779,0,0,0,0,966712.99,3148196.026,C,Elizabeth_Elle_Vaccinium_corymbosum_Canada_2014C
Elizabeth_Elle_Vaccinium_corymbosum_Canada_2014,blueberry_bc_2_100,49.130972,-122.260667,Vaccinium corymbosum,Canada,1.291000777,0.42178457,0.837710084,0.871477456,76212.18868,0,1849532.41,589.4594879,255148.9779,0,0,0,0,966712.99,3148196.026,C,Elizabeth_Elle_Vaccinium_corymbosum_Canada_2014C
Elizabeth_Elle_Vaccinium_corymbosum_Canada_2014,blueberry_bc_3_0,49.101944,-122.252861,Vaccinium corymbosum,Canada,1.015316865,0.349717949,0.958333333,0.911111111,170765.5471,0,2035683.244,25688.97716,794482.4235,16620.91507,0,0,0,105366.508,3148607.615,C,Elizabeth_Elle_Vaccinium_corymbosum_Canada_2014C
Elizabeth_Elle_Vaccinium_corymbosum_Canada_2014,blueberry_bc_3_25,49.101944,-122.252861,Vaccinium corymbosum,Canada,0.670063868,0.595653021,1.117715618,0.898809524,170765.5471,0,2035683.244,25688.97716,794482.4235,16620.91507,0,0,0,105366.508,3148607.615,C,Elizabeth_Elle_Vaccinium_corymbosum_Canada_2014C
Elizabeth_Elle_Vaccinium_corymbosum_Canada_2014,blueberry_bc_3_50,49.101944,-122.252861,Vaccinium corymbosum,Canada,0.836900641,0.673040194,0.865740741,0.955738706,170765.5471,0,2035683.244,25688.97716,794482.4235,16620.91507,0,0,0,105366.508,3148607.615,C,Elizabeth_Elle_Vaccinium_corymbosum_Canada_2014C
Elizabeth_Elle_Vaccinium_corymbosum_Canada_2014,blueberry_bc_3_100,49.101944,-122.252861,Vaccinium corymbosum,Canada,0.825455989,0.404993241,0.959920635,0.849255952,170765.5471,0,2035683.244,25688.97716,794482.4235,16620.91507,0,0,0,105366.508,3148607.615,C,Elizabeth_Elle_Vaccinium_corymbosum_Canada_2014C
Elizabeth_Elle_Vaccinium_corymbosum_Canada_2014,blueberry_bc_4_0,49.127603,-122.418772,Vaccinium corymbosum,Canada,1.343957516,0.482734848,0.972222222,1.079365079,135725.4101,0,1935755.696,1113.454926,1061916.442,0,0,0,0,14147.31356,3148658.317,C,Elizabeth_Elle_Vaccinium_corymbosum_Canada_2014C
Elizabeth_Elle_Vaccinium_corymbosum_Canada_2014,blueberry_bc_4_25,49.127603,-122.418772,Vaccinium corymbosum,Canada,0.864663767,0.282328232,1.016928152,0.799242424,135725.4101,0,1935755.696,1113.454926,1061916.442,0,0,0,0,14147.31356,3148658.317,C,Elizabeth_Elle_Vaccinium_corymbosum_Canada_2014C
Elizabeth_Elle_Vaccinium_corymbosum_Canada_2014,blueberry_bc_4_50,49.127603,-122.418772,Vaccinium corymbosum,Canada,0.899627976,0.236360119,0.988636364,1.010869565,135725.4101,0,1935755.696,1113.454926,1061916.442,0,0,0,0,14147.31356,3148658.317,C,Elizabeth_Elle_Vaccinium_corymbosum_Canada_2014C
Elizabeth_Elle_Vaccinium_corymbosum_Canada_2014,blueberry_bc_4_100,49.127603,-122.418772,Vaccinium corymbosum,Canada,1.223442278,0.456219462,1.081235698,0.894285714,135725.4101,0,1935755.696,1113.454926,1061916.442,0,0,0,0,14147.31356,3148658.317,C,Elizabeth_Elle_Vaccinium_corymbosum_Canada_2014C
Elizabeth_Elle_Vaccinium_corymbosum_Canada_2014,blueberry_bc_5_0,49.077083,-122.387861,Vaccinium corymbosum,Canada,1.842504202,2.432545322,0.712826797,0.707638889,288047.358,0,1295437.06,30682.4623,1507893.721,0,0,0,0,26583.06083,3148643.662,C,Elizabeth_Elle_Vaccinium_corymbosum_Canada_2014C
Elizabeth_Elle_Vaccinium_corymbosum_Canada_2014,blueberry_bc_5_25,49.077083,-122.387861,Vaccinium corymbosum,Canada,0.976650794,0.348343301,0.897435897,0.888695652,288047.358,0,1295437.06,30682.4623,1507893.721,0,0,0,0,26583.06083,3148643.662,C,Elizabeth_Elle_Vaccinium_corymbosum_Canada_2014C
Elizabeth_Elle_Vaccinium_corymbosum_Canada_2014,blueberry_bc_5_50,49.077083,-122.387861,Vaccinium corymbosum,Canada,0.792340686,0.4703175,1.039766082,0.947222222,288047.358,0,1295437.06,30682.4623,1507893.721,0,0,0,0,26583.06083,3148643.662,C,Elizabeth_Elle_Vaccinium_corymbosum_Canada_2014C
Elizabeth_Elle_Vaccinium_corymbosum_Canada_2014,blueberry_bc_5_100,49.077083,-122.387861,Vaccinium corymbosum,Canada,0.881434964,0.443535354,0.985507246,0.927777778,288047.358,0,1295437.06,30682.4623,1507893.721,0,0,0,0,26583.06083,3148643.662,C,Elizabeth_Elle_Vaccinium_corymbosum_Canada_2014C
Elizabeth_Elle_Vaccinium_corymbosum_Canada_2014,blueberry_bc_6_0,49.087361,-122.433278,Vaccinium corymbosum,Canada,0.413643791,0.528338235,1.09375,0.879545455,180224.4313,0,1477947.572,14225.29617,1442211.225,1507.760376,0,0,0,31602.59538,3147718.88,C,Elizabeth_Elle_Vaccinium_corymbosum_Canada_2014C
Elizabeth_Elle_Vaccinium_corymbosum_Canada_2014,blueberry_bc_6_25,49.087361,-122.433278,Vaccinium corymbosum,Canada,0.872644737,0.662177973,1.036616162,0.926468097,180224.4313,0,1477947.572,14225.29617,1442211.225,1507.760376,0,0,0,31602.59538,3147718.88,C,Elizabeth_Elle_Vaccinium_corymbosum_Canada_2014C
Elizabeth_Elle_Vaccinium_corymbosum_Canada_2014,blueberry_bc_6_50,49.087361,-122.433278,Vaccinium corymbosum,Canada,0.773273657,0.615649573,0.846363636,1,180224.4313,0,1477947.572,14225.29617,1442211.225,1507.760376,0,0,0,31602.59538,3147718.88,C,Elizabeth_Elle_Vaccinium_corymbosum_Canada_2014C
Elizabeth_Elle_Vaccinium_corymbosum_Canada_2014,blueberry_bc_6_100,49.087361,-122.433278,Vaccinium corymbosum,Canada,1.029551048,0.678810606,1.018369565,0.954166667,180224.4313,0,1477947.572,14225.29617,1442211.225,1507.760376,0,0,0,31602.59538,3147718.88,C,Elizabeth_Elle_Vaccinium_corymbosum_Canada_2014C
Elizabeth_Elle_Vaccinium_corymbosum_Canada_2014,blueberry_bc_7_0,49.107373,-122.904138,Vaccinium corymbosum,Canada,0.723607023,0.386560606,0.976190476,1.047222222,251433.99,0,1291057.399,1179.524872,1470793.464,2424.449036,0,0,3669.837837,128089.9527,3148648.617,C,Elizabeth_Elle_Vaccinium_corymbosum_Canada_2014C
Elizabeth_Elle_Vaccinium_corymbosum_Canada_2014,blueberry_bc_7_25,49.107373,-122.904138,Vaccinium corymbosum,Canada,0.777238477,0.565543797,0.907543103,0.880324074,251433.99,0,1291057.399,1179.524872,1470793.464,2424.449036,0,0,3669.837837,128089.9527,3148648.617,C,Elizabeth_Elle_Vaccinium_corymbosum_Canada_2014C
Elizabeth_Elle_Vaccinium_corymbosum_Canada_2014,blueberry_bc_7_50,49.107373,-122.904138,Vaccinium corymbosum,Canada,0.629020025,0.313648903,0.937758799,0.720295771,251433.99,0,1291057.399,1179.524872,1470793.464,2424.449036,0,0,3669.837837,128089.9527,3148648.617,C,Elizabeth_Elle_Vaccinium_corymbosum_Canada_2014C
Elizabeth_Elle_Vaccinium_corymbosum_Canada_2014,blueberry_bc_7_100,49.107373,-122.904138,Vaccinium corymbosum,Canada,0.575417652,0.455168091,1.025297619,0.858413356,251433.99,0,1291057.399,1179.524872,1470793.464,2424.449036,0,0,3669.837837,128089.9527,3148648.617,C,Elizabeth_Elle_Vaccinium_corymbosum_Canada_2014C
Elizabeth_Elle_Vaccinium_corymbosum_Canada_2014,blueberry_bc_8_0,49.114722,-122.926556,Vaccinium corymbosum,Canada,0.842849564,0.211029474,0.972972973,0.87654321,254110.9639,0,2002837.032,5297.031794,785091.1413,0,0,0,2672.372237,98545.45113,3148553.993,C,Elizabeth_Elle_Vaccinium_corymbosum_Canada_2014C
Elizabeth_Elle_Vaccinium_corymbosum_Canada_2014,blueberry_bc_8_25,49.114722,-122.926556,Vaccinium corymbosum,Canada,0.96102337,0.197586466,0.959558824,0.892857143,254110.9639,0,2002837.032,5297.031794,785091.1413,0,0,0,2672.372237,98545.45113,3148553.993,C,Elizabeth_Elle_Vaccinium_corymbosum_Canada_2014C
Elizabeth_Elle_Vaccinium_corymbosum_Canada_2014,blueberry_bc_8_50,49.114722,-122.926556,Vaccinium corymbosum,Canada,1.258214286,0.434047619,1.076923077,0.954545455,254110.9639,0,2002837.032,5297.031794,785091.1413,0,0,0,2672.372237,98545.45113,3148553.993,C,Elizabeth_Elle_Vaccinium_corymbosum_Canada_2014C
Elizabeth_Elle_Vaccinium_corymbosum_Canada_2014,blueberry_bc_8_100,49.114722,-122.926556,Vaccinium corymbosum,Canada,0.757777778,0.24512503,1,1.090483859,254110.9639,0,2002837.032,5297.031794,785091.1413,0,0,0,2672.372237,98545.45113,3148553.993,C,Elizabeth_Elle_Vaccinium_corymbosum_Canada_2014C
Elizabeth_Elle_Vaccinium_corymbosum_Canada_2014,blueberry_bc_9_0,49.26775,-122.639417,Vaccinium corymbosum,Canada,1.224612981,0.591404756,0.858907397,0.863285024,47027.20037,0,1469661.555,1371.73027,1556840.848,26476.08463,0,0,13834.657,33421.2084,3148633.283,C,Elizabeth_Elle_Vaccinium_corymbosum_Canada_2014C
Elizabeth_Elle_Vaccinium_corymbosum_Canada_2014,blueberry_bc_9_25,49.26775,-122.639417,Vaccinium corymbosum,Canada,0.899966575,1.544864042,0.891776276,0.806615188,47027.20037,0,1469661.555,1371.73027,1556840.848,26476.08463,0,0,13834.657,33421.2084,3148633.283,C,Elizabeth_Elle_Vaccinium_corymbosum_Canada_2014C
Elizabeth_Elle_Vaccinium_corymbosum_Canada_2014,blueberry_bc_9_50,49.26775,-122.639417,Vaccinium corymbosum,Canada,0.953041667,0.365940402,0.95031746,0.904401154,47027.20037,0,1469661.555,1371.73027,1556840.848,26476.08463,0,0,13834.657,33421.2084,3148633.283,C,Elizabeth_Elle_Vaccinium_corymbosum_Canada_2014C
Elizabeth_Elle_Vaccinium_corymbosum_Canada_2014,blueberry_bc_9_100,49.26775,-122.639417,Vaccinium corymbosum,Canada,0.566265057,0.470443506,0.9075,0.891856061,47027.20037,0,1469661.555,1371.73027,1556840.848,26476.08463,0,0,13834.657,33421.2084,3148633.283,C,Elizabeth_Elle_Vaccinium_corymbosum_Canada_2014C
Elizabeth_Elle_Vaccinium_corymbosum_Canada_2014,blueberry_bc_10_0,49.239444,-122.696944,Vaccinium corymbosum,Canada,0.509261923,0.3303139,1.041666667,0.924603175,403472.9647,0,1626018.104,142559.1578,762473.8322,5228.940392,0,0,0,209031.8024,3148784.802,C,Elizabeth_Elle_Vaccinium_corymbosum_Canada_2014C
Elizabeth_Elle_Vaccinium_corymbosum_Canada_2014,blueberry_bc_10_25,49.239444,-122.696944,Vaccinium corymbosum,Canada,0.660711202,0.842776389,1.078366597,1.006931391,403472.9647,0,1626018.104,142559.1578,762473.8322,5228.940392,0,0,0,209031.8024,3148784.802,C,Elizabeth_Elle_Vaccinium_corymbosum_Canada_2014C
Elizabeth_Elle_Vaccinium_corymbosum_Canada_2014,blueberry_bc_10_50,49.239444,-122.696944,Vaccinium corymbosum,Canada,0.771867105,0.668553804,0.992955875,0.923280423,403472.9647,0,1626018.104,142559.1578,762473.8322,5228.940392,0,0,0,209031.8024,3148784.802,C,Elizabeth_Elle_Vaccinium_corymbosum_Canada_2014C
Elizabeth_Elle_Vaccinium_corymbosum_Canada_2014,blueberry_bc_10_100,49.239444,-122.696944,Vaccinium corymbosum,Canada,0.679751087,0.618230351,1.010822511,0.981153846,403472.9647,0,1626018.104,142559.1578,762473.8322,5228.940392,0,0,0,209031.8024,3148784.802,C,Elizabeth_Elle_Vaccinium_corymbosum_Canada_2014C
Elizabeth_Elle_Vaccinium_corymbosum_Canada_2014,blueberry_bc_11_0,49.255028,-122.618194,Vaccinium corymbosum,Canada,1.321621405,0.478898981,0.916666667,0.885551948,15044.96901,0,2393518.386,0,708893.4894,0,0,0,1241.279495,30086.1185,3148784.243,C,Elizabeth_Elle_Vaccinium_corymbosum_Canada_2014C
Elizabeth_Elle_Vaccinium_corymbosum_Canada_2014,blueberry_bc_11_25,49.255028,-122.618194,Vaccinium corymbosum,Canada,0.684797541,0.805855409,0.954074498,1.16713352,15044.96901,0,2393518.386,0,708893.4894,0,0,0,1241.279495,30086.1185,3148784.243,C,Elizabeth_Elle_Vaccinium_corymbosum_Canada_2014C
Elizabeth_Elle_Vaccinium_corymbosum_Canada_2014,blueberry_bc_11_50,49.255028,-122.618194,Vaccinium corymbosum,Canada,0.847970238,0.493891294,0.975478469,0.947295322,15044.96901,0,2393518.386,0,708893.4894,0,0,0,1241.279495,30086.1185,3148784.243,C,Elizabeth_Elle_Vaccinium_corymbosum_Canada_2014C
Elizabeth_Elle_Vaccinium_corymbosum_Canada_2014,blueberry_bc_11_100,49.255028,-122.618194,Vaccinium corymbosum,Canada,1.144129412,0.50112996,0.936507937,0.96969697,15044.96901,0,2393518.386,0,708893.4894,0,0,0,1241.279495,30086.1185,3148784.243,C,Elizabeth_Elle_Vaccinium_corymbosum_Canada_2014C
Elizabeth_Elle_Vaccinium_corymbosum_Canada_2014,blueberry_bc_12_0,49.253333,-122.711972,Vaccinium corymbosum,Canada,0.715684641,0.378348996,0.950396825,0.912014163,101558.7913,0,1432613.331,5976.100472,685339.9384,804450.0201,0,0,6733.571977,111275.1785,3147946.932,C,Elizabeth_Elle_Vaccinium_corymbosum_Canada_2014C
Elizabeth_Elle_Vaccinium_corymbosum_Canada_2014,blueberry_bc_12_25,49.253333,-122.711972,Vaccinium corymbosum,Canada,0.729171402,0.55428098,0.969166667,0.921825397,101558.7913,0,1432613.331,5976.100472,685339.9384,804450.0201,0,0,6733.571977,111275.1785,3147946.932,C,Elizabeth_Elle_Vaccinium_corymbosum_Canada_2014C
Elizabeth_Elle_Vaccinium_corymbosum_Canada_2014,blueberry_bc_12_50,49.253333,-122.711972,Vaccinium corymbosum,Canada,1.065366984,0.33711056,0.896372877,0.808721405,101558.7913,0,1432613.331,5976.100472,685339.9384,804450.0201,0,0,6733.571977,111275.1785,3147946.932,C,Elizabeth_Elle_Vaccinium_corymbosum_Canada_2014C
Elizabeth_Elle_Vaccinium_corymbosum_Canada_2014,blueberry_bc_12_100,49.253333,-122.711972,Vaccinium corymbosum,Canada,1.072443182,0.445856056,0.968344156,0.887962963,101558.7913,0,1432613.331,5976.100472,685339.9384,804450.0201,0,0,6733.571977,111275.1785,3147946.932,C,Elizabeth_Elle_Vaccinium_corymbosum_Canada_2014C
Elizabeth_Elle_Vaccinium_corymbosum_Canada_2014,blueberry_bc_13_0,49.284944,-122.708694,Vaccinium corymbosum,Canada,1.062745092,0.715857143,0.886830357,0.573007246,47814.35927,0,1493903.056,2481.471298,869823.0801,674836.0656,0,0,8614.816001,51215.78047,3148688.629,C,Elizabeth_Elle_Vaccinium_corymbosum_Canada_2014C
Elizabeth_Elle_Vaccinium_corymbosum_Canada_2014,blueberry_bc_13_25,49.284944,-122.708694,Vaccinium corymbosum,Canada,1.069375493,0.639950812,0.883819079,0.735596433,47814.35927,0,1493903.056,2481.471298,869823.0801,674836.0656,0,0,8614.816001,51215.78047,3148688.629,C,Elizabeth_Elle_Vaccinium_corymbosum_Canada_2014C
Elizabeth_Elle_Vaccinium_corymbosum_Canada_2014,blueberry_bc_13_50,49.284944,-122.708694,Vaccinium corymbosum,Canada,1.039939286,0.795797009,0.733333333,0.839923187,47814.35927,0,1493903.056,2481.471298,869823.0801,674836.0656,0,0,8614.816001,51215.78047,3148688.629,C,Elizabeth_Elle_Vaccinium_corymbosum_Canada_2014C
Elizabeth_Elle_Vaccinium_corymbosum_Canada_2014,blueberry_bc_13_100,49.284944,-122.708694,Vaccinium corymbosum,Canada,1.176682483,0.576208333,0.664616402,0.741319444,47814.35927,0,1493903.056,2481.471298,869823.0801,674836.0656,0,0,8614.816001,51215.78047,3148688.629,C,Elizabeth_Elle_Vaccinium_corymbosum_Canada_2014C
Elizabeth_Elle_Vaccinium_corymbosum_Canada_2014,blueberry_bc_14_0,49.22375,-122.748472,Vaccinium corymbosum,Canada,0.76103227,0.421956845,0.972371795,0.90922619,106509.7215,0,1776562.061,7517.895081,457457.1948,679255.6467,0,0,0,121455.168,3148757.687,C,Elizabeth_Elle_Vaccinium_corymbosum_Canada_2014C
Elizabeth_Elle_Vaccinium_corymbosum_Canada_2014,blueberry_bc_14_25,49.22375,-122.748472,Vaccinium corymbosum,Canada,0.959362005,0.393251603,0.973505435,0.857638889,106509.7215,0,1776562.061,7517.895081,457457.1948,679255.6467,0,0,0,121455.168,3148757.687,C,Elizabeth_Elle_Vaccinium_corymbosum_Canada_2014C
Elizabeth_Elle_Vaccinium_corymbosum_Canada_2014,blueberry_bc_14_50,49.22375,-122.748472,Vaccinium corymbosum,Canada,0.77785,0.31003125,0.909090909,1.142857143,106509.7215,0,1776562.061,7517.895081,457457.1948,679255.6467,0,0,0,121455.168,3148757.687,C,Elizabeth_Elle_Vaccinium_corymbosum_Canada_2014C
Elizabeth_Elle_Vaccinium_corymbosum_Canada_2014,blueberry_bc_14_100,49.22375,-122.748472,Vaccinium corymbosum,Canada,0.890400298,0.575410227,0.977272727,1.004166667,106509.7215,0,1776562.061,7517.895081,457457.1948,679255.6467,0,0,0,121455.168,3148757.687,C,Elizabeth_Elle_Vaccinium_corymbosum_Canada_2014C
Elizabeth_Elle_Vaccinium_corymbosum_Canada_2014,blueberry_bc_15_0,49.099528,-122.77175,Vaccinium corymbosum,Canada,0.842849564,0.211029474,1.182780183,0.856945524,193435.5163,0,2189454.263,12171.9772,453997.1651,65196.14137,0,0,63567.95792,170784.5198,3148607.541,C,Elizabeth_Elle_Vaccinium_corymbosum_Canada_2014C
Elizabeth_Elle_Vaccinium_corymbosum_Canada_2014,blueberry_bc_15_25,49.099528,-122.77175,Vaccinium corymbosum,Canada,0.96102337,0.197586466,0.972222222,0.906041843,193435.5163,0,2189454.263,12171.9772,453997.1651,65196.14137,0,0,63567.95792,170784.5198,3148607.541,C,Elizabeth_Elle_Vaccinium_corymbosum_Canada_2014C
Elizabeth_Elle_Vaccinium_corymbosum_Canada_2014,blueberry_bc_15_50,49.099528,-122.77175,Vaccinium corymbosum,Canada,1.258214286,0.434047619,1.4,0.875,193435.5163,0,2189454.263,12171.9772,453997.1651,65196.14137,0,0,63567.95792,170784.5198,3148607.541,C,Elizabeth_Elle_Vaccinium_corymbosum_Canada_2014C
Elizabeth_Elle_Vaccinium_corymbosum_Canada_2014,blueberry_bc_15_100,49.099528,-122.77175,Vaccinium corymbosum,Canada,0.757777778,0.24512503,0.869289714,1.35634058,193435.5163,0,2189454.263,12171.9772,453997.1651,65196.14137,0,0,63567.95792,170784.5198,3148607.541,C,Elizabeth_Elle_Vaccinium_corymbosum_Canada_2014C
Elizabeth_Elle_Vaccinium_corymbosum_Canada_2014,blueberry_bc_16_0,49.095642,-122.795308,Vaccinium corymbosum,Canada,1.038802831,0.699732271,0.937391304,0.692619048,460717.4361,0,1943509.204,39669.64225,564959.7411,39977.09283,0,0,73232.99166,26553.91122,3148620.019,C,Elizabeth_Elle_Vaccinium_corymbosum_Canada_2014C
Elizabeth_Elle_Vaccinium_corymbosum_Canada_2014,blueberry_bc_16_25,49.095642,-122.795308,Vaccinium corymbosum,Canada,0.639369375,0.583756686,0.98702381,0.97004329,460717.4361,0,1943509.204,39669.64225,564959.7411,39977.09283,0,0,73232.99166,26553.91122,3148620.019,C,Elizabeth_Elle_Vaccinium_corymbosum_Canada_2014C
Elizabeth_Elle_Vaccinium_corymbosum_Canada_2014,blueberry_bc_16_50,49.095642,-122.795308,Vaccinium corymbosum,Canada,0.778563079,0.585040373,0.9775,0.922222222,460717.4361,0,1943509.204,39669.64225,564959.7411,39977.09283,0,0,73232.99166,26553.91122,3148620.019,C,Elizabeth_Elle_Vaccinium_corymbosum_Canada_2014C
Elizabeth_Elle_Vaccinium_corymbosum_Canada_2014,blueberry_bc_16_100,49.095642,-122.795308,Vaccinium corymbosum,Canada,0.812815264,0.672360226,0.93422619,0.94510582,460717.4361,0,1943509.204,39669.64225,564959.7411,39977.09283,0,0,73232.99166,26553.91122,3148620.019,C,Elizabeth_Elle_Vaccinium_corymbosum_Canada_2014C
Elizabeth_Elle_Vaccinium_corymbosum_Canada_2014,blueberry_bc_17_0,49.08425,-122.805861,Vaccinium corymbosum,Canada,1.160592469,0.504097778,0.87400319,0.842424242,124959.3598,0,2328674.748,5768.541191,403101.6116,44101.62769,0,0,162235.7546,79440.40911,3148282.052,C,Elizabeth_Elle_Vaccinium_corymbosum_Canada_2014C
Elizabeth_Elle_Vaccinium_corymbosum_Canada_2014,blueberry_bc_17_25,49.08425,-122.805861,Vaccinium corymbosum,Canada,0.802353571,0.638277172,0.756473516,0.892464404,124959.3598,0,2328674.748,5768.541191,403101.6116,44101.62769,0,0,162235.7546,79440.40911,3148282.052,C,Elizabeth_Elle_Vaccinium_corymbosum_Canada_2014C
Elizabeth_Elle_Vaccinium_corymbosum_Canada_2014,blueberry_bc_17_50,49.08425,-122.805861,Vaccinium corymbosum,Canada,1.066737202,0.874634454,0.897977023,0.88422619,124959.3598,0,2328674.748,5768.541191,403101.6116,44101.62769,0,0,162235.7546,79440.40911,3148282.052,C,Elizabeth_Elle_Vaccinium_corymbosum_Canada_2014C
Elizabeth_Elle_Vaccinium_corymbosum_Canada_2014,blueberry_bc_17_100,49.08425,-122.805861,Vaccinium corymbosum,Canada,1.020211257,0.782561748,0.858344474,0.769241221,124959.3598,0,2328674.748,5768.541191,403101.6116,44101.62769,0,0,162235.7546,79440.40911,3148282.052,C,Elizabeth_Elle_Vaccinium_corymbosum_Canada_2014C
Elizabeth_Elle_Vaccinium_corymbosum_Canada_2015,blueberry_bc_1_0,49.098444,-122.304361,Vaccinium corymbosum,Canada,0.777185833,0.21645119,0.969497414,0.492016317,191642.6835,0,1692226.109,5374.110298,255245.8102,7406.849373,0,0,262.1743393,996515.7086,3148673.445,C,Elizabeth_Elle_Vaccinium_corymbosum_Canada_2015C
Elizabeth_Elle_Vaccinium_corymbosum_Canada_2015,blueberry_bc_1_25,49.098444,-122.304361,Vaccinium corymbosum,Canada,1.161408809,0.218201471,0.980882353,0.932041381,191642.6835,0,1692226.109,5374.110298,255245.8102,7406.849373,0,0,262.1743393,996515.7086,3148673.445,C,Elizabeth_Elle_Vaccinium_corymbosum_Canada_2015C
Elizabeth_Elle_Vaccinium_corymbosum_Canada_2015,blueberry_bc_1_50,49.098444,-122.304361,Vaccinium corymbosum,Canada,0.748335455,0.174108125,1.08,0.893762183,191642.6835,0,1692226.109,5374.110298,255245.8102,7406.849373,0,0,262.1743393,996515.7086,3148673.445,C,Elizabeth_Elle_Vaccinium_corymbosum_Canada_2015C
Elizabeth_Elle_Vaccinium_corymbosum_Canada_2015,blueberry_bc_1_100,49.098444,-122.304361,Vaccinium corymbosum,Canada,0.985278028,0.214594048,0.780929487,0.753504005,191642.6835,0,1692226.109,5374.110298,255245.8102,7406.849373,0,0,262.1743393,996515.7086,3148673.445,C,Elizabeth_Elle_Vaccinium_corymbosum_Canada_2015C
Elizabeth_Elle_Vaccinium_corymbosum_Canada_2015,blueberry_bc_2_0,49.130972,-122.260667,Vaccinium corymbosum,Canada,0.971072917,0.629321076,0.977996832,0.816017316,76212.18868,0,1849532.41,589.4594879,255148.9779,0,0,0,0,966712.99,3148196.026,C,Elizabeth_Elle_Vaccinium_corymbosum_Canada_2015C
Elizabeth_Elle_Vaccinium_corymbosum_Canada_2015,blueberry_bc_2_25,49.130972,-122.260667,Vaccinium corymbosum,Canada,0.968631159,0.463673459,0.80625,0.809754005,76212.18868,0,1849532.41,589.4594879,255148.9779,0,0,0,0,966712.99,3148196.026,C,Elizabeth_Elle_Vaccinium_corymbosum_Canada_2015C
Elizabeth_Elle_Vaccinium_corymbosum_Canada_2015,blueberry_bc_2_50,49.130972,-122.260667,Vaccinium corymbosum,Canada,0.840601851,0.180629167,0.78612765,0.886222473,76212.18868,0,1849532.41,589.4594879,255148.9779,0,0,0,0,966712.99,3148196.026,C,Elizabeth_Elle_Vaccinium_corymbosum_Canada_2015C
Elizabeth_Elle_Vaccinium_corymbosum_Canada_2015,blueberry_bc_2_100,49.130972,-122.260667,Vaccinium corymbosum,Canada,0.835486221,0.435408136,0.799563432,0.907986111,76212.18868,0,1849532.41,589.4594879,255148.9779,0,0,0,0,966712.99,3148196.026,C,Elizabeth_Elle_Vaccinium_corymbosum_Canada_2015C
Elizabeth_Elle_Vaccinium_corymbosum_Canada_2015,blueberry_bc_4_0,49.127603,-122.418772,Vaccinium corymbosum,Canada,1.283210735,0.484437632,1.032527658,0.906293706,135725.4101,0,1935755.696,1113.454926,1061916.442,0,0,0,0,14147.31356,3148658.317,C,Elizabeth_Elle_Vaccinium_corymbosum_Canada_2015C
Elizabeth_Elle_Vaccinium_corymbosum_Canada_2015,blueberry_bc_4_25,49.127603,-122.418772,Vaccinium corymbosum,Canada,0.696127717,0.123346047,0.919484702,0.869047619,135725.4101,0,1935755.696,1113.454926,1061916.442,0,0,0,0,14147.31356,3148658.317,C,Elizabeth_Elle_Vaccinium_corymbosum_Canada_2015C
Elizabeth_Elle_Vaccinium_corymbosum_Canada_2015,blueberry_bc_4_50,49.127603,-122.418772,Vaccinium corymbosum,Canada,0.980006779,0.336211904,0.940257353,0.938724448,135725.4101,0,1935755.696,1113.454926,1061916.442,0,0,0,0,14147.31356,3148658.317,C,Elizabeth_Elle_Vaccinium_corymbosum_Canada_2015C
Elizabeth_Elle_Vaccinium_corymbosum_Canada_2015,blueberry_bc_4_100,49.127603,-122.418772,Vaccinium corymbosum,Canada,0.628630296,0.171713164,0.918652038,0.861912226,135725.4101,0,1935755.696,1113.454926,1061916.442,0,0,0,0,14147.31356,3148658.317,C,Elizabeth_Elle_Vaccinium_corymbosum_Canada_2015C
Elizabeth_Elle_Vaccinium_corymbosum_Canada_2015,blueberry_bc_5_0,49.077083,-122.387861,Vaccinium corymbosum,Canada,1.397547101,0.20655011,1.070793972,0.882308897,288047.358,0,1295437.06,30682.4623,1507893.721,0,0,0,0,26583.06083,3148643.662,C,Elizabeth_Elle_Vaccinium_corymbosum_Canada_2015C
Elizabeth_Elle_Vaccinium_corymbosum_Canada_2015,blueberry_bc_5_25,49.077083,-122.387861,Vaccinium corymbosum,Canada,0.853882166,0.587380482,0.885943826,0.850271739,288047.358,0,1295437.06,30682.4623,1507893.721,0,0,0,0,26583.06083,3148643.662,C,Elizabeth_Elle_Vaccinium_corymbosum_Canada_2015C
Elizabeth_Elle_Vaccinium_corymbosum_Canada_2015,blueberry_bc_5_50,49.077083,-122.387861,Vaccinium corymbosum,Canada,1.283136984,0.51325303,1.027083333,0.817391304,288047.358,0,1295437.06,30682.4623,1507893.721,0,0,0,0,26583.06083,3148643.662,C,Elizabeth_Elle_Vaccinium_corymbosum_Canada_2015C
Elizabeth_Elle_Vaccinium_corymbosum_Canada_2015,blueberry_bc_5_100,49.077083,-122.387861,Vaccinium corymbosum,Canada,1.287936629,0.5232651,1.013731061,0.985119048,288047.358,0,1295437.06,30682.4623,1507893.721,0,0,0,0,26583.06083,3148643.662,C,Elizabeth_Elle_Vaccinium_corymbosum_Canada_2015C
Elizabeth_Elle_Vaccinium_corymbosum_Canada_2015,blueberry_bc_7_0,49.107373,-122.904138,Vaccinium corymbosum,Canada,0.652887153,0.094584103,0.945797721,0.747081044,251433.99,0,1291057.399,1179.524872,1470793.464,2424.449036,0,0,3669.837837,128089.9527,3148648.617,C,Elizabeth_Elle_Vaccinium_corymbosum_Canada_2015C
Elizabeth_Elle_Vaccinium_corymbosum_Canada_2015,blueberry_bc_7_25,49.107373,-122.904138,Vaccinium corymbosum,Canada,0.705370842,0.204177827,0.83984127,0.881944444,251433.99,0,1291057.399,1179.524872,1470793.464,2424.449036,0,0,3669.837837,128089.9527,3148648.617,C,Elizabeth_Elle_Vaccinium_corymbosum_Canada_2015C
Elizabeth_Elle_Vaccinium_corymbosum_Canada_2015,blueberry_bc_7_50,49.107373,-122.904138,Vaccinium corymbosum,Canada,1.100448873,0.06314053,0.90273569,0.731941569,251433.99,0,1291057.399,1179.524872,1470793.464,2424.449036,0,0,3669.837837,128089.9527,3148648.617,C,Elizabeth_Elle_Vaccinium_corymbosum_Canada_2015C
Elizabeth_Elle_Vaccinium_corymbosum_Canada_2015,blueberry_bc_7_100,49.107373,-122.904138,Vaccinium corymbosum,Canada,0.837389614,0.250996947,0.864210526,0.741555244,251433.99,0,1291057.399,1179.524872,1470793.464,2424.449036,0,0,3669.837837,128089.9527,3148648.617,C,Elizabeth_Elle_Vaccinium_corymbosum_Canada_2015C
Elizabeth_Elle_Vaccinium_corymbosum_Canada_2015,blueberry_bc_9_0,49.26775,-122.639417,Vaccinium corymbosum,Canada,1.256446105,0.277021749,0.887310606,0.866918103,47027.20037,0,1469661.555,1371.73027,1556840.848,26476.08463,0,0,13834.657,33421.2084,3148633.283,C,Elizabeth_Elle_Vaccinium_corymbosum_Canada_2015C
Elizabeth_Elle_Vaccinium_corymbosum_Canada_2015,blueberry_bc_9_25,49.26775,-122.639417,Vaccinium corymbosum,Canada,1.311773614,0.491678916,0.863636364,0.763259109,47027.20037,0,1469661.555,1371.73027,1556840.848,26476.08463,0,0,13834.657,33421.2084,3148633.283,C,Elizabeth_Elle_Vaccinium_corymbosum_Canada_2015C
Elizabeth_Elle_Vaccinium_corymbosum_Canada_2015,blueberry_bc_9_50,49.26775,-122.639417,Vaccinium corymbosum,Canada,1.371363725,0.472974027,0.867694805,0.872370108,47027.20037,0,1469661.555,1371.73027,1556840.848,26476.08463,0,0,13834.657,33421.2084,3148633.283,C,Elizabeth_Elle_Vaccinium_corymbosum_Canada_2015C
Elizabeth_Elle_Vaccinium_corymbosum_Canada_2015,blueberry_bc_9_100,49.26775,-122.639417,Vaccinium corymbosum,Canada,1.102369907,0.329431566,0.848276942,0.813397129,47027.20037,0,1469661.555,1371.73027,1556840.848,26476.08463,0,0,13834.657,33421.2084,3148633.283,C,Elizabeth_Elle_Vaccinium_corymbosum_Canada_2015C
Elizabeth_Elle_Vaccinium_corymbosum_Canada_2015,blueberry_bc_10_0,49.239444,-122.696944,Vaccinium corymbosum,Canada,1.086342404,0.311396542,0.987208643,0.920833333,403472.9647,0,1626018.104,142559.1578,762473.8322,5228.940392,0,0,0,209031.8024,3148784.802,C,Elizabeth_Elle_Vaccinium_corymbosum_Canada_2015C
Elizabeth_Elle_Vaccinium_corymbosum_Canada_2015,blueberry_bc_10_25,49.239444,-122.696944,Vaccinium corymbosum,Canada,1.306428175,0.22453287,0.954707792,0.949113387,403472.9647,0,1626018.104,142559.1578,762473.8322,5228.940392,0,0,0,209031.8024,3148784.802,C,Elizabeth_Elle_Vaccinium_corymbosum_Canada_2015C
Elizabeth_Elle_Vaccinium_corymbosum_Canada_2015,blueberry_bc_10_50,49.239444,-122.696944,Vaccinium corymbosum,Canada,1.451140996,0.470828499,0.880082528,1.059771882,403472.9647,0,1626018.104,142559.1578,762473.8322,5228.940392,0,0,0,209031.8024,3148784.802,C,Elizabeth_Elle_Vaccinium_corymbosum_Canada_2015C
Elizabeth_Elle_Vaccinium_corymbosum_Canada_2015,blueberry_bc_10_100,49.239444,-122.696944,Vaccinium corymbosum,Canada,1.446522141,0.199533717,1.050937766,0.811684783,403472.9647,0,1626018.104,142559.1578,762473.8322,5228.940392,0,0,0,209031.8024,3148784.802,C,Elizabeth_Elle_Vaccinium_corymbosum_Canada_2015C
Elizabeth_Elle_Vaccinium_corymbosum_Canada_2015,blueberry_bc_12_0,49.253333,-122.711972,Vaccinium corymbosum,Canada,1.402642094,0.59650241,0.725414079,0.795483059,101558.7913,0,1432613.331,5976.100472,685339.9384,804450.0201,0,0,6733.571977,111275.1785,3147946.932,C,Elizabeth_Elle_Vaccinium_corymbosum_Canada_2015C
Elizabeth_Elle_Vaccinium_corymbosum_Canada_2015,blueberry_bc_12_25,49.253333,-122.711972,Vaccinium corymbosum,Canada,1.305871955,0.592694602,0.411383929,0.71686032,101558.7913,0,1432613.331,5976.100472,685339.9384,804450.0201,0,0,6733.571977,111275.1785,3147946.932,C,Elizabeth_Elle_Vaccinium_corymbosum_Canada_2015C
Elizabeth_Elle_Vaccinium_corymbosum_Canada_2015,blueberry_bc_12_50,49.253333,-122.711972,Vaccinium corymbosum,Canada,1.576006005,0.628475772,0.525925926,0.602738095,101558.7913,0,1432613.331,5976.100472,685339.9384,804450.0201,0,0,6733.571977,111275.1785,3147946.932,C,Elizabeth_Elle_Vaccinium_corymbosum_Canada_2015C
Elizabeth_Elle_Vaccinium_corymbosum_Canada_2015,blueberry_bc_12_100,49.253333,-122.711972,Vaccinium corymbosum,Canada,1.719429094,0.483648638,0.447317157,0.706479978,101558.7913,0,1432613.331,5976.100472,685339.9384,804450.0201,0,0,6733.571977,111275.1785,3147946.932,C,Elizabeth_Elle_Vaccinium_corymbosum_Canada_2015C
Elizabeth_Elle_Vaccinium_corymbosum_Canada_2015,blueberry_bc_13_0,49.284944,-122.708694,Vaccinium corymbosum,Canada,0.90672972,0.382655303,1.02173913,0.775641026,47814.35927,0,1493903.056,2481.471298,869823.0801,674836.0656,0,0,8614.816001,51215.78047,3148688.629,C,Elizabeth_Elle_Vaccinium_corymbosum_Canada_2015C
Elizabeth_Elle_Vaccinium_corymbosum_Canada_2015,blueberry_bc_13_25,49.284944,-122.708694,Vaccinium corymbosum,Canada,1.012010564,0.563277193,0.880769231,0.760736622,47814.35927,0,1493903.056,2481.471298,869823.0801,674836.0656,0,0,8614.816001,51215.78047,3148688.629,C,Elizabeth_Elle_Vaccinium_corymbosum_Canada_2015C
Elizabeth_Elle_Vaccinium_corymbosum_Canada_2015,blueberry_bc_13_50,49.284944,-122.708694,Vaccinium corymbosum,Canada,1.000506583,0.208620468,0.882699275,0.787445887,47814.35927,0,1493903.056,2481.471298,869823.0801,674836.0656,0,0,8614.816001,51215.78047,3148688.629,C,Elizabeth_Elle_Vaccinium_corymbosum_Canada_2015C
Elizabeth_Elle_Vaccinium_corymbosum_Canada_2015,blueberry_bc_13_100,49.284944,-122.708694,Vaccinium corymbosum,Canada,0.854503125,0.242023611,0.681985294,0.538824079,47814.35927,0,1493903.056,2481.471298,869823.0801,674836.0656,0,0,8614.816001,51215.78047,3148688.629,C,Elizabeth_Elle_Vaccinium_corymbosum_Canada_2015C
Elizabeth_Elle_Vaccinium_corymbosum_Canada_2015,blueberry_bc_15_0,49.099528,-122.77175,Vaccinium corymbosum,Canada,0.763019363,0.342175175,0.672443182,0.771949891,193435.5163,0,2189454.263,12171.9772,453997.1651,65196.14137,0,0,63567.95792,170784.5198,3148607.541,C,Elizabeth_Elle_Vaccinium_corymbosum_Canada_2015C
Elizabeth_Elle_Vaccinium_corymbosum_Canada_2015,blueberry_bc_15_25,49.099528,-122.77175,Vaccinium corymbosum,Canada,0.677598935,0.243890278,0.566136364,0.682359307,193435.5163,0,2189454.263,12171.9772,453997.1651,65196.14137,0,0,63567.95792,170784.5198,3148607.541,C,Elizabeth_Elle_Vaccinium_corymbosum_Canada_2015C
Elizabeth_Elle_Vaccinium_corymbosum_Canada_2015,blueberry_bc_15_50,49.099528,-122.77175,Vaccinium corymbosum,Canada,0.716119008,0.137817708,0.665584416,0.526315789,193435.5163,0,2189454.263,12171.9772,453997.1651,65196.14137,0,0,63567.95792,170784.5198,3148607.541,C,Elizabeth_Elle_Vaccinium_corymbosum_Canada_2015C
Elizabeth_Elle_Vaccinium_corymbosum_Canada_2015,blueberry_bc_15_100,49.099528,-122.77175,Vaccinium corymbosum,Canada,0.816903885,0.589388826,0.742099567,0.480822981,193435.5163,0,2189454.263,12171.9772,453997.1651,65196.14137,0,0,63567.95792,170784.5198,3148607.541,C,Elizabeth_Elle_Vaccinium_corymbosum_Canada_2015C
Elizabeth_Elle_Vaccinium_corymbosum_Canada_2015,blueberry_bc_16_0,49.095642,-122.795308,Vaccinium corymbosum,Canada,0.85818588,0.249073785,0.948421932,0.963643791,460717.4361,0,1943509.204,39669.64225,564959.7411,39977.09283,0,0,73232.99166,26553.91122,3148620.019,C,Elizabeth_Elle_Vaccinium_corymbosum_Canada_2015C
Elizabeth_Elle_Vaccinium_corymbosum_Canada_2015,blueberry_bc_16_25,49.095642,-122.795308,Vaccinium corymbosum,Canada,0.573482143,0.317744152,0.854060794,0.996645022,460717.4361,0,1943509.204,39669.64225,564959.7411,39977.09283,0,0,73232.99166,26553.91122,3148620.019,C,Elizabeth_Elle_Vaccinium_corymbosum_Canada_2015C
Elizabeth_Elle_Vaccinium_corymbosum_Canada_2015,blueberry_bc_16_50,49.095642,-122.795308,Vaccinium corymbosum,Canada,0.560205342,0.366308468,0.981830699,1.008333333,460717.4361,0,1943509.204,39669.64225,564959.7411,39977.09283,0,0,73232.99166,26553.91122,3148620.019,C,Elizabeth_Elle_Vaccinium_corymbosum_Canada_2015C
Elizabeth_Elle_Vaccinium_corymbosum_Canada_2015,blueberry_bc_16_100,49.095642,-122.795308,Vaccinium corymbosum,Canada,0.77935689,0.34552451,0.928672957,1.010957792,460717.4361,0,1943509.204,39669.64225,564959.7411,39977.09283,0,0,73232.99166,26553.91122,3148620.019,C,Elizabeth_Elle_Vaccinium_corymbosum_Canada_2015C
Fabiana_Oliveira_da_Silva_Malus_domestica_Brazil_2010,Plot_1C_2010_Glebe500_06,-13.271756,-41.413372,Malus domestica,Brazil,4819.11524,NA,0,0,483.7363052,77951.22481,3036869.446,0,6385.234932,0,0,0,0,1777.498328,3123467.141,A,Fabiana_Oliveira_da_Silva_Malus_domestica_Brazil_2010A
Fabiana_Oliveira_da_Silva_Malus_domestica_Brazil_2010,Plot_2C_2010_Glebe500_06,-13.271828,-41.412784,Malus domestica,Brazil,8255.28084,NA,0,0,483.7363052,94052.52498,3020766.114,0,6385.234932,0,0,0,0,1848.064007,3123535.674,A,Fabiana_Oliveira_da_Silva_Malus_domestica_Brazil_2010A
Fabiana_Oliveira_da_Silva_Malus_domestica_Brazil_2010,Plot_3B_2010_Glebe500_05,-13.273217,-41.416127,Malus domestica,Brazil,16083.75857,NA,0,0,483.7363052,159661.0792,2955144.675,0,6385.234932,0,0,0,0,1838.201805,3123512.927,A,Fabiana_Oliveira_da_Silva_Malus_domestica_Brazil_2010A
Fabiana_Oliveira_da_Silva_Malus_domestica_Brazil_2010,Plot_4A_2010_Glebe500_05,-13.275238,-41.415876,Malus domestica,Brazil,9186.191378,NA,0,0,483.7363052,329751.2316,2733389.901,0,59386.59919,0,0,0,0,483.7277374,3123495.196,A,Fabiana_Oliveira_da_Silva_Malus_domestica_Brazil_2010A
Fabiana_Oliveira_da_Silva_Malus_domestica_Brazil_2010,Plot_4B_2010_Glebe500_05,-13.273488,-41.415609,Malus domestica,Brazil,6367.190981,NA,0,0,483.7363052,167863.3577,2946907.175,0,6385.234932,0,0,0,0,1838.201805,3123477.706,A,Fabiana_Oliveira_da_Silva_Malus_domestica_Brazil_2010A
Fabiana_Oliveira_da_Silva_Malus_domestica_Brazil_2010,Plot_5B_2010_Glebe500_06,-13.273813,-41.411739,Malus domestica,Brazil,11892.06272,NA,0,0,483.7363052,263648.4605,2852383.689,0,6385.234932,0,0,0,0,580.4726639,3123481.593,A,Fabiana_Oliveira_da_Silva_Malus_domestica_Brazil_2010A
Fabiana_Oliveira_da_Silva_Malus_domestica_Brazil_2010,Plot_5C_2010_Glebe500_05,-13.271473,-41.415136,Malus domestica,Brazil,11195.1651,NA,0,0,483.7363052,77114.07247,3037564.103,0,6385.234932,0,0,0,0,1963.026336,3123510.173,A,Fabiana_Oliveira_da_Silva_Malus_domestica_Brazil_2010A
Fabiana_Oliveira_da_Silva_Malus_domestica_Brazil_2010,Plot_6A_2010_Glebe500_06,-13.275858,-41.411419,Malus domestica,Brazil,15439.04922,NA,0,0,4.932211364,429092.2125,2527367.081,0,165903.6361,0,0,0,677.1907883,483.7259598,3123528.779,A,Fabiana_Oliveira_da_Silva_Malus_domestica_Brazil_2010A
Fabiana_Oliveira_da_Silva_Malus_domestica_Brazil_2011,Plot_6A_2011_Glebe500_05,-13.275315,-41.414789,Malus domestica,Brazil,23940,NA,0,0,483.7363052,346766.9051,2699255.77,0,76470.72202,0,0,0,0,483.7277374,3123460.861,A,Fabiana_Oliveira_da_Silva_Malus_domestica_Brazil_2011A
Fabiana_Oliveira_da_Silva_Malus_domestica_Brazil_2011,Plot_4A_2011_Glebe500_05,-13.275061,-41.415874,Malus domestica,Brazil,28800,NA,0,0,483.7363052,308998.5044,2761964.209,0,51589.63892,0,0,0,0,483.7277374,3123519.816,A,Fabiana_Oliveira_da_Silva_Malus_domestica_Brazil_2011A
Fabiana_Oliveira_da_Silva_Malus_domestica_Brazil_2011,Plot_4B_2011_Glebe500_05,-13.273244,-41.415584,Malus domestica,Brazil,43704,NA,0,0,483.7363052,145960.2168,2968833.821,0,6385.234932,0,0,0,0,1838.201805,3123501.21,A,Fabiana_Oliveira_da_Silva_Malus_domestica_Brazil_2011A
Fabiana_Oliveira_da_Silva_Malus_domestica_Brazil_2011,Plot_5A_2011_Glebe500_05,-13.275266,-41.41531,Malus domestica,Brazil,35370,NA,0,0,483.7363052,333566.4428,2721251.193,0,67735.93848,0,0,0,0,483.7277374,3123521.038,A,Fabiana_Oliveira_da_Silva_Malus_domestica_Brazil_2011A
Fabiana_Oliveira_da_Silva_Malus_domestica_Brazil_2011,Plot_2B_2011_Glebe500_06,-13.273642,-41.413413,Malus domestica,Brazil,18774,NA,0,0,483.7363052,186621.9168,2928797.343,0,6385.234932,0,0,0,0,1183.7258,3123471.956,A,Fabiana_Oliveira_da_Silva_Malus_domestica_Brazil_2011A
Fabiana_Oliveira_da_Silva_Malus_domestica_Brazil_2011,Plot_1B_2011_Glebe500_06,-13.273593,-41.413934,Malus domestica,Brazil,6948,NA,0,0,483.7363052,157029.4609,2958221.193,0,6385.234932,0,0,0,0,1389.745832,3123509.371,A,Fabiana_Oliveira_da_Silva_Malus_domestica_Brazil_2011A
Fabiana_Oliveira_da_Silva_Malus_domestica_Brazil_2012,Plot_1A_2012_Glebe500_05,-13.274934,-41.417572,Malus domestica,Brazil,18144,NA,0,0,483.7363052,330252.4441,2756843.307,0,34822.66879,0,0,0,0,910.5598706,3123312.716,A,Fabiana_Oliveira_da_Silva_Malus_domestica_Brazil_2012A
Fabiana_Oliveira_da_Silva_Malus_domestica_Brazil_2012,Plot_1B_2012_Glebe500_05,-13.273095,-41.417282,Malus domestica,Brazil,29592,NA,0,0,483.7363052,170303.2335,2944485.872,0,6385.234932,0,0,0,0,1838.204803,3123496.282,A,Fabiana_Oliveira_da_Silva_Malus_domestica_Brazil_2012A
Fabiana_Oliveira_da_Silva_Malus_domestica_Brazil_2012,Plot_1C_2012_Glebe500_05,-13.271346,-41.416879,Malus domestica,Brazil,24660,NA,0,0,483.7363052,93930.78491,3020893.505,0,6385.234932,0,0,0,0,1838.204803,3123531.466,A,Fabiana_Oliveira_da_Silva_Malus_domestica_Brazil_2012A
Fabiana_Oliveira_da_Silva_Malus_domestica_Brazil_2012,Plot_3A_2012_Glebe500_05,-13.275011,-41.41644,Malus domestica,Brazil,23094,NA,0,0,483.7363052,311416.5691,2765190.76,0,45984.33779,0,0,0,0,386.9824982,3123462.386,A,Fabiana_Oliveira_da_Silva_Malus_domestica_Brazil_2012A
Fabiana_Oliveira_da_Silva_Malus_domestica_Brazil_2012,Plot_3B_2012_Glebe500_05,-13.273394,-41.416152,Malus domestica,Brazil,48222,NA,0,0,483.7363052,175046.0954,2939728.267,0,6385.234932,0,0,0,0,1838.201805,3123481.535,A,Fabiana_Oliveira_da_Silva_Malus_domestica_Brazil_2012A
Fabiana_Oliveira_da_Silva_Malus_domestica_Brazil_2012,Plot_4C_2012_Glebe500_05,-13.271695,-41.415138,Malus domestica,Brazil,25074,NA,0,0,483.7363052,79756.87527,3034970.863,0,6385.234932,0,0,0,0,1934.950043,3123531.66,A,Fabiana_Oliveira_da_Silva_Malus_domestica_Brazil_2012A
Finbarr_G_Horgan_Abelmoschus_esculentus_Philippines_2015,Bukidnon01_dry,7.035832882,125.2047195,Abelmoschus esculentus,Philippines,26124.85939,NA,0,0,28972.49042,0,382530.7937,0,2709767.144,0,0,0,0,0,3121270.428,A,Finbarr_G_Horgan_Abelmoschus_esculentus_Philippines_2015A
Finbarr_G_Horgan_Abelmoschus_esculentus_Philippines_2015,Bukidnon01_wet,7.035832882,125.2047195,Abelmoschus esculentus,Philippines,0,NA,0,0,28972.49042,0,382530.7937,0,2709767.144,0,0,0,0,0,3121270.428,A,Finbarr_G_Horgan_Abelmoschus_esculentus_Philippines_2015A
Finbarr_G_Horgan_Abelmoschus_esculentus_Philippines_2015,Bukidnon02_dry,7.028333187,126.2074966,Abelmoschus esculentus,Philippines,26296.2963,NA,0,0,40545.43096,0,141500.7183,0,2939127.572,0,0,0,0,0,3121173.721,A,Finbarr_G_Horgan_Abelmoschus_esculentus_Philippines_2015A
Finbarr_G_Horgan_Abelmoschus_esculentus_Philippines_2015,Bukidnon02_wet,7.028333187,126.2074966,Abelmoschus esculentus,Philippines,38933.33333,NA,0,0,40545.43096,0,141500.7183,0,2939127.572,0,0,0,0,0,3121173.721,A,Finbarr_G_Horgan_Abelmoschus_esculentus_Philippines_2015A
Finbarr_G_Horgan_Abelmoschus_esculentus_Philippines_2015,Iloilo_dry,10.89472198,121.742775,Abelmoschus esculentus,Philippines,36155.55556,NA,0,0,0,0,0,0,0,3121751.273,0,0,0,0,3121751.273,C,Finbarr_G_Horgan_Abelmoschus_esculentus_Philippines_2015C
Finbarr_G_Horgan_Abelmoschus_esculentus_Philippines_2015,Iloilo_wet,10.89472198,121.742775,Abelmoschus esculentus,Philippines,37933.33333,NA,0,0,0,0,0,0,0,3121751.273,0,0,0,0,3121751.273,C,Finbarr_G_Horgan_Abelmoschus_esculentus_Philippines_2015C
Finbarr_G_Horgan_Abelmoschus_esculentus_Philippines_2015,IRRI500_dry,14.28666592,121.288887,Abelmoschus esculentus,Philippines,7170.184332,NA,0,0,0,0,0,0,0,3122926.269,0,0,0,0,3122926.269,A,Finbarr_G_Horgan_Abelmoschus_esculentus_Philippines_2015A
Finbarr_G_Horgan_Abelmoschus_esculentus_Philippines_2015,IRRI500_wet,14.28666592,121.288887,Abelmoschus esculentus,Philippines,32732.58065,NA,0,0,0,0,0,0,0,3122926.269,0,0,0,0,3122926.269,A,Finbarr_G_Horgan_Abelmoschus_esculentus_Philippines_2015A
Finbarr_G_Horgan_Abelmoschus_esculentus_Philippines_2015,IRRI700_dry,14.15018845,121.3019409,Abelmoschus esculentus,Philippines,20688.47312,NA,0,0,5170.627672,0,40128.58739,1247.110318,557321.5188,0,0,0,0,2519695.757,3123563.601,A,Finbarr_G_Horgan_Abelmoschus_esculentus_Philippines_2015A
Finbarr_G_Horgan_Abelmoschus_esculentus_Philippines_2015,IRRI700_wet,14.15018845,121.3019409,Abelmoschus esculentus,Philippines,23395.56989,NA,0,0,5170.627672,0,40128.58739,1247.110318,557321.5188,0,0,0,0,2519695.757,3123563.601,A,Finbarr_G_Horgan_Abelmoschus_esculentus_Philippines_2015A
Finbarr_G_Horgan_Abelmoschus_esculentus_Philippines_2015,Tanay_dry,14.72361088,121.410553,Abelmoschus esculentus,Philippines,14340.10152,NA,0,0,0,0,0,0,3123141.906,0,0,0,0,0,3123141.906,A,Finbarr_G_Horgan_Abelmoschus_esculentus_Philippines_2015A
Finbarr_G_Horgan_Abelmoschus_esculentus_Philippines_2015,Tanay_wet,14.72361088,121.410553,Abelmoschus esculentus,Philippines,7250.906454,NA,0,0,0,0,0,0,3123141.906,0,0,0,0,0,3123141.906,A,Finbarr_G_Horgan_Abelmoschus_esculentus_Philippines_2015A
Finbarr_G_Horgan_Cucumis_sativus_Philippines_2015,Bukidnon01_dry,7.035832882,125.2047195,Cucumis sativus,Philippines,25065.6168,NA,0,0,28972.49042,0,382530.7937,0,2709767.144,0,0,0,0,0,3121270.428,A,Finbarr_G_Horgan_Cucumis_sativus_Philippines_2015A
Finbarr_G_Horgan_Cucumis_sativus_Philippines_2015,Bukidnon01_wet,7.035832882,125.2047195,Cucumis sativus,Philippines,82677.16535,NA,0,0,28972.49042,0,382530.7937,0,2709767.144,0,0,0,0,0,3121270.428,A,Finbarr_G_Horgan_Cucumis_sativus_Philippines_2015A
Finbarr_G_Horgan_Cucumis_sativus_Philippines_2015,Bukidnon02_dry,7.028333187,126.2074966,Cucumis sativus,Philippines,28800,NA,0,0,40545.43096,0,141500.7183,0,2939127.572,0,0,0,0,0,3121173.721,A,Finbarr_G_Horgan_Cucumis_sativus_Philippines_2015A
Finbarr_G_Horgan_Cucumis_sativus_Philippines_2015,Bukidnon02_wet,7.028333187,126.2074966,Cucumis sativus,Philippines,42577.77778,NA,0,0,40545.43096,0,141500.7183,0,2939127.572,0,0,0,0,0,3121173.721,A,Finbarr_G_Horgan_Cucumis_sativus_Philippines_2015A
Finbarr_G_Horgan_Cucumis_sativus_Philippines_2015,Iloilo_dry,10.89472198,121.742775,Cucumis sativus,Philippines,30855.55556,NA,0,0,0,0,0,0,0,3121751.273,0,0,0,0,3121751.273,C,Finbarr_G_Horgan_Cucumis_sativus_Philippines_2015C
Finbarr_G_Horgan_Cucumis_sativus_Philippines_2015,Iloilo_wet,10.89472198,121.742775,Cucumis sativus,Philippines,82888.88889,NA,0,0,0,0,0,0,0,3121751.273,0,0,0,0,3121751.273,C,Finbarr_G_Horgan_Cucumis_sativus_Philippines_2015C
Finbarr_G_Horgan_Cucumis_sativus_Philippines_2015,IRRI500_dry,14.28666592,121.288887,Cucumis sativus,Philippines,20510.34409,NA,0,0,0,0,0,0,0,3122926.269,0,0,0,0,3122926.269,A,Finbarr_G_Horgan_Cucumis_sativus_Philippines_2015A
Finbarr_G_Horgan_Cucumis_sativus_Philippines_2015,IRRI500_wet,14.28666592,121.288887,Cucumis sativus,Philippines,54638.90681,NA,0,0,0,0,0,0,0,3122926.269,0,0,0,0,3122926.269,A,Finbarr_G_Horgan_Cucumis_sativus_Philippines_2015A
Finbarr_G_Horgan_Cucumis_sativus_Philippines_2015,IRRI700_dry,14.15018845,121.3019409,Cucumis sativus,Philippines,58318.68817,NA,0,0,5170.627672,0,40128.58739,1247.110318,557321.5188,0,0,0,0,2519695.757,3123563.601,A,Finbarr_G_Horgan_Cucumis_sativus_Philippines_2015A
Finbarr_G_Horgan_Cucumis_sativus_Philippines_2015,IRRI700_wet,14.15018845,121.3019409,Cucumis sativus,Philippines,46169.01075,NA,0,0,5170.627672,0,40128.58739,1247.110318,557321.5188,0,0,0,0,2519695.757,3123563.601,A,Finbarr_G_Horgan_Cucumis_sativus_Philippines_2015A
Finbarr_G_Horgan_Cucumis_sativus_Philippines_2015,Tanay_dry,14.72361088,121.410553,Cucumis sativus,Philippines,31556.68359,NA,0,0,0,0,0,0,3123141.906,0,0,0,0,0,3123141.906,A,Finbarr_G_Horgan_Cucumis_sativus_Philippines_2015A
Finbarr_G_Horgan_Cucumis_sativus_Philippines_2015,Tanay_wet,14.72361088,121.410553,Cucumis sativus,Philippines,44672.87084,NA,0,0,0,0,0,0,3123141.906,0,0,0,0,0,3123141.906,A,Finbarr_G_Horgan_Cucumis_sativus_Philippines_2015A
Finbarr_G_Horgan_Lagenaria_siceraria_Philippines_2015,Bukidnon01_dry,7.035832882,125.2047195,Lagenaria siceraria,Philippines,40354.33071,NA,0,0,28972.49042,0,382530.7937,0,2709767.144,0,0,0,0,0,3121270.428,A,Finbarr_G_Horgan_Lagenaria_siceraria_Philippines_2015A
Finbarr_G_Horgan_Lagenaria_siceraria_Philippines_2015,Bukidnon01_wet,7.035832882,125.2047195,Lagenaria siceraria,Philippines,23622.04724,NA,0,0,28972.49042,0,382530.7937,0,2709767.144,0,0,0,0,0,3121270.428,A,Finbarr_G_Horgan_Lagenaria_siceraria_Philippines_2015A
Finbarr_G_Horgan_Lagenaria_siceraria_Philippines_2015,Bukidnon02_dry,7.028333187,126.2074966,Lagenaria siceraria,Philippines,39444.44444,NA,0,0,40545.43096,0,141500.7183,0,2939127.572,0,0,0,0,0,3121173.721,A,Finbarr_G_Horgan_Lagenaria_siceraria_Philippines_2015A
Finbarr_G_Horgan_Lagenaria_siceraria_Philippines_2015,Bukidnon02_wet,7.028333187,126.2074966,Lagenaria siceraria,Philippines,89333.33333,NA,0,0,40545.43096,0,141500.7183,0,2939127.572,0,0,0,0,0,3121173.721,A,Finbarr_G_Horgan_Lagenaria_siceraria_Philippines_2015A
Finbarr_G_Horgan_Lagenaria_siceraria_Philippines_2015,Iloilo_dry,10.89472198,121.742775,Lagenaria siceraria,Philippines,91200,NA,0,0,0,0,0,0,0,3121751.273,0,0,0,0,3121751.273,C,Finbarr_G_Horgan_Lagenaria_siceraria_Philippines_2015C
Finbarr_G_Horgan_Lagenaria_siceraria_Philippines_2015,Iloilo_wet,10.89472198,121.742775,Lagenaria siceraria,Philippines,126000,NA,0,0,0,0,0,0,0,3121751.273,0,0,0,0,3121751.273,C,Finbarr_G_Horgan_Lagenaria_siceraria_Philippines_2015C
Finbarr_G_Horgan_Lagenaria_siceraria_Philippines_2015,IRRI500_dry,14.28666592,121.288887,Lagenaria siceraria,Philippines,67884.49821,NA,0,0,0,0,0,0,0,3122926.269,0,0,0,0,3122926.269,A,Finbarr_G_Horgan_Lagenaria_siceraria_Philippines_2015A
Finbarr_G_Horgan_Lagenaria_siceraria_Philippines_2015,IRRI500_wet,14.28666592,121.288887,Lagenaria siceraria,Philippines,72023.87097,NA,0,0,0,0,0,0,0,3122926.269,0,0,0,0,3122926.269,A,Finbarr_G_Horgan_Lagenaria_siceraria_Philippines_2015A
Finbarr_G_Horgan_Lagenaria_siceraria_Philippines_2015,IRRI700_dry,14.15018845,121.3019409,Lagenaria siceraria,Philippines,75906.45161,NA,0,0,5170.627672,0,40128.58739,1247.110318,557321.5188,0,0,0,0,2519695.757,3123563.601,A,Finbarr_G_Horgan_Lagenaria_siceraria_Philippines_2015A
Finbarr_G_Horgan_Lagenaria_siceraria_Philippines_2015,IRRI700_wet,14.15018845,121.3019409,Lagenaria siceraria,Philippines,54958.75269,NA,0,0,5170.627672,0,40128.58739,1247.110318,557321.5188,0,0,0,0,2519695.757,3123563.601,A,Finbarr_G_Horgan_Lagenaria_siceraria_Philippines_2015A
Finbarr_G_Horgan_Lagenaria_siceraria_Philippines_2015,Tanay_dry,14.72361088,121.410553,Lagenaria siceraria,Philippines,47969.54315,NA,0,0,0,0,0,0,3123141.906,0,0,0,0,0,3123141.906,A,Finbarr_G_Horgan_Lagenaria_siceraria_Philippines_2015A
Finbarr_G_Horgan_Lagenaria_siceraria_Philippines_2015,Tanay_wet,14.72361088,121.410553,Lagenaria siceraria,Philippines,8299.492386,NA,0,0,0,0,0,0,3123141.906,0,0,0,0,0,3123141.906,A,Finbarr_G_Horgan_Lagenaria_siceraria_Philippines_2015A
Finbarr_G_Horgan_Luffa_acutangula_Philippines_2015,Bukidnon01_dry,7.035832882,125.2047195,Luffa acutangula,Philippines,44094.48819,NA,0,0,28972.49042,0,382530.7937,0,2709767.144,0,0,0,0,0,3121270.428,A,Finbarr_G_Horgan_Luffa_acutangula_Philippines_2015A
Finbarr_G_Horgan_Luffa_acutangula_Philippines_2015,Bukidnon01_wet,7.035832882,125.2047195,Luffa acutangula,Philippines,1574.80315,NA,0,0,28972.49042,0,382530.7937,0,2709767.144,0,0,0,0,0,3121270.428,A,Finbarr_G_Horgan_Luffa_acutangula_Philippines_2015A
Finbarr_G_Horgan_Luffa_acutangula_Philippines_2015,Bukidnon02_dry,7.028333187,126.2074966,Luffa acutangula,Philippines,26666.66667,NA,0,0,40545.43096,0,141500.7183,0,2939127.572,0,0,0,0,0,3121173.721,A,Finbarr_G_Horgan_Luffa_acutangula_Philippines_2015A
Finbarr_G_Horgan_Luffa_acutangula_Philippines_2015,Bukidnon02_wet,7.028333187,126.2074966,Luffa acutangula,Philippines,68711.11111,NA,0,0,40545.43096,0,141500.7183,0,2939127.572,0,0,0,0,0,3121173.721,A,Finbarr_G_Horgan_Luffa_acutangula_Philippines_2015A
Finbarr_G_Horgan_Luffa_acutangula_Philippines_2015,Iloilo_dry,10.89472198,121.742775,Luffa acutangula,Philippines,94340,NA,0,0,0,0,0,0,0,3121751.273,0,0,0,0,3121751.273,C,Finbarr_G_Horgan_Luffa_acutangula_Philippines_2015C
Finbarr_G_Horgan_Luffa_acutangula_Philippines_2015,Iloilo_wet,10.89472198,121.742775,Luffa acutangula,Philippines,0,NA,0,0,0,0,0,0,0,3121751.273,0,0,0,0,3121751.273,C,Finbarr_G_Horgan_Luffa_acutangula_Philippines_2015C
Finbarr_G_Horgan_Luffa_acutangula_Philippines_2015,IRRI500_dry,14.28666592,121.288887,Luffa acutangula,Philippines,27835.42243,NA,0,0,0,0,0,0,0,3122926.269,0,0,0,0,3122926.269,A,Finbarr_G_Horgan_Luffa_acutangula_Philippines_2015A
Finbarr_G_Horgan_Luffa_acutangula_Philippines_2015,IRRI500_wet,14.28666592,121.288887,Luffa acutangula,Philippines,51859.80287,NA,0,0,0,0,0,0,0,3122926.269,0,0,0,0,3122926.269,A,Finbarr_G_Horgan_Luffa_acutangula_Philippines_2015A
Finbarr_G_Horgan_Luffa_acutangula_Philippines_2015,IRRI700_dry,14.15018845,121.3019409,Luffa acutangula,Philippines,28057.04301,NA,0,0,5170.627672,0,40128.58739,1247.110318,557321.5188,0,0,0,0,2519695.757,3123563.601,A,Finbarr_G_Horgan_Luffa_acutangula_Philippines_2015A
Finbarr_G_Horgan_Luffa_acutangula_Philippines_2015,IRRI700_wet,14.15018845,121.3019409,Luffa acutangula,Philippines,53465.22581,NA,0,0,5170.627672,0,40128.58739,1247.110318,557321.5188,0,0,0,0,2519695.757,3123563.601,A,Finbarr_G_Horgan_Luffa_acutangula_Philippines_2015A
Finbarr_G_Horgan_Luffa_acutangula_Philippines_2015,Tanay_dry,14.72361088,121.410553,Luffa acutangula,Philippines,0,NA,0,0,0,0,0,0,3123141.906,0,0,0,0,0,3123141.906,A,Finbarr_G_Horgan_Luffa_acutangula_Philippines_2015A
Finbarr_G_Horgan_Luffa_acutangula_Philippines_2015,Tanay_wet,14.72361088,121.410553,Luffa acutangula,Philippines,56576.42414,NA,0,0,0,0,0,0,3123141.906,0,0,0,0,0,3123141.906,A,Finbarr_G_Horgan_Luffa_acutangula_Philippines_2015A
Finbarr_G_Horgan_Momordica_charantia_Philippines_2015,Bukidnon01_dry,7.035832882,125.2047195,Momordica charantia,Philippines,39370.07874,NA,0,0,28972.49042,0,382530.7937,0,2709767.144,0,0,0,0,0,3121270.428,A,Finbarr_G_Horgan_Momordica_charantia_Philippines_2015A
Finbarr_G_Horgan_Momordica_charantia_Philippines_2015,Bukidnon01_wet,7.035832882,125.2047195,Momordica charantia,Philippines,1377.952756,NA,0,0,28972.49042,0,382530.7937,0,2709767.144,0,0,0,0,0,3121270.428,A,Finbarr_G_Horgan_Momordica_charantia_Philippines_2015A
Finbarr_G_Horgan_Momordica_charantia_Philippines_2015,Bukidnon02_dry,7.028333187,126.2074966,Momordica charantia,Philippines,40000,NA,0,0,40545.43096,0,141500.7183,0,2939127.572,0,0,0,0,0,3121173.721,A,Finbarr_G_Horgan_Momordica_charantia_Philippines_2015A
Finbarr_G_Horgan_Momordica_charantia_Philippines_2015,Bukidnon02_wet,7.028333187,126.2074966,Momordica charantia,Philippines,8444.444444,NA,0,0,40545.43096,0,141500.7183,0,2939127.572,0,0,0,0,0,3121173.721,A,Finbarr_G_Horgan_Momordica_charantia_Philippines_2015A
Finbarr_G_Horgan_Momordica_charantia_Philippines_2015,Iloilo_dry,10.89472198,121.742775,Momordica charantia,Philippines,13485.71429,NA,0,0,0,0,0,0,0,3121751.273,0,0,0,0,3121751.273,C,Finbarr_G_Horgan_Momordica_charantia_Philippines_2015C
Finbarr_G_Horgan_Momordica_charantia_Philippines_2015,Iloilo_wet,10.89472198,121.742775,Momordica charantia,Philippines,82355.55556,NA,0,0,0,0,0,0,0,3121751.273,0,0,0,0,3121751.273,C,Finbarr_G_Horgan_Momordica_charantia_Philippines_2015C
Finbarr_G_Horgan_Momordica_charantia_Philippines_2015,IRRI500_dry,14.28666592,121.288887,Momordica charantia,Philippines,19377.29228,NA,0,0,0,0,0,0,0,3122926.269,0,0,0,0,3122926.269,A,Finbarr_G_Horgan_Momordica_charantia_Philippines_2015A
Finbarr_G_Horgan_Momordica_charantia_Philippines_2015,IRRI500_wet,14.28666592,121.288887,Momordica charantia,Philippines,13354.51613,NA,0,0,0,0,0,0,0,3122926.269,0,0,0,0,3122926.269,A,Finbarr_G_Horgan_Momordica_charantia_Philippines_2015A
Finbarr_G_Horgan_Momordica_charantia_Philippines_2015,IRRI700_dry,14.15018845,121.3019409,Momordica charantia,Philippines,14602.47312,NA,0,0,5170.627672,0,40128.58739,1247.110318,557321.5188,0,0,0,0,2519695.757,3123563.601,A,Finbarr_G_Horgan_Momordica_charantia_Philippines_2015A
Finbarr_G_Horgan_Momordica_charantia_Philippines_2015,IRRI700_wet,14.15018845,121.3019409,Momordica charantia,Philippines,5867.849462,NA,0,0,5170.627672,0,40128.58739,1247.110318,557321.5188,0,0,0,0,2519695.757,3123563.601,A,Finbarr_G_Horgan_Momordica_charantia_Philippines_2015A
Finbarr_G_Horgan_Momordica_charantia_Philippines_2015,Tanay_dry,14.72361088,121.410553,Momordica charantia,Philippines,31742.8088,NA,0,0,0,0,0,0,3123141.906,0,0,0,0,0,3123141.906,A,Finbarr_G_Horgan_Momordica_charantia_Philippines_2015A
Finbarr_G_Horgan_Momordica_charantia_Philippines_2015,Tanay_wet,14.72361088,121.410553,Momordica charantia,Philippines,318293.6911,NA,0,0,0,0,0,0,3123141.906,0,0,0,0,0,3123141.906,A,Finbarr_G_Horgan_Momordica_charantia_Philippines_2015A
Frank_Jauker_Brassica_napus_Germany_2006,OSR_01,50.406904,8.735204,Brassica napus,Germany,0,NA,0,0,153197.6749,0,662844.1228,0,507866.5795,0,0,0,0,1825916.745,3149825.122,C,Frank_Jauker_Brassica_napus_Germany_2006C
Frank_Jauker_Brassica_napus_Germany_2006,OSR_02,50.402117,8.72057,Brassica napus,Germany,0,NA,0,0,19796.07232,0,105397.7147,0,49456.61716,0,0,0,0,2975182.225,3149832.629,C,Frank_Jauker_Brassica_napus_Germany_2006C
Frank_Jauker_Brassica_napus_Germany_2006,OSR_03,50.419429,8.757048,Brassica napus,Germany,0,NA,0,0,181403.4759,0,627620.997,0,673826.7012,0,0,0,0,1666991.999,3149843.173,C,Frank_Jauker_Brassica_napus_Germany_2006C
Frank_Jauker_Brassica_napus_Germany_2006,OSR_04,50.421015,8.759923,Brassica napus,Germany,0,NA,0,0,63012.88559,0,561436.386,0,847606.8322,0,0,0,0,1677784.769,3149840.873,C,Frank_Jauker_Brassica_napus_Germany_2006C
Frank_Jauker_Brassica_napus_Germany_2006,OSR_05,50.425089,8.764772,Brassica napus,Germany,0,NA,0,0,0,0,241436.5151,0,1534368.136,0,0,0,0,1374043.546,3149848.198,C,Frank_Jauker_Brassica_napus_Germany_2006C
Frank_Jauker_Brassica_napus_Germany_2006,OSR_06,50.422656,8.715591,Brassica napus,Germany,0,NA,0,0,8676.930145,0,28363.06425,0,28008.34171,0,0,0,0,3084795.92,3149844.256,C,Frank_Jauker_Brassica_napus_Germany_2006C
Frank_Jauker_Brassica_napus_Germany_2006,OSR_07,50.433482,8.722115,Brassica napus,Germany,0,NA,0,0,220184.8832,0,906883.723,0,272522.1328,11606.82813,0,0,55865.03245,1682788.712,3149851.311,C,Frank_Jauker_Brassica_napus_Germany_2006C
Frank_Jauker_Brassica_napus_Germany_2006,OSR_08,50.429299,8.698726,Brassica napus,Germany,0,NA,0,0,606290.4638,0,304369.7238,573.9780579,77371.20966,0,0,0,0,2160939.127,3149544.502,C,Frank_Jauker_Brassica_napus_Germany_2006C
Frank_Jauker_Brassica_napus_Germany_2006,OSR_09,50.436352,8.73735,Brassica napus,Germany,0,NA,0,0,443332.089,0,790447.092,11223.95995,460274.1875,11606.82813,0,0,50110.87597,1382863.124,3149858.156,C,Frank_Jauker_Brassica_napus_Germany_2006C
Frank_Jauker_Brassica_napus_Germany_2006,OSR_10,50.436598,8.739967,Brassica napus,Germany,0,NA,0,0,410875.6989,0,649262.9581,11223.95995,445774.0287,8990.338595,0,0,24226.88201,1599505.156,3149859.023,C,Frank_Jauker_Brassica_napus_Germany_2006C
Frank_Jauker_Brassica_napus_Germany_2006,OSR_11,50.438375,8.751726,Brassica napus,Germany,0,NA,0,0,26227.45941,0,314908.4275,10494.43807,142637.084,0,0,0,0,2655584.801,3149852.21,C,Frank_Jauker_Brassica_napus_Germany_2006C
Frank_Jauker_Brassica_napus_Germany_2006,OSR_12,50.436625,8.755288,Brassica napus,Germany,0,NA,0,0,21238.88961,0,260822.9636,191.3368301,312814.6081,0,0,0,0,2554784.71,3149852.508,C,Frank_Jauker_Brassica_napus_Germany_2006C
Frank_Jauker_Brassica_napus_Germany_2006,OSR_13,50.44477,8.742843,Brassica napus,Germany,0,NA,0,0,8216.241589,0,412203.4036,66589.98341,124421.117,17129.42088,0,0,0,2521303.742,3149863.909,C,Frank_Jauker_Brassica_napus_Germany_2006C
Frank_Jauker_Brassica_napus_Germany_2006,OSR_14,50.447093,8.743615,Brassica napus,Germany,0,NA,0,0,1930.762976,0,623004.2916,45271.14587,114057.3853,5812.998995,0,0,0,2359779.648,3149856.233,C,Frank_Jauker_Brassica_napus_Germany_2006C
Frank_Jauker_Brassica_napus_Germany_2006,OSR_15,50.447558,8.745718,Brassica napus,Germany,0,NA,0,0,192.7908737,0,641798.1961,2630.221592,67700.71732,0,0,0,0,2437544.278,3149866.204,C,Frank_Jauker_Brassica_napus_Germany_2006C
Frank_Jauker_Brassica_napus_Germany_2006,OSR_16,50.447749,8.749237,Brassica napus,Germany,0,NA,0,0,63.76717377,0,687679.5331,0,67236.80959,0,0,0,0,2394883.72,3149863.83,C,Frank_Jauker_Brassica_napus_Germany_2006C
Frank_Jauker_Brassica_napus_Germany_2006,OSR_17,50.449471,8.752842,Brassica napus,Germany,0,NA,0,0,63.76717377,0,946264.6724,0,96224.68401,0,0,0,0,2107306.388,3149859.512,C,Frank_Jauker_Brassica_napus_Germany_2006C
Frank_Jauker_Brassica_napus_Germany_2006,OSR_18,50.448569,8.755374,Brassica napus,Germany,0,NA,0,0,63.76717377,0,880081.3445,0,85649.69124,0,0,0,0,2183866.99,3149661.793,C,Frank_Jauker_Brassica_napus_Germany_2006C
Frank_Jauker_Brassica_napus_Germany_2006,OSR_19,50.449799,8.70718,Brassica napus,Germany,0,NA,0,0,237988.6176,0,659762.091,3292.34742,542639.1901,10073.6777,0,0,0,1696109.367,3149865.29,C,Frank_Jauker_Brassica_napus_Germany_2006C
Frank_Jauker_Brassica_napus_Germany_2006,OSR_20,50.45193,8.70482,Brassica napus,Germany,0,NA,0,0,160412.2537,0,634763.579,63.76441956,331359.8766,10073.6777,0,0,0,2013194.337,3149867.489,C,Frank_Jauker_Brassica_napus_Germany_2006C
Frank_Jauker_Brassica_napus_Germany_2006,OSR_21,50.454936,8.703361,Brassica napus,Germany,0,NA,0,0,119133.197,0,482802.8891,139.2243413,127496.3879,10073.6777,0,0,0,2410223.648,3149869.024,C,Frank_Jauker_Brassica_napus_Germany_2006C
Frank_Jauker_Brassica_napus_Germany_2006,OSR_22,50.459635,8.705378,Brassica napus,Germany,0,NA,0,0,92832.57168,0,445200.8859,446.1663094,69395.85868,0,0,0,0,2541991.761,3149867.243,C,Frank_Jauker_Brassica_napus_Germany_2006C
Frank_Jauker_Brassica_napus_Germany_2006,OSR_22b,50.462968,8.698897,Brassica napus,Germany,0,NA,0,0,27969.59756,0,355450.1731,446.1663094,664844.7767,0,0,0,0,2101156.031,3149866.745,C,Frank_Jauker_Brassica_napus_Germany_2006C
Frank_Jauker_Brassica_napus_Germany_2006,OSR_23,50.464853,8.697824,Brassica napus,Germany,0,NA,0,0,22671.26495,0,254134.3878,446.1663094,840383.2728,0,0,0,0,2031776.719,3149411.811,C,Frank_Jauker_Brassica_napus_Germany_2006C
Frank_Jauker_Brassica_napus_Germany_2006,OSR_24,50.448774,8.751554,Brassica napus,Germany,0,NA,0,0,63.76717377,0,809201.8002,0,81290.84442,0,0,0,0,2259304.398,3149860.81,C,Frank_Jauker_Brassica_napus_Germany_2006C
Georg_Andersson_Brassica_rapa_Sweden_2010,1.1,55.981034,13.11472,Brassica rapa,Sweden,47.73271993,NA,0,0,97352.46176,0,865119.3679,0,1551163.322,168.2567596,0,0,0,640353.2701,3154156.678,C,Georg_Andersson_Brassica_rapa_Sweden_2010C
Georg_Andersson_Brassica_rapa_Sweden_2010,2.0.1,56.21922,13.86215,Brassica rapa,Sweden,18.90119958,NA,0,0,61851.30342,0,1300320.559,2118.220779,1160026.084,59157.92791,0,0,1449.177986,569518.2137,3154441.487,C,Georg_Andersson_Brassica_rapa_Sweden_2010C
Georg_Andersson_Brassica_rapa_Sweden_2010,2.0.2,55.806788,13.861388,Brassica rapa,Sweden,49.0991227,NA,0,0,27155.03252,0,1037498.102,169.0098419,1012443.654,1521.295376,0,0,0,1074815.867,3153602.961,C,Georg_Andersson_Brassica_rapa_Sweden_2010C
Georg_Andersson_Brassica_rapa_Sweden_2010,2.1,56.20546,13.755509,Brassica rapa,Sweden,48.11060752,NA,0,0,49181.56459,0,1313379.139,1003.898773,1644893.525,167.2924957,0,0,334.5855103,145591.8461,3154551.851,C,Georg_Andersson_Brassica_rapa_Sweden_2010C
Georg_Andersson_Brassica_rapa_Sweden_2010,2.4,55.937886,13.290105,Brassica rapa,Sweden,77.20505225,NA,0,0,7187.219658,0,476916.4624,0,1590726.322,0,0,0,0,1079731.577,3154561.581,C,Georg_Andersson_Brassica_rapa_Sweden_2010C
Georg_Andersson_Brassica_rapa_Sweden_2010,2.4.2,55.773553,13.861608,Brassica rapa,Sweden,21.71384277,NA,0,0,4115.663578,0,1773256.821,0,1251127.622,56.38786316,0,0,0,125580.6612,3154137.155,C,Georg_Andersson_Brassica_rapa_Sweden_2010C
Georg_Andersson_Brassica_rapa_Sweden_2010,4.1,55.506062,13.864372,Brassica rapa,Sweden,64.82699022,NA,0,0,108221.3613,0,1252138.144,0,1118755.7,28321.82183,0,0,964.9452705,645784.0751,3154186.047,C,Georg_Andersson_Brassica_rapa_Sweden_2010C
Georg_Andersson_Brassica_rapa_Sweden_2010,4.1.2,55.635744,13.751394,Brassica rapa,Sweden,61.85324257,NA,0,0,14166.31925,0,2004514.773,0,546729.6464,0,0,0,0,588471.6012,3153882.339,C,Georg_Andersson_Brassica_rapa_Sweden_2010C
Georg_Andersson_Brassica_rapa_Sweden_2010,4.4,55.83502,13.518199,Brassica rapa,Sweden,22.07977288,NA,0,0,12866.49058,0,758282.4125,2420.643669,634913.0679,158590.5612,0,0,1857.532665,1585525.656,3154456.365,C,Georg_Andersson_Brassica_rapa_Sweden_2010C
Georg_Andersson_Brassica_rapa_Sweden_2010,5.0.1,55.425796,13.196088,Brassica rapa,Sweden,28.37293993,NA,0,0,57251.98555,0,138950.3957,0,91154.65527,170.6613235,0,0,0,2866227.484,3153755.182,C,Georg_Andersson_Brassica_rapa_Sweden_2010C
Georg_Andersson_Brassica_rapa_Sweden_2010,5.4,55.402118,13.202387,Brassica rapa,Sweden,27.5766649,NA,0,0,85175.42893,0,224739.0811,0,141259.2376,0,0,0,0,2702701.037,3153874.784,C,Georg_Andersson_Brassica_rapa_Sweden_2010C
Georg_Andersson_Fragaria_ananassa_Sweden_2009,4.01,55.851232,13.361977,Fragaria x ananassa,Sweden,11.11111111,NA,102,0,38322.20424,0,697244.9368,306.1037929,763508.3452,0,0,0,0,1654738.859,3154120.449,C,Georg_Andersson_Fragaria_ananassa_Sweden_2009C
Georg_Andersson_Fragaria_ananassa_Sweden_2009,4.1,55.506072,13.86448,Fragaria x ananassa,Sweden,35.48387097,NA,311,0,108462.0047,0,1248119.315,0,1118614.525,28321.82183,0,0,964.9452705,649723.5266,3154206.138,C,Georg_Andersson_Fragaria_ananassa_Sweden_2009C
Georg_Andersson_Fragaria_ananassa_Sweden_2009,4.2,55.738088,13.706308,Fragaria x ananassa,Sweden,50,NA,158,0,47848.28587,0,1815636.984,0,525962.3862,0,0,0,0,764135.2643,3153582.92,C,Georg_Andersson_Fragaria_ananassa_Sweden_2009C
Georg_Andersson_Fragaria_ananassa_Sweden_2009,4.3,55.562438,13.362367,Fragaria x ananassa,Sweden,80,NA,119,0,21565.68833,0,1479950.734,0,567076.7078,1247.263866,0,0,0,1083579.173,3153419.567,C,Georg_Andersson_Fragaria_ananassa_Sweden_2009C
Georg_Andersson_Fragaria_ananassa_Sweden_2009,4.4,55.835013,13.518487,Fragaria x ananassa,Sweden,7.692307692,NA,63,0,13539.30444,0,750652.8276,2420.643669,632038.7905,159824.2237,0,0,1857.532665,1594071.433,3154404.755,C,Georg_Andersson_Fragaria_ananassa_Sweden_2009C
Georg_Andersson_Fragaria_ananassa_Sweden_2009,5.01,55.376422,13.316683,Fragaria x ananassa,Sweden,23.80952381,NA,153,0,43295.15311,0,79542.92345,0,65850.63976,0,0,0,0,2964513.678,3153202.394,C,Georg_Andersson_Fragaria_ananassa_Sweden_2009C
Georg_Andersson_Fragaria_ananassa_Sweden_2009,5.02,55.499083,13.552,Fragaria x ananassa,Sweden,15,NA,150,0,31486.02049,0,530744.922,1035.065371,93483.9574,0,0,0,0,2496959.419,3153709.384,C,Georg_Andersson_Fragaria_ananassa_Sweden_2009C
Georg_Andersson_Fragaria_ananassa_Sweden_2009,5.1,55.426812,13.424667,Fragaria x ananassa,Sweden,33.33333333,NA,38,0,25306.20339,0,424876.8023,0,126704.8256,8474.84214,0,0,1364.932785,2566720.881,3153448.487,C,Georg_Andersson_Fragaria_ananassa_Sweden_2009C
Georg_Andersson_Fragaria_ananassa_Sweden_2009,5.2,55.88873,13.318122,Fragaria x ananassa,Sweden,40,NA,19,0,60509.82967,0,869131.3248,0,274336.591,0,0,0,0,1950541.503,3154519.249,C,Georg_Andersson_Fragaria_ananassa_Sweden_2009C
Georg_Andersson_Fragaria_ananassa_Sweden_2009,5.3,55.63207,13.312453,Fragaria x ananassa,Sweden,42.10526316,NA,115,0,52317.51757,0,174987.3175,56.58983994,107740.7561,0,0,0,0,2819174.585,3154276.766,C,Georg_Andersson_Fragaria_ananassa_Sweden_2009C
Georg_Andersson_Fragaria_ananassa_Sweden_2009,5.4,55.403555,13.202297,Fragaria x ananassa,Sweden,73.07692308,NA,196,0,81050.96422,0,216363.9305,0,131488.4419,0,0,0,0,2724245.87,3153149.206,C,Georg_Andersson_Fragaria_ananassa_Sweden_2009C
Guiomar_Nates_Parra_Vaccinium_meridionale_Colombia_2013,CASTELLANOS,5.531797,-73.729151,Vaccinium meridionale,Colombia,0.104285714,0.145,0,0,98.88075256,0,528762.8262,0,2592666.949,0,0,0,0,0,3121528.656,C,Guiomar_Nates_Parra_Vaccinium_meridionale_Colombia_2013C
Guiomar_Nates_Parra_Vaccinium_meridionale_Colombia_2013,GONZALEZ,5.571607,-73.7379,Vaccinium meridionale,Colombia,0.315,0.5375,0,0,5635.827187,0,1716655.329,44.97852855,1396860.546,0,0,0,0,2184.528587,3121381.209,C,Guiomar_Nates_Parra_Vaccinium_meridionale_Colombia_2013C
Guiomar_Nates_Parra_Vaccinium_meridionale_Colombia_2013,JIMENEZ,5.554149,-73.724777,Vaccinium meridionale,Colombia,0.31375,0.4825,0,0,494.3818512,0,780702.3602,0,2340126.514,0,0,0,0,197.7552338,3121521.012,C,Guiomar_Nates_Parra_Vaccinium_meridionale_Colombia_2013C
Guiomar_Nates_Parra_Vaccinium_meridionale_Colombia_2013,PENA,5.628739,-73.727764,Vaccinium meridionale,Colombia,0.4925,0.365,0,0,692.0495834,20413.4033,1447435.978,2768.197433,1646023.432,0,0,0,0,4201.566671,3121534.627,C,Guiomar_Nates_Parra_Vaccinium_meridionale_Colombia_2013C
Guiomar_Nates_Parra_Vaccinium_meridionale_Colombia_2013,SIERRA,5.458649,-73.664724,Vaccinium meridionale,Colombia,0.84125,0.34,0,0,296.6761246,296.678688,765743.6765,0,2351658.795,0,0,0,0,2706.954592,3120702.781,C,Guiomar_Nates_Parra_Vaccinium_meridionale_Colombia_2013C
Hajnalka_Szentgyorgyi_Fagopyrum_esculentum_Poland_2005,Biala,50.74027634,22.39500046,Fagopyrum esculentum,Poland,3921.820313,NA,0,0,0,0,31598.84302,0,1762273.035,0,0,0,0,1356083.949,3149955.827,D,Hajnalka_Szentgyorgyi_Fagopyrum_esculentum_Poland_2005D
Hajnalka_Szentgyorgyi_Fagopyrum_esculentum_Poland_2005,Branew,50.76027679,22.56305504,Fagopyrum esculentum,Poland,10749.36683,NA,0,0,5067.195885,0,65510.19465,0,422792.5515,0,0,0,0,2656744.308,3150114.25,D,Hajnalka_Szentgyorgyi_Fagopyrum_esculentum_Poland_2005D
Hajnalka_Szentgyorgyi_Fagopyrum_esculentum_Poland_2005,Kapronie,50.64916611,22.5727787,Fagopyrum esculentum,Poland,15381.6792,NA,0,0,40883.96851,0,1021971.55,63.49621582,1946998.853,444.4584999,0,0,0,139658.6485,3150020.974,D,Hajnalka_Szentgyorgyi_Fagopyrum_esculentum_Poland_2005D
Hajnalka_Szentgyorgyi_Fagopyrum_esculentum_Poland_2005,Kolonia Branewska,50.7211113,22.53944397,Fagopyrum esculentum,Poland,0,NA,0,0,92693.1895,0,456197.9488,63.39685822,309715.3769,0,0,0,0,2291264.799,3149934.711,D,Hajnalka_Szentgyorgyi_Fagopyrum_esculentum_Poland_2005D
Hajnalka_Szentgyorgyi_Fagopyrum_esculentum_Poland_2005,Majdan,50.69472122,22.45611191,Fagopyrum esculentum,Poland,10531.78553,NA,0,0,96949.49267,0,729535.3056,0,1607096.054,0,0,0,0,715765.8723,3149346.724,D,Hajnalka_Szentgyorgyi_Fagopyrum_esculentum_Poland_2005D
Hajnalka_Szentgyorgyi_Fagopyrum_esculentum_Poland_2005,Wolka Ratajska,50.73110962,22.4738884,Fagopyrum esculentum,Poland,0,NA,0,0,170849.9387,0,387403.4993,0,729105.7521,0,0,0,0,1862673.75,3150032.94,D,Hajnalka_Szentgyorgyi_Fagopyrum_esculentum_Poland_2005D
Heather_Lee_Grab_Fragaria_ananassa_USA_2012,BH,42.60400615,-76.85941013,Fragaria x ananassa,USA,12.04,9.65,0,0,6105.738075,0,622400.4465,0,1871624.92,147.1057434,0,0,0,642688.8992,3142967.11,D,Heather_Lee_Grab_Fragaria_ananassa_USA_2012D
Heather_Lee_Grab_Fragaria_ananassa_USA_2012,BS,42.51115215,-76.35759499,Fragaria x ananassa,USA,12.04,NA,0,0,69963.2884,0,769089.7183,442.0578766,2250060.234,1694.457436,0,0,368.3617401,50635.71605,3142253.834,D,Heather_Lee_Grab_Fragaria_ananassa_USA_2012D
Heather_Lee_Grab_Fragaria_ananassa_USA_2012,BT,42.61117409,-76.30619018,Fragaria x ananassa,USA,10.74,4.55,0,0,9717.35699,0,404412.5832,0,1819360.262,2942.45034,0,0,0,905826.2778,3142258.93,D,Heather_Lee_Grab_Fragaria_ananassa_USA_2012D
Heather_Lee_Grab_Fragaria_ananassa_USA_2012,DAR,42.87823317,-77.05088127,Fragaria x ananassa,USA,8.2,2.2,0,0,33596.40861,0,790979.8074,73.25185394,692642.0974,4834.221535,0,0,0,1621140.205,3143265.992,D,Heather_Lee_Grab_Fragaria_ananassa_USA_2012D
Heather_Lee_Grab_Fragaria_ananassa_USA_2012,ELD,42.97335154,-76.49481728,Fragaria x ananassa,USA,0,NA,0,0,7600.801038,0,614368.3067,0,913513.5188,0,0,0,0,1607545.684,3143028.311,D,Heather_Lee_Grab_Fragaria_ananassa_USA_2012D
Heather_Lee_Grab_Fragaria_ananassa_USA_2012,FLZ,42.94111512,-77.03702997,Fragaria x ananassa,USA,8.45,10.92,0,0,21732.10351,0,463723.5216,92721.36492,933485.4856,951.2771378,0,0,0,1630574.683,3143188.436,D,Heather_Lee_Grab_Fragaria_ananassa_USA_2012D
Heather_Lee_Grab_Fragaria_ananassa_USA_2012,FV,42.5202994,-76.33201391,Fragaria x ananassa,USA,3.26,2.63,0,0,62503.97631,0,1182030.849,21469.01512,1085811.781,1518.322407,0,0,0,789281.9464,3142615.89,D,Heather_Lee_Grab_Fragaria_ananassa_USA_2012D
Heather_Lee_Grab_Fragaria_ananassa_USA_2012,GS,43.16673195,-77.335188,Fragaria x ananassa,USA,0,NA,0,0,46732.01725,0,968565.6166,218.7092438,1638844.463,2405.597336,0,0,1895.313805,484151.2329,3142812.951,D,Heather_Lee_Grab_Fragaria_ananassa_USA_2012D
Heather_Lee_Grab_Fragaria_ananassa_USA_2012,GRS,42.65832885,-76.47461542,Fragaria x ananassa,USA,6.91,7.61,0,0,37109.91198,0,552311.9084,0,1324487.998,0,0,0,0,1228408.105,3142317.923,D,Heather_Lee_Grab_Fragaria_ananassa_USA_2012D
Heather_Lee_Grab_Fragaria_ananassa_USA_2012,KP,42.44328974,-76.54027031,Fragaria x ananassa,USA,8.77,9.41,0,0,51209.02427,0,790341.5657,663.6589584,1966867.801,503.4531661,0,0,442.4471283,332904.5493,3142932.5,D,Heather_Lee_Grab_Fragaria_ananassa_USA_2012D
Heather_Lee_Grab_Fragaria_ananassa_USA_2012,LAG,43.24931277,-77.19096583,Fragaria x ananassa,USA,8.68,3.42,0,0,65039.62442,0,1732248.756,1893.046867,1070402.288,0,0,0,0,274008.5669,3143592.283,D,Heather_Lee_Grab_Fragaria_ananassa_USA_2012D
Heather_Lee_Grab_Fragaria_ananassa_USA_2012,REV,43.16113043,-76.42957942,Fragaria x ananassa,USA,7.23,3.76,0,0,52213.24806,0,505783.7987,0,1270706.189,145446.7367,0,0,2811.687031,1166104.372,3143066.032,D,Heather_Lee_Grab_Fragaria_ananassa_USA_2012D
Heather_Lee_Grab_Fragaria_ananassa_USA_2012,SQ,42.49085176,-76.72622454,Fragaria x ananassa,USA,0,NA,0,0,35647.23189,0,681251.5906,0,1279968.337,0,0,0,0,1145871.185,3142738.344,D,Heather_Lee_Grab_Fragaria_ananassa_USA_2012D
Heather_Lee_Grab_Fragaria_ananassa_USA_2012,SLD,42.55116895,-76.67797987,Fragaria x ananassa,USA,8.23,4.29,0,0,94801.15885,0,463092.6447,220.878746,907215.8223,809.8242416,0,0,0,1676635.005,3142775.334,D,Heather_Lee_Grab_Fragaria_ananassa_USA_2012D
Heather_Lee_Grab_Fragaria_ananassa_USA_2012,WH,42.44437963,-76.53563725,Fragaria x ananassa,USA,0,NA,0,0,76070.09632,0,874020.923,117.6948104,1875170.537,0,0,0,442.4471283,317098.4425,3142920.14,D,Heather_Lee_Grab_Fragaria_ananassa_USA_2012D
Heather_Lee_Grab_Fragaria_ananassa_USA_2012,WBT,43.16331537,-77.27654822,Fragaria x ananassa,USA,9.56,1.34,0,0,17249.35234,0,610143.8215,0,2226566.566,1239.359062,0,0,2260.441076,284707.9939,3142167.534,D,Heather_Lee_Grab_Fragaria_ananassa_USA_2012D
Hisatomo_Taki_Fagopyrum_esculentum_Japan_2007,1,36.58494,140.44174,Fagopyrum esculentum,Japan,10.55751015,0.170068027,0,0,163200.9247,0,279827.4414,3846.672348,2112128.257,320.5483704,0,0,0,578715.0677,3138038.911,C,Hisatomo_Taki_Fagopyrum_esculentum_Japan_2007C
Hisatomo_Taki_Fagopyrum_esculentum_Japan_2007,2,36.5875,140.44562,Fagopyrum esculentum,Japan,9.341299142,2.324973877,0,0,163899.6659,0,132381.0851,458.5111144,2287189.677,0,0,0,0,554111.102,3138040.041,C,Hisatomo_Taki_Fagopyrum_esculentum_Japan_2007C
Hisatomo_Taki_Fagopyrum_esculentum_Japan_2007,3,36.59589,140.43996,Fagopyrum esculentum,Japan,12.8749799,1.082251082,0,0,155633.8411,0,221406.3807,1105.812829,2163662.238,0,0,0,0,595991.3553,3137799.628,C,Hisatomo_Taki_Fagopyrum_esculentum_Japan_2007C
Hisatomo_Taki_Fagopyrum_esculentum_Japan_2007,4,36.58083,140.46078,Fagopyrum esculentum,Japan,21.61964268,0.17921147,0,0,25123.50244,0,211580.086,0,2689120.331,240.4538498,0,0,0,211979.7384,3138044.112,C,Hisatomo_Taki_Fagopyrum_esculentum_Japan_2007C
Hisatomo_Taki_Fagopyrum_esculentum_Japan_2007,5,36.56832,140.46266,Fagopyrum esculentum,Japan,7.622693938,0,0,0,92162.98918,0,536803.0528,25809.41107,1950167.366,14108.64081,0,0,0,518978.2276,3138029.687,C,Hisatomo_Taki_Fagopyrum_esculentum_Japan_2007C
Hisatomo_Taki_Fagopyrum_esculentum_Japan_2007,6,36.62001,140.44448,Fagopyrum esculentum,Japan,15.87955185,1.185747664,0,0,140827.2576,0,142425.9223,1842.524979,2692919.452,0,0,0,0,160042.0019,3138057.159,C,Hisatomo_Taki_Fagopyrum_esculentum_Japan_2007C
Hisatomo_Taki_Fagopyrum_esculentum_Japan_2007,7,36.62213,140.4498,Fagopyrum esculentum,Japan,11.39030645,1.668263091,0,0,39282.09635,0,108949.2559,0,2921384.909,0,0,0,0,68448.20686,3138064.468,C,Hisatomo_Taki_Fagopyrum_esculentum_Japan_2007C
Hisatomo_Taki_Fagopyrum_esculentum_Japan_2007,8,36.63956,140.45187,Fagopyrum esculentum,Japan,10.59846272,0.721288515,0,0,8160.54429,0,28550.24284,0,3095921.956,0,0,0,0,5445.932953,3138078.676,C,Hisatomo_Taki_Fagopyrum_esculentum_Japan_2007C
Hisatomo_Taki_Fagopyrum_esculentum_Japan_2007,9,36.63495,140.45381,Fagopyrum esculentum,Japan,18.94381095,3.07011318,0,0,11052.42152,0,29289.70017,0,3092282.023,0,0,0,0,5445.932953,3138070.078,C,Hisatomo_Taki_Fagopyrum_esculentum_Japan_2007C
Hisatomo_Taki_Fagopyrum_esculentum_Japan_2007,10,36.62191,140.46072,Fagopyrum esculentum,Japan,14.40060119,0.308641975,0,0,31160.74171,0,107762.9839,0,2966018.5,0,0,0,0,33114.02046,3138056.246,C,Hisatomo_Taki_Fagopyrum_esculentum_Japan_2007C
Hisatomo_Taki_Fagopyrum_esculentum_Japan_2007,11,36.61694,140.45945,Fagopyrum esculentum,Japan,20.88647924,0.537634409,0,0,40506.50306,0,76426.71104,0,2969041.89,0,0,0,0,52092.79188,3138067.896,C,Hisatomo_Taki_Fagopyrum_esculentum_Japan_2007C
Hisatomo_Taki_Fagopyrum_esculentum_Japan_2007,12,36.61234,140.45453,Fagopyrum esculentum,Japan,18.16277584,1.566859067,0,0,36517.53414,0,54336.68562,0,2977959.096,0,0,0,0,69243.03788,3138056.354,C,Hisatomo_Taki_Fagopyrum_esculentum_Japan_2007C
Hisatomo_Taki_Fagopyrum_esculentum_Japan_2007,13,36.6125,140.44771,Fagopyrum esculentum,Japan,18.63204009,10.5509234,0,0,117168.3094,0,101045.5666,1842.524979,2756176.382,0,0,0,0,161824.0626,3138056.846,C,Hisatomo_Taki_Fagopyrum_esculentum_Japan_2007C
Hisatomo_Taki_Fagopyrum_esculentum_Japan_2007,14,36.61435,140.44212,Fagopyrum esculentum,Japan,16.79132616,1.820580285,0,0,149365.5871,0,134257.9159,1842.524979,2664459.641,0,0,0,0,188127.8593,3138053.529,C,Hisatomo_Taki_Fagopyrum_esculentum_Japan_2007C
Hisatomo_Taki_Fagopyrum_esculentum_Japan_2007,15,36.60324,140.46136,Fagopyrum esculentum,Japan,22.39428729,2.399580006,0,0,4024.300809,0,41151.37409,0,3091915.119,0,0,0,0,961.5397186,3138052.333,C,Hisatomo_Taki_Fagopyrum_esculentum_Japan_2007C
Hisatomo_Taki_Fagopyrum_esculentum_Japan_2008,1,36.58494,140.44174,Fagopyrum esculentum,Japan,14.29748773,0,0,0,163200.9247,0,279827.4414,3846.672348,2112128.257,320.5483704,0,0,0,578715.0677,3138038.911,C,Hisatomo_Taki_Fagopyrum_esculentum_Japan_2008C
Hisatomo_Taki_Fagopyrum_esculentum_Japan_2008,2,36.5875,140.44562,Fagopyrum esculentum,Japan,16.04206352,0.833333333,0,0,163899.6659,0,132381.0851,458.5111144,2287189.677,0,0,0,0,554111.102,3138040.041,C,Hisatomo_Taki_Fagopyrum_esculentum_Japan_2008C
Hisatomo_Taki_Fagopyrum_esculentum_Japan_2008,3,36.59589,140.43996,Fagopyrum esculentum,Japan,17.85609993,0,0,0,155633.8411,0,221406.3807,1105.812829,2163662.238,0,0,0,0,595991.3553,3137799.628,C,Hisatomo_Taki_Fagopyrum_esculentum_Japan_2008C
Hisatomo_Taki_Fagopyrum_esculentum_Japan_2008,4,36.58083,140.46078,Fagopyrum esculentum,Japan,19.08492626,0.520833333,0,0,25123.50244,0,211580.086,0,2689120.331,240.4538498,0,0,0,211979.7384,3138044.112,C,Hisatomo_Taki_Fagopyrum_esculentum_Japan_2008C
Hisatomo_Taki_Fagopyrum_esculentum_Japan_2008,5,36.56832,140.46266,Fagopyrum esculentum,Japan,16.34381564,0,0,0,92162.98918,0,536803.0528,25809.41107,1950167.366,14108.64081,0,0,0,518978.2276,3138029.687,C,Hisatomo_Taki_Fagopyrum_esculentum_Japan_2008C
Hisatomo_Taki_Fagopyrum_esculentum_Japan_2008,6,36.62001,140.44448,Fagopyrum esculentum,Japan,22.78597944,1.411384915,0,0,140827.2576,0,142425.9223,1842.524979,2692919.452,0,0,0,0,160042.0019,3138057.159,C,Hisatomo_Taki_Fagopyrum_esculentum_Japan_2008C
Hisatomo_Taki_Fagopyrum_esculentum_Japan_2008,7,36.62213,140.4498,Fagopyrum esculentum,Japan,18.22716704,0,0,0,39282.09635,0,108949.2559,0,2921384.909,0,0,0,0,68448.20686,3138064.468,C,Hisatomo_Taki_Fagopyrum_esculentum_Japan_2008C
Hisatomo_Taki_Fagopyrum_esculentum_Japan_2008,8,36.63956,140.45187,Fagopyrum esculentum,Japan,16.87885299,0.641025641,0,0,8160.54429,0,28550.24284,0,3095921.956,0,0,0,0,5445.932953,3138078.676,C,Hisatomo_Taki_Fagopyrum_esculentum_Japan_2008C
Hisatomo_Taki_Fagopyrum_esculentum_Japan_2008,9,36.63495,140.45381,Fagopyrum esculentum,Japan,15.90854032,2.598522167,0,0,11052.42152,0,29289.70017,0,3092282.023,0,0,0,0,5445.932953,3138070.078,C,Hisatomo_Taki_Fagopyrum_esculentum_Japan_2008C
Hisatomo_Taki_Fagopyrum_esculentum_Japan_2008,10,36.62191,140.46072,Fagopyrum esculentum,Japan,21.15546671,2.228327228,0,0,31160.74171,0,107762.9839,0,2966018.5,0,0,0,0,33114.02046,3138056.246,C,Hisatomo_Taki_Fagopyrum_esculentum_Japan_2008C
Hisatomo_Taki_Fagopyrum_esculentum_Japan_2008,11,36.61694,140.45945,Fagopyrum esculentum,Japan,16.45207942,3.102705613,0,0,40506.50306,0,76426.71104,0,2969041.89,0,0,0,0,52092.79188,3138067.896,C,Hisatomo_Taki_Fagopyrum_esculentum_Japan_2008C
Hisatomo_Taki_Fagopyrum_esculentum_Japan_2008,12,36.61234,140.45453,Fagopyrum esculentum,Japan,20.96876148,0,0,0,36517.53414,0,54336.68562,0,2977959.096,0,0,0,0,69243.03788,3138056.354,C,Hisatomo_Taki_Fagopyrum_esculentum_Japan_2008C
Hisatomo_Taki_Fagopyrum_esculentum_Japan_2008,13,36.6125,140.44771,Fagopyrum esculentum,Japan,22.09307896,1.470588235,0,0,117168.3094,0,101045.5666,1842.524979,2756176.382,0,0,0,0,161824.0626,3138056.846,C,Hisatomo_Taki_Fagopyrum_esculentum_Japan_2008C
Hisatomo_Taki_Fagopyrum_esculentum_Japan_2008,14,36.61435,140.44212,Fagopyrum esculentum,Japan,14.94297311,0.555555556,0,0,149365.5871,0,134257.9159,1842.524979,2664459.641,0,0,0,0,188127.8593,3138053.529,C,Hisatomo_Taki_Fagopyrum_esculentum_Japan_2008C
Hisatomo_Taki_Fagopyrum_esculentum_Japan_2008,15,36.60324,140.46136,Fagopyrum esculentum,Japan,15.2935676,1.818181818,0,0,4024.300809,0,41151.37409,0,3091915.119,0,0,0,0,961.5397186,3138052.333,C,Hisatomo_Taki_Fagopyrum_esculentum_Japan_2008C
Hisatomo_Taki_Fagopyrum_esculentum_Japan_2008,16,36.55423,140.45402,Fagopyrum esculentum,Japan,5.125532222,0,0,0,514975.2822,0,328649.6748,51073.93177,1409325.326,6814.556084,0,0,0,826311.8814,3137150.652,C,Hisatomo_Taki_Fagopyrum_esculentum_Japan_2008C
Hisatomo_Taki_Fagopyrum_esculentum_Japan_2008,17,36.56215,140.45846,Fagopyrum esculentum,Japan,11.84072829,0.617283951,0,0,360752.7385,0,280325.9449,2485.201378,1620530.715,18598.1315,0,0,0,855317.6717,3138010.403,C,Hisatomo_Taki_Fagopyrum_esculentum_Japan_2008C
Ignasi_Bartomeus_Brassica_napus_Sweden_2013,1,58.403912,14.180431,Brassica napus,Sweden,1066.327357,NA,0,0,94487.03983,0,540485.5984,105.1131897,975154.6354,210.1711998,0,0,0,1544610.593,3155053.151,D,Ignasi_Bartomeus_Brassica_napus_Sweden_2013D
Ignasi_Bartomeus_Brassica_napus_Sweden_2013,2,58.200082,13.556258,Brassica napus,Sweden,1456.66197,NA,0,0,49490.7021,0,1105821.396,2801.375805,439513.1515,6342.110451,0,0,2642.753872,1549371.644,3155983.134,D,Ignasi_Bartomeus_Brassica_napus_Sweden_2013D
Ignasi_Bartomeus_Brassica_napus_Sweden_2013,3,58.171296,13.643916,Brassica napus,Sweden,1068.543635,NA,0,0,19586.99074,0,1387790.863,2009.742908,517969.7618,0,0,0,0,1228719.174,3156076.532,D,Ignasi_Bartomeus_Brassica_napus_Sweden_2013D
Ignasi_Bartomeus_Brassica_napus_Sweden_2013,4,58.109959,13.755515,Brassica napus,Sweden,1379.817106,NA,0,0,4344.525723,0,1343786.041,0,610794.3549,0,0,0,0,1196747.417,3155672.338,D,Ignasi_Bartomeus_Brassica_napus_Sweden_2013D
Ignasi_Bartomeus_Brassica_napus_Sweden_2013,5,58.563892,13.029755,Brassica napus,Sweden,1293.327362,NA,0,0,15330.80345,0,236977.5353,0,178626.5104,0,0,0,0,2725416.56,3156351.41,D,Ignasi_Bartomeus_Brassica_napus_Sweden_2013D
Ignasi_Bartomeus_Brassica_napus_Sweden_2013,6,58.527049,12.958532,Brassica napus,Sweden,1074.879694,NA,0,0,12096.52684,0,1053863.997,0,622282.7979,36229.97264,0,0,14103.57671,1417234.693,3155811.564,D,Ignasi_Bartomeus_Brassica_napus_Sweden_2013D
Ignasi_Bartomeus_Brassica_napus_Sweden_2013,7,58.503509,13.044996,Brassica napus,Sweden,1350.839883,NA,0,0,123288.0793,0,619884.3783,995.5047264,398160.3531,0,0,0,0,2013977.367,3156305.683,D,Ignasi_Bartomeus_Brassica_napus_Sweden_2013D
Ignasi_Bartomeus_Brassica_napus_Sweden_2013,8,58.527629,13.033413,Brassica napus,Sweden,553.555884,NA,0,0,8312.371012,0,534496.2371,0,305132.8107,52.37006378,0,0,0,2308707.185,3156700.973,D,Ignasi_Bartomeus_Brassica_napus_Sweden_2013D
Ignasi_Bartomeus_Brassica_napus_Sweden_2013,9,58.51405,13.378827,Brassica napus,Sweden,1913.144389,NA,0,0,45650.32289,0,614065.6259,733.4134483,78950.81605,2305.020294,0,0,1204.889507,2412652.595,3155562.683,D,Ignasi_Bartomeus_Brassica_napus_Sweden_2013D
Ignasi_Bartomeus_Brassica_napus_Sweden_2013,10,58.351229,13.249006,Brassica napus,Sweden,388.22113,NA,0,0,44643.58565,0,376816.0963,0,923765.5727,105.2389374,0,0,0,1810833.975,3156164.468,D,Ignasi_Bartomeus_Brassica_napus_Sweden_2013D
Ignasi_Bartomeus_Brassica_napus_Sweden_2013,11,58.269476,13.028376,Brassica napus,Sweden,176.0001983,NA,0,0,53440.7356,0,220827.0808,89.14735342,199235.9846,0,0,0,0,2682747.405,3156340.353,D,Ignasi_Bartomeus_Brassica_napus_Sweden_2013D
Ignasi_Bartomeus_Brassica_napus_Sweden_2013,12,58.280797,12.942646,Brassica napus,Sweden,35.23217233,NA,0,0,30237.48256,0,377260.8899,52.73277283,162404.8587,0,0,0,0,2586155.371,3156111.335,D,Ignasi_Bartomeus_Brassica_napus_Sweden_2013D
Ignasi_Bartomeus_Brassica_napus_Sweden_2013,13,58.397396,13.12773,Brassica napus,Sweden,1948.459543,NA,0,0,9828.014629,0,122917.9737,0,78879.80857,0,0,0,0,2944945.74,3156571.537,D,Ignasi_Bartomeus_Brassica_napus_Sweden_2013D
Ignasi_Bartomeus_Brassica_napus_Sweden_2013,14,58.387845,13.073633,Brassica napus,Sweden,434.456459,NA,0,0,6729.825706,0,441795.977,0,301813.6734,2734.550428,0,0,0,2402702.557,3155776.584,D,Ignasi_Bartomeus_Brassica_napus_Sweden_2013D
Ignasi_Bartomeus_Brassica_napus_Sweden_2013,15,58.259148,13.258576,Brassica napus,Sweden,819.8731843,NA,0,0,11651.19504,0,336284.4771,158.3004036,312916.1928,1378.105083,0,0,57.12248326,2493656.999,3156102.392,D,Ignasi_Bartomeus_Brassica_napus_Sweden_2013D
Jamie_Ellis_Citrullus_lanatus_USA_2013,watermelon_fl_3_0,29.592777,-82.441575,Citrullus lanatus,USA,1.540740741,NA,1,0,223956.2769,0,593290.9557,75912.61068,2227747.429,433.2976379,0,0,0,10572.36357,3131912.934,C,Jamie_Ellis_Citrullus_lanatus_USA_2013C
Jamie_Ellis_Citrullus_lanatus_USA_2013,watermelon_fl_3_25,29.592777,-82.441575,Citrullus lanatus,USA,3.702222222,NA,2.6,0,223956.2769,0,593290.9557,75912.61068,2227747.429,433.2976379,0,0,0,10572.36357,3131912.934,C,Jamie_Ellis_Citrullus_lanatus_USA_2013C
Jamie_Ellis_Citrullus_lanatus_USA_2013,watermelon_fl_3_50,29.592777,-82.441575,Citrullus lanatus,USA,3.071111111,NA,2.5,0,223956.2769,0,593290.9557,75912.61068,2227747.429,433.2976379,0,0,0,10572.36357,3131912.934,C,Jamie_Ellis_Citrullus_lanatus_USA_2013C
Jamie_Ellis_Citrullus_lanatus_USA_2013,watermelon_fl_3_100,29.592777,-82.441575,Citrullus lanatus,USA,3.144444444,NA,2.5,0,223956.2769,0,593290.9557,75912.61068,2227747.429,433.2976379,0,0,0,10572.36357,3131912.934,C,Jamie_Ellis_Citrullus_lanatus_USA_2013C
Jamie_Ellis_Citrullus_lanatus_USA_2013,watermelon_fl_4_0,29.637039,-82.535982,Citrullus lanatus,USA,1.568253968,NA,1.4,0,19073.42768,0,1015550.182,0,1737330.08,0,0,0,0,360737.424,3132691.113,C,Jamie_Ellis_Citrullus_lanatus_USA_2013C
Jamie_Ellis_Citrullus_lanatus_USA_2013,watermelon_fl_4_25,29.637039,-82.535982,Citrullus lanatus,USA,3.518518519,NA,3.5,0,19073.42768,0,1015550.182,0,1737330.08,0,0,0,0,360737.424,3132691.113,C,Jamie_Ellis_Citrullus_lanatus_USA_2013C
Jamie_Ellis_Citrullus_lanatus_USA_2013,watermelon_fl_4_50,29.637039,-82.535982,Citrullus lanatus,USA,4.588888889,NA,4.1,0,19073.42768,0,1015550.182,0,1737330.08,0,0,0,0,360737.424,3132691.113,C,Jamie_Ellis_Citrullus_lanatus_USA_2013C
Jamie_Ellis_Citrullus_lanatus_USA_2013,watermelon_fl_4_100,29.637039,-82.535982,Citrullus lanatus,USA,2.435555556,NA,2.3,0,19073.42768,0,1015550.182,0,1737330.08,0,0,0,0,360737.424,3132691.113,C,Jamie_Ellis_Citrullus_lanatus_USA_2013C
Jamie_Ellis_Citrullus_lanatus_USA_2013,watermelon_fl_5_0,29.657289,-82.574905,Citrullus lanatus,USA,0.92345679,NA,1.7,0,82623.50821,0,2103694.191,90302.48378,704258.2008,142168.1215,0,0,606.1663589,9041.269307,3132693.941,C,Jamie_Ellis_Citrullus_lanatus_USA_2013C
Jamie_Ellis_Citrullus_lanatus_USA_2013,watermelon_fl_5_25,29.657289,-82.574905,Citrullus lanatus,USA,1.101234568,NA,2.1,0,82623.50821,0,2103694.191,90302.48378,704258.2008,142168.1215,0,0,606.1663589,9041.269307,3132693.941,C,Jamie_Ellis_Citrullus_lanatus_USA_2013C
Jamie_Ellis_Citrullus_lanatus_USA_2013,watermelon_fl_5_50,29.657289,-82.574905,Citrullus lanatus,USA,1.42962963,NA,2,0,82623.50821,0,2103694.191,90302.48378,704258.2008,142168.1215,0,0,606.1663589,9041.269307,3132693.941,C,Jamie_Ellis_Citrullus_lanatus_USA_2013C
Jamie_Ellis_Citrullus_lanatus_USA_2013,watermelon_fl_5_100,29.657289,-82.574905,Citrullus lanatus,USA,1.258333333,NA,1.7,0,82623.50821,0,2103694.191,90302.48378,704258.2008,142168.1215,0,0,606.1663589,9041.269307,3132693.941,C,Jamie_Ellis_Citrullus_lanatus_USA_2013C
Jamie_Ellis_Citrullus_lanatus_USA_2013,watermelon_fl_6_0,29.632776,-82.56626,Citrullus lanatus,USA,2.193650794,NA,1.7,0,45564.14057,0,1363018.855,0,736777.7385,0,0,0,0,987322.3733,3132683.107,C,Jamie_Ellis_Citrullus_lanatus_USA_2013C
Jamie_Ellis_Citrullus_lanatus_USA_2013,watermelon_fl_6_25,29.632776,-82.56626,Citrullus lanatus,USA,4.293333333,NA,3,0,45564.14057,0,1363018.855,0,736777.7385,0,0,0,0,987322.3733,3132683.107,C,Jamie_Ellis_Citrullus_lanatus_USA_2013C
Jamie_Ellis_Citrullus_lanatus_USA_2013,watermelon_fl_6_50,29.632776,-82.56626,Citrullus lanatus,USA,2.422222222,NA,2.6,0,45564.14057,0,1363018.855,0,736777.7385,0,0,0,0,987322.3733,3132683.107,C,Jamie_Ellis_Citrullus_lanatus_USA_2013C
Jamie_Ellis_Citrullus_lanatus_USA_2013,watermelon_fl_6_100,29.632776,-82.56626,Citrullus lanatus,USA,3.735802469,NA,2.8,0,45564.14057,0,1363018.855,0,736777.7385,0,0,0,0,987322.3733,3132683.107,C,Jamie_Ellis_Citrullus_lanatus_USA_2013C
Jamie_Ellis_Citrullus_lanatus_USA_2013,watermelon_fl_10_0,29.599248,-82.906587,Citrullus lanatus,USA,3.644444444,NA,1.1,0,13282.39278,0,2121290.317,1732.907654,345787.3738,0,0,0,0,650491.8912,3132584.883,C,Jamie_Ellis_Citrullus_lanatus_USA_2013C
Jamie_Ellis_Citrullus_lanatus_USA_2013,watermelon_fl_10_25,29.599248,-82.906587,Citrullus lanatus,USA,3.209876543,NA,1.4,0,13282.39278,0,2121290.317,1732.907654,345787.3738,0,0,0,0,650491.8912,3132584.883,C,Jamie_Ellis_Citrullus_lanatus_USA_2013C
Jamie_Ellis_Citrullus_lanatus_USA_2013,watermelon_fl_10_50,29.599248,-82.906587,Citrullus lanatus,USA,3.948148148,NA,0.9,0,13282.39278,0,2121290.317,1732.907654,345787.3738,0,0,0,0,650491.8912,3132584.883,C,Jamie_Ellis_Citrullus_lanatus_USA_2013C
Jamie_Ellis_Citrullus_lanatus_USA_2013,watermelon_fl_10_100,29.599248,-82.906587,Citrullus lanatus,USA,3.711111111,NA,1.3,0,13282.39278,0,2121290.317,1732.907654,345787.3738,0,0,0,0,650491.8912,3132584.883,C,Jamie_Ellis_Citrullus_lanatus_USA_2013C
Jamie_Ellis_Citrullus_lanatus_USA_2013,watermelon_fl_11_0,29.626726,-82.87373,Citrullus lanatus,USA,4.481481481,NA,2.2,0,4088.642799,0,589708.275,0,817451.7011,0,0,0,0,1721433.366,3132681.985,C,Jamie_Ellis_Citrullus_lanatus_USA_2013C
Jamie_Ellis_Citrullus_lanatus_USA_2013,watermelon_fl_11_25,29.626726,-82.87373,Citrullus lanatus,USA,5.679012346,NA,2.3,0,4088.642799,0,589708.275,0,817451.7011,0,0,0,0,1721433.366,3132681.985,C,Jamie_Ellis_Citrullus_lanatus_USA_2013C
Jamie_Ellis_Citrullus_lanatus_USA_2013,watermelon_fl_11_50,29.626726,-82.87373,Citrullus lanatus,USA,5.555555556,NA,2.5,0,4088.642799,0,589708.275,0,817451.7011,0,0,0,0,1721433.366,3132681.985,C,Jamie_Ellis_Citrullus_lanatus_USA_2013C
Jamie_Ellis_Citrullus_lanatus_USA_2013,watermelon_fl_11_100,29.626726,-82.87373,Citrullus lanatus,USA,4.777777778,NA,1.3,0,4088.642799,0,589708.275,0,817451.7011,0,0,0,0,1721433.366,3132681.985,C,Jamie_Ellis_Citrullus_lanatus_USA_2013C
Jamie_Ellis_Citrullus_lanatus_USA_2013,watermelon_fl_14_0,29.695103,-82.831691,Citrullus lanatus,USA,4.428888889,NA,3,0,7012.256844,0,648555.4668,605.9947281,1952472.998,0,0,0,0,523600.3256,3132247.042,C,Jamie_Ellis_Citrullus_lanatus_USA_2013C
Jamie_Ellis_Citrullus_lanatus_USA_2013,watermelon_fl_14_25,29.695103,-82.831691,Citrullus lanatus,USA,3.364444444,NA,2.1,0,7012.256844,0,648555.4668,605.9947281,1952472.998,0,0,0,0,523600.3256,3132247.042,C,Jamie_Ellis_Citrullus_lanatus_USA_2013C
Jamie_Ellis_Citrullus_lanatus_USA_2013,watermelon_fl_14_50,29.695103,-82.831691,Citrullus lanatus,USA,3.407777778,NA,1.1,0,7012.256844,0,648555.4668,605.9947281,1952472.998,0,0,0,0,523600.3256,3132247.042,C,Jamie_Ellis_Citrullus_lanatus_USA_2013C
Jamie_Ellis_Citrullus_lanatus_USA_2013,watermelon_fl_14_100,29.695103,-82.831691,Citrullus lanatus,USA,5.071604938,NA,2.2,0,7012.256844,0,648555.4668,605.9947281,1952472.998,0,0,0,0,523600.3256,3132247.042,C,Jamie_Ellis_Citrullus_lanatus_USA_2013C
Jamie_Ellis_Citrullus_lanatus_USA_2013,watermelon_fl_15_0,29.953214,-82.395639,Citrullus lanatus,USA,1.802777778,NA,1.3,0,7556.151316,0,1821105.789,86.35201263,1056340.172,86.35697937,0,0,0,246754.0747,3131928.897,C,Jamie_Ellis_Citrullus_lanatus_USA_2013C
Jamie_Ellis_Citrullus_lanatus_USA_2013,watermelon_fl_15_25,29.953214,-82.395639,Citrullus lanatus,USA,6.208333333,NA,2.3,0,7556.151316,0,1821105.789,86.35201263,1056340.172,86.35697937,0,0,0,246754.0747,3131928.897,C,Jamie_Ellis_Citrullus_lanatus_USA_2013C
Jamie_Ellis_Citrullus_lanatus_USA_2013,watermelon_fl_15_50,29.953214,-82.395639,Citrullus lanatus,USA,4.575,NA,1.9,0,7556.151316,0,1821105.789,86.35201263,1056340.172,86.35697937,0,0,0,246754.0747,3131928.897,C,Jamie_Ellis_Citrullus_lanatus_USA_2013C
Jamie_Ellis_Citrullus_lanatus_USA_2013,watermelon_fl_15_100,29.953214,-82.395639,Citrullus lanatus,USA,9.111111111,NA,4.4,0,7556.151316,0,1821105.789,86.35201263,1056340.172,86.35697937,0,0,0,246754.0747,3131928.897,C,Jamie_Ellis_Citrullus_lanatus_USA_2013C
Jamie_Ellis_Citrullus_lanatus_USA_2014,watermelon_fl_16_0,29.647522,-82.554083,Citrullus lanatus,USA,7.773333333,NA,3.1,0,63623.72192,0,1672293.966,173.2074585,1098376.528,0,0,0,86.60380554,298138.5048,3132692.532,C,Jamie_Ellis_Citrullus_lanatus_USA_2014C
Jamie_Ellis_Citrullus_lanatus_USA_2014,watermelon_fl_16_25,29.647522,-82.554083,Citrullus lanatus,USA,7.317777778,NA,2.6,0,63623.72192,0,1672293.966,173.2074585,1098376.528,0,0,0,86.60380554,298138.5048,3132692.532,C,Jamie_Ellis_Citrullus_lanatus_USA_2014C
Jamie_Ellis_Citrullus_lanatus_USA_2014,watermelon_fl_16_50,29.647522,-82.554083,Citrullus lanatus,USA,11.67,NA,4.05,0,63623.72192,0,1672293.966,173.2074585,1098376.528,0,0,0,86.60380554,298138.5048,3132692.532,C,Jamie_Ellis_Citrullus_lanatus_USA_2014C
Jamie_Ellis_Citrullus_lanatus_USA_2014,watermelon_fl_16_100,29.647522,-82.554083,Citrullus lanatus,USA,7.311111111,NA,2.85,0,63623.72192,0,1672293.966,173.2074585,1098376.528,0,0,0,86.60380554,298138.5048,3132692.532,C,Jamie_Ellis_Citrullus_lanatus_USA_2014C
Jamie_Ellis_Citrullus_lanatus_USA_2014,watermelon_fl_17_0,30.234167,-82.998056,Citrullus lanatus,USA,3.336666667,NA,2.1,0,10552.64356,0,774918.923,0,2337317.899,1119.411507,0,0,0,9127.914902,3133036.792,C,Jamie_Ellis_Citrullus_lanatus_USA_2014C
Jamie_Ellis_Citrullus_lanatus_USA_2014,watermelon_fl_17_25,30.234167,-82.998056,Citrullus lanatus,USA,8.558888889,NA,2.5,0,10552.64356,0,774918.923,0,2337317.899,1119.411507,0,0,0,9127.914902,3133036.792,C,Jamie_Ellis_Citrullus_lanatus_USA_2014C
Jamie_Ellis_Citrullus_lanatus_USA_2014,watermelon_fl_17_50,30.234167,-82.998056,Citrullus lanatus,USA,6.833333333,NA,2.45,0,10552.64356,0,774918.923,0,2337317.899,1119.411507,0,0,0,9127.914902,3133036.792,C,Jamie_Ellis_Citrullus_lanatus_USA_2014C
Jamie_Ellis_Citrullus_lanatus_USA_2014,watermelon_fl_17_100,30.234167,-82.998056,Citrullus lanatus,USA,4.816666667,NA,1.9,0,10552.64356,0,774918.923,0,2337317.899,1119.411507,0,0,0,9127.914902,3133036.792,C,Jamie_Ellis_Citrullus_lanatus_USA_2014C
Jamie_Ellis_Citrullus_lanatus_USA_2014,watermelon_fl_18_0,29.599248,-82.906587,Citrullus lanatus,USA,12.19444444,NA,4.3,0,13282.39278,0,2121290.317,1732.907654,345787.3738,0,0,0,0,650491.8912,3132584.883,C,Jamie_Ellis_Citrullus_lanatus_USA_2014C
Jamie_Ellis_Citrullus_lanatus_USA_2014,watermelon_fl_18_25,29.599248,-82.906587,Citrullus lanatus,USA,12.41637427,NA,4.7,0,13282.39278,0,2121290.317,1732.907654,345787.3738,0,0,0,0,650491.8912,3132584.883,C,Jamie_Ellis_Citrullus_lanatus_USA_2014C
Jamie_Ellis_Citrullus_lanatus_USA_2014,watermelon_fl_18_50,29.599248,-82.906587,Citrullus lanatus,USA,9.33,NA,3.7,0,13282.39278,0,2121290.317,1732.907654,345787.3738,0,0,0,0,650491.8912,3132584.883,C,Jamie_Ellis_Citrullus_lanatus_USA_2014C
Jamie_Ellis_Citrullus_lanatus_USA_2014,watermelon_fl_18_100,29.599248,-82.906587,Citrullus lanatus,USA,5.508888889,NA,2.3,0,13282.39278,0,2121290.317,1732.907654,345787.3738,0,0,0,0,650491.8912,3132584.883,C,Jamie_Ellis_Citrullus_lanatus_USA_2014C
Jamie_Ellis_Citrullus_lanatus_USA_2014,watermelon_fl_19_0,29.626726,-82.87373,Citrullus lanatus,USA,12.61555556,NA,4.6,0,4088.642799,0,589708.275,0,817451.7011,0,0,0,0,1721433.366,3132681.985,C,Jamie_Ellis_Citrullus_lanatus_USA_2014C
Jamie_Ellis_Citrullus_lanatus_USA_2014,watermelon_fl_19_25,29.626726,-82.87373,Citrullus lanatus,USA,14.63777778,NA,4.3,0,4088.642799,0,589708.275,0,817451.7011,0,0,0,0,1721433.366,3132681.985,C,Jamie_Ellis_Citrullus_lanatus_USA_2014C
Jamie_Ellis_Citrullus_lanatus_USA_2014,watermelon_fl_19_50,29.626726,-82.87373,Citrullus lanatus,USA,14.98555556,NA,4.4,0,4088.642799,0,589708.275,0,817451.7011,0,0,0,0,1721433.366,3132681.985,C,Jamie_Ellis_Citrullus_lanatus_USA_2014C
Jamie_Ellis_Citrullus_lanatus_USA_2014,watermelon_fl_19_100,29.626726,-82.87373,Citrullus lanatus,USA,11.75777778,NA,3.35,0,4088.642799,0,589708.275,0,817451.7011,0,0,0,0,1721433.366,3132681.985,C,Jamie_Ellis_Citrullus_lanatus_USA_2014C
Jamie_Ellis_Citrullus_lanatus_USA_2015,watermelon_fl_1_0,29.505715,-82.855313,Citrullus lanatus,USA,6.446783626,NA,2.789473684,0,84065.68065,0,2151088.405,38335.80384,457210.5727,0,0,0,0,401701.013,3132401.475,C,Jamie_Ellis_Citrullus_lanatus_USA_2015C
Jamie_Ellis_Citrullus_lanatus_USA_2015,watermelon_fl_1_25,29.505715,-82.855313,Citrullus lanatus,USA,6.688888889,NA,2.166666667,0,84065.68065,0,2151088.405,38335.80384,457210.5727,0,0,0,0,401701.013,3132401.475,C,Jamie_Ellis_Citrullus_lanatus_USA_2015C
Jamie_Ellis_Citrullus_lanatus_USA_2015,watermelon_fl_1_50,29.505715,-82.855313,Citrullus lanatus,USA,6.116049383,NA,2.388888889,0,84065.68065,0,2151088.405,38335.80384,457210.5727,0,0,0,0,401701.013,3132401.475,C,Jamie_Ellis_Citrullus_lanatus_USA_2015C
Jamie_Ellis_Citrullus_lanatus_USA_2015,watermelon_fl_1_100,29.505715,-82.855313,Citrullus lanatus,USA,7.897777778,NA,2.6,0,84065.68065,0,2151088.405,38335.80384,457210.5727,0,0,0,0,401701.013,3132401.475,C,Jamie_Ellis_Citrullus_lanatus_USA_2015C
Jamie_Ellis_Citrullus_lanatus_USA_2015,watermelon_fl_2_0,30.049824,-82.928459,Citrullus lanatus,USA,9.76,NA,3.65,0,12183.91799,0,1072715.881,431.3138199,1656610.199,0,0,0,0,390948.9176,3132890.229,C,Jamie_Ellis_Citrullus_lanatus_USA_2015C
Jamie_Ellis_Citrullus_lanatus_USA_2015,watermelon_fl_2_25,30.049824,-82.928459,Citrullus lanatus,USA,7.324444444,NA,2.95,0,12183.91799,0,1072715.881,431.3138199,1656610.199,0,0,0,0,390948.9176,3132890.229,C,Jamie_Ellis_Citrullus_lanatus_USA_2015C
Jamie_Ellis_Citrullus_lanatus_USA_2015,watermelon_fl_2_50,30.049824,-82.928459,Citrullus lanatus,USA,9.530864198,NA,3.5,0,12183.91799,0,1072715.881,431.3138199,1656610.199,0,0,0,0,390948.9176,3132890.229,C,Jamie_Ellis_Citrullus_lanatus_USA_2015C
Jamie_Ellis_Citrullus_lanatus_USA_2015,watermelon_fl_2_100,30.049824,-82.928459,Citrullus lanatus,USA,7.237777778,NA,3.2,0,12183.91799,0,1072715.881,431.3138199,1656610.199,0,0,0,0,390948.9176,3132890.229,C,Jamie_Ellis_Citrullus_lanatus_USA_2015C
Jamie_Ellis_Citrullus_lanatus_USA_2015,watermelon_fl_7_0,29.868173,-82.928593,Citrullus lanatus,USA,11.49555556,NA,3.15,0,18426.78133,0,1246506.212,0,1792117.266,0,0,0,0,75464.1305,3132514.39,C,Jamie_Ellis_Citrullus_lanatus_USA_2015C
Jamie_Ellis_Citrullus_lanatus_USA_2015,watermelon_fl_7_25,29.868173,-82.928593,Citrullus lanatus,USA,12.05777778,NA,3.35,0,18426.78133,0,1246506.212,0,1792117.266,0,0,0,0,75464.1305,3132514.39,C,Jamie_Ellis_Citrullus_lanatus_USA_2015C
Jamie_Ellis_Citrullus_lanatus_USA_2015,watermelon_fl_7_50,29.868173,-82.928593,Citrullus lanatus,USA,9.444444444,NA,2.85,0,18426.78133,0,1246506.212,0,1792117.266,0,0,0,0,75464.1305,3132514.39,C,Jamie_Ellis_Citrullus_lanatus_USA_2015C
Jamie_Ellis_Citrullus_lanatus_USA_2015,watermelon_fl_7_100,29.868173,-82.928593,Citrullus lanatus,USA,11.68888889,NA,3.6,0,18426.78133,0,1246506.212,0,1792117.266,0,0,0,0,75464.1305,3132514.39,C,Jamie_Ellis_Citrullus_lanatus_USA_2015C
Jamie_Ellis_Citrullus_lanatus_USA_2015,watermelon_fl_8_0,29.6439,-82.904794,Citrullus lanatus,USA,9.483040936,NA,3.263157895,0,12088.28424,0,1394788.554,0,677141.1255,0,0,0,0,1048674.026,3132691.99,C,Jamie_Ellis_Citrullus_lanatus_USA_2015C
Jamie_Ellis_Citrullus_lanatus_USA_2015,watermelon_fl_8_25,29.6439,-82.904794,Citrullus lanatus,USA,8.135555556,NA,3.25,0,12088.28424,0,1394788.554,0,677141.1255,0,0,0,0,1048674.026,3132691.99,C,Jamie_Ellis_Citrullus_lanatus_USA_2015C
Jamie_Ellis_Citrullus_lanatus_USA_2015,watermelon_fl_8_50,29.6439,-82.904794,Citrullus lanatus,USA,9.877777778,NA,3.25,0,12088.28424,0,1394788.554,0,677141.1255,0,0,0,0,1048674.026,3132691.99,C,Jamie_Ellis_Citrullus_lanatus_USA_2015C
Jamie_Ellis_Citrullus_lanatus_USA_2015,watermelon_fl_8_100,29.6439,-82.904794,Citrullus lanatus,USA,7.225730994,NA,2.684210526,0,12088.28424,0,1394788.554,0,677141.1255,0,0,0,0,1048674.026,3132691.99,C,Jamie_Ellis_Citrullus_lanatus_USA_2015C
Jamie_Ellis_Citrullus_lanatus_USA_2015,watermelon_fl_9_0,29.561054,-82.789857,Citrullus lanatus,USA,7.661728395,NA,3.555555556,0,5033.181841,0,1411091.112,0,679766.6449,0,0,0,0,1035677.221,3131568.161,C,Jamie_Ellis_Citrullus_lanatus_USA_2015C
Jamie_Ellis_Citrullus_lanatus_USA_2015,watermelon_fl_9_25,29.561054,-82.789857,Citrullus lanatus,USA,3.055555556,NA,2.05,0,5033.181841,0,1411091.112,0,679766.6449,0,0,0,0,1035677.221,3131568.161,C,Jamie_Ellis_Citrullus_lanatus_USA_2015C
Jamie_Ellis_Citrullus_lanatus_USA_2015,watermelon_fl_9_50,29.561054,-82.789857,Citrullus lanatus,USA,4.149206349,NA,2,0,5033.181841,0,1411091.112,0,679766.6449,0,0,0,0,1035677.221,3131568.161,C,Jamie_Ellis_Citrullus_lanatus_USA_2015C
Jamie_Ellis_Citrullus_lanatus_USA_2015,watermelon_fl_9_100,29.561054,-82.789857,Citrullus lanatus,USA,4.407017544,NA,2.631578947,0,5033.181841,0,1411091.112,0,679766.6449,0,0,0,0,1035677.221,3131568.161,C,Jamie_Ellis_Citrullus_lanatus_USA_2015C
Jamie_Ellis_Citrullus_lanatus_USA_2015,watermelon_fl_11_0,29.626726,-82.87373,Citrullus lanatus,USA,14.90666667,NA,4.65,0,4088.642799,0,589708.275,0,817451.7011,0,0,0,0,1721433.366,3132681.985,C,Jamie_Ellis_Citrullus_lanatus_USA_2015C
Jamie_Ellis_Citrullus_lanatus_USA_2015,watermelon_fl_11_25,29.626726,-82.87373,Citrullus lanatus,USA,7.440935673,NA,2.842105263,0,4088.642799,0,589708.275,0,817451.7011,0,0,0,0,1721433.366,3132681.985,C,Jamie_Ellis_Citrullus_lanatus_USA_2015C
Jamie_Ellis_Citrullus_lanatus_USA_2015,watermelon_fl_11_50,29.626726,-82.87373,Citrullus lanatus,USA,13.75333333,NA,4.75,0,4088.642799,0,589708.275,0,817451.7011,0,0,0,0,1721433.366,3132681.985,C,Jamie_Ellis_Citrullus_lanatus_USA_2015C
Jamie_Ellis_Citrullus_lanatus_USA_2015,watermelon_fl_11_100,29.626726,-82.87373,Citrullus lanatus,USA,10.49111111,NA,3.4,0,4088.642799,0,589708.275,0,817451.7011,0,0,0,0,1721433.366,3132681.985,C,Jamie_Ellis_Citrullus_lanatus_USA_2015C
Jamie_Ellis_Citrullus_lanatus_USA_2015,watermelon_fl_12_0,30.030235,-82.878349,Citrullus lanatus,USA,7.273333333,NA,2.85,0,21440.53946,0,1112372.941,2353.919274,1298798.94,0,0,0,0,697994.9085,3132961.248,C,Jamie_Ellis_Citrullus_lanatus_USA_2015C
Jamie_Ellis_Citrullus_lanatus_USA_2015,watermelon_fl_12_25,30.030235,-82.878349,Citrullus lanatus,USA,10.64327485,NA,3.526315789,0,21440.53946,0,1112372.941,2353.919274,1298798.94,0,0,0,0,697994.9085,3132961.248,C,Jamie_Ellis_Citrullus_lanatus_USA_2015C
Jamie_Ellis_Citrullus_lanatus_USA_2015,watermelon_fl_12_50,30.030235,-82.878349,Citrullus lanatus,USA,7.997660819,NA,2.526315789,0,21440.53946,0,1112372.941,2353.919274,1298798.94,0,0,0,0,697994.9085,3132961.248,C,Jamie_Ellis_Citrullus_lanatus_USA_2015C
Jamie_Ellis_Citrullus_lanatus_USA_2015,watermelon_fl_12_100,30.030235,-82.878349,Citrullus lanatus,USA,9.257777778,NA,2.9,0,21440.53946,0,1112372.941,2353.919274,1298798.94,0,0,0,0,697994.9085,3132961.248,C,Jamie_Ellis_Citrullus_lanatus_USA_2015C
Jamie_Ellis_Citrullus_lanatus_USA_2015,watermelon_fl_13_0,29.912562,-82.883616,Citrullus lanatus,USA,8.210526316,NA,3.368421053,0,30598.30069,0,1450467.135,259.1474991,1259786.891,0,0,0,0,391731.5215,3132842.995,C,Jamie_Ellis_Citrullus_lanatus_USA_2015C
Jamie_Ellis_Citrullus_lanatus_USA_2015,watermelon_fl_13_25,29.912562,-82.883616,Citrullus lanatus,USA,7.268888889,NA,3.15,0,30598.30069,0,1450467.135,259.1474991,1259786.891,0,0,0,0,391731.5215,3132842.995,C,Jamie_Ellis_Citrullus_lanatus_USA_2015C
Jamie_Ellis_Citrullus_lanatus_USA_2015,watermelon_fl_13_50,29.912562,-82.883616,Citrullus lanatus,USA,7.697777778,NA,3.1,0,30598.30069,0,1450467.135,259.1474991,1259786.891,0,0,0,0,391731.5215,3132842.995,C,Jamie_Ellis_Citrullus_lanatus_USA_2015C
Jamie_Ellis_Citrullus_lanatus_USA_2015,watermelon_fl_13_100,29.912562,-82.883616,Citrullus lanatus,USA,8.488888889,NA,2.85,0,30598.30069,0,1450467.135,259.1474991,1259786.891,0,0,0,0,391731.5215,3132842.995,C,Jamie_Ellis_Citrullus_lanatus_USA_2015C
Jamie_Ellis_Vaccinium_corymbosum_USA_2014,blueberry_fl_2_100,29.287336,-82.0745,Vaccinium corymbosum,USA,1.020316206,0.568333333,1.276190476,0.16975913,25515.22579,0,1584063.249,1390.691612,1395989.076,0,0,0,0,125092.0478,3132050.291,C,Jamie_Ellis_Vaccinium_corymbosum_USA_2014C
Jamie_Ellis_Vaccinium_corymbosum_USA_2014,blueberry_fl_2_25,29.287336,-82.0745,Vaccinium corymbosum,USA,0.832291667,0.95,0.633333333,0.058333333,25515.22579,0,1584063.249,1390.691612,1395989.076,0,0,0,0,125092.0478,3132050.291,C,Jamie_Ellis_Vaccinium_corymbosum_USA_2014C
Jamie_Ellis_Vaccinium_corymbosum_USA_2014,blueberry_fl_3_25,28.970794,-82.119725,Vaccinium corymbosum,USA,0.95,0.3,1.111111111,0.052631579,95810.05369,0,1617392.919,1133.238106,1405868.613,0,0,0,0,11940.42167,3132145.245,C,Jamie_Ellis_Vaccinium_corymbosum_USA_2014C
Jamie_Ellis_Vaccinium_corymbosum_USA_2014,blueberry_fl_3_50,28.970794,-82.119725,Vaccinium corymbosum,USA,1.54375,1,0.592592593,0.0625,95810.05369,0,1617392.919,1133.238106,1405868.613,0,0,0,0,11940.42167,3132145.245,C,Jamie_Ellis_Vaccinium_corymbosum_USA_2014C
Jamie_Ellis_Vaccinium_corymbosum_USA_2014,blueberry_fl_4_0,29.749117,-82.143161,Vaccinium corymbosum,USA,1.316666667,0.466666667,0.375,0.111111111,30871.15686,0,822079.2777,0,2216647.461,0,0,0,951.7260513,62211.69293,3132761.314,C,Jamie_Ellis_Vaccinium_corymbosum_USA_2014C
Jamie_Ellis_Vaccinium_corymbosum_USA_2014,blueberry_fl_4_100,29.749117,-82.143161,Vaccinium corymbosum,USA,0.873333333,0.925,0.820261438,0.0825,30871.15686,0,822079.2777,0,2216647.461,0,0,0,951.7260513,62211.69293,3132761.314,C,Jamie_Ellis_Vaccinium_corymbosum_USA_2014C
Jamie_Ellis_Vaccinium_corymbosum_USA_2014,blueberry_fl_4_25,29.749117,-82.143161,Vaccinium corymbosum,USA,0.973083779,0.616666667,0.490961199,0.082953761,30871.15686,0,822079.2777,0,2216647.461,0,0,0,951.7260513,62211.69293,3132761.314,C,Jamie_Ellis_Vaccinium_corymbosum_USA_2014C
Jamie_Ellis_Vaccinium_corymbosum_USA_2014,blueberry_fl_4_50,29.749117,-82.143161,Vaccinium corymbosum,USA,0.95625,0.711111111,0.249898364,0.081630358,30871.15686,0,822079.2777,0,2216647.461,0,0,0,951.7260513,62211.69293,3132761.314,C,Jamie_Ellis_Vaccinium_corymbosum_USA_2014C
Jamie_Ellis_Vaccinium_corymbosum_USA_2014,blueberry_fl_5_0,29.634463,-82.540105,Vaccinium corymbosum,USA,1.787912088,1.45,1.047619048,0.167832168,14247.84404,0,1257129.271,0,1471829.761,0,0,0,0,389476.5022,3132683.378,C,Jamie_Ellis_Vaccinium_corymbosum_USA_2014C
Jamie_Ellis_Vaccinium_corymbosum_USA_2014,blueberry_fl_5_100,29.634463,-82.540105,Vaccinium corymbosum,USA,0.59,0.3,0.909090909,0.083333333,14247.84404,0,1257129.271,0,1471829.761,0,0,0,0,389476.5022,3132683.378,C,Jamie_Ellis_Vaccinium_corymbosum_USA_2014C
Jamie_Ellis_Vaccinium_corymbosum_USA_2014,blueberry_fl_5_50,29.634463,-82.540105,Vaccinium corymbosum,USA,0.767857143,0.4,1.217391304,0.04,14247.84404,0,1257129.271,0,1471829.761,0,0,0,0,389476.5022,3132683.378,C,Jamie_Ellis_Vaccinium_corymbosum_USA_2014C
Jamie_Ellis_Vaccinium_corymbosum_USA_2014,blueberry_fl_6_100,29.488303,-82.061197,Vaccinium corymbosum,USA,0.745454545,0.8,0.690196078,0.050505051,8776.817849,0,1249884.72,0,1821024.41,38424.91362,0,0,6192.149068,8279.128063,3132582.138,C,Jamie_Ellis_Vaccinium_corymbosum_USA_2014C
Jamie_Ellis_Vaccinium_corymbosum_USA_2014,blueberry_fl_6_25,29.488303,-82.061197,Vaccinium corymbosum,USA,0.924343434,1.3,0.699553571,0.105795348,8776.817849,0,1249884.72,0,1821024.41,38424.91362,0,0,6192.149068,8279.128063,3132582.138,C,Jamie_Ellis_Vaccinium_corymbosum_USA_2014C
Jamie_Ellis_Vaccinium_corymbosum_USA_2014,blueberry_fl_6_50,29.488303,-82.061197,Vaccinium corymbosum,USA,1.017622378,1.116666667,0.633386497,0.161111111,8776.817849,0,1249884.72,0,1821024.41,38424.91362,0,0,6192.149068,8279.128063,3132582.138,C,Jamie_Ellis_Vaccinium_corymbosum_USA_2014C
Jamie_Ellis_Vaccinium_corymbosum_USA_2014,blueberry_fl_8_0,29.488814,-82.085864,Vaccinium corymbosum,USA,1.788888889,0.1,0.692307692,0.055555556,10198.0889,0,985886.0655,0,2104022.231,20818.148,0,0,346.9949036,10322.18813,3131593.716,C,Jamie_Ellis_Vaccinium_corymbosum_USA_2014C
Jamie_Ellis_Vaccinium_corymbosum_USA_2014,blueberry_fl_8_100,29.488814,-82.085864,Vaccinium corymbosum,USA,1.0125,2.5,0.5,0.0625,10198.0889,0,985886.0655,0,2104022.231,20818.148,0,0,346.9949036,10322.18813,3131593.716,C,Jamie_Ellis_Vaccinium_corymbosum_USA_2014C
Jamie_Ellis_Vaccinium_corymbosum_USA_2014,blueberry_fl_9_25,29.590319,-81.865014,Vaccinium corymbosum,USA,1.862698413,0.566666667,0.919346979,0.136834734,20954.90071,0,1238669.305,0,1809769.188,607.3112242,0,0,58322.21203,3986.226196,3132309.143,C,Jamie_Ellis_Vaccinium_corymbosum_USA_2014C
Jamie_Ellis_Vaccinium_corymbosum_USA_2014,blueberry_fl_10_0,29.545528,-82.487475,Vaccinium corymbosum,USA,1.5175,0.342666667,0.41984051,0.274836601,9208.72081,0,1033891.381,0,2037140.414,0,0,0,0,51842.59811,3132083.114,C,Jamie_Ellis_Vaccinium_corymbosum_USA_2014C
Jamie_Ellis_Vaccinium_corymbosum_USA_2014,blueberry_fl_10_100,29.545528,-82.487475,Vaccinium corymbosum,USA,1.51125,0.575,0.690025253,0.206293706,9208.72081,0,1033891.381,0,2037140.414,0,0,0,0,51842.59811,3132083.114,C,Jamie_Ellis_Vaccinium_corymbosum_USA_2014C
Jamie_Ellis_Vaccinium_corymbosum_USA_2014,blueberry_fl_10_25,29.545528,-82.487475,Vaccinium corymbosum,USA,0.72,0.75,0.395833333,0.083333333,9208.72081,0,1033891.381,0,2037140.414,0,0,0,0,51842.59811,3132083.114,C,Jamie_Ellis_Vaccinium_corymbosum_USA_2014C
Jamie_Ellis_Vaccinium_corymbosum_USA_2014,blueberry_fl_10_50,29.545528,-82.487475,Vaccinium corymbosum,USA,1.2,0.84,0.162337662,0.185520362,9208.72081,0,1033891.381,0,2037140.414,0,0,0,0,51842.59811,3132083.114,C,Jamie_Ellis_Vaccinium_corymbosum_USA_2014C
Jamie_Ellis_Vaccinium_corymbosum_USA_2014,blueberry_fl_11_0,29.79095,-82.122758,Vaccinium corymbosum,USA,1.71,0.47,0.666666667,0.833333333,19172.9268,0,1222425.02,0,1850177.979,35221.17779,0,0,0,5794.737579,3132791.842,C,Jamie_Ellis_Vaccinium_corymbosum_USA_2014C
Jamie_Ellis_Vaccinium_corymbosum_USA_2014,blueberry_fl_11_100,29.79095,-82.122758,Vaccinium corymbosum,USA,1.361736695,1.12,0.898164336,0.09218254,19172.9268,0,1222425.02,0,1850177.979,35221.17779,0,0,0,5794.737579,3132791.842,C,Jamie_Ellis_Vaccinium_corymbosum_USA_2014C
Jamie_Ellis_Vaccinium_corymbosum_USA_2014,blueberry_fl_11_25,29.79095,-82.122758,Vaccinium corymbosum,USA,1.79542735,0.775,0.961111111,0.432178932,19172.9268,0,1222425.02,0,1850177.979,35221.17779,0,0,0,5794.737579,3132791.842,C,Jamie_Ellis_Vaccinium_corymbosum_USA_2014C
Jamie_Ellis_Vaccinium_corymbosum_USA_2014,blueberry_fl_11_50,29.79095,-82.122758,Vaccinium corymbosum,USA,2.483549784,0.464646465,0.824242424,0.508333333,19172.9268,0,1222425.02,0,1850177.979,35221.17779,0,0,0,5794.737579,3132791.842,C,Jamie_Ellis_Vaccinium_corymbosum_USA_2014C
Jamie_Ellis_Vaccinium_corymbosum_USA_2014,blueberry_fl_12_0,29.687966,-82.173418,Vaccinium corymbosum,USA,1.364154696,0.826545455,1.086777606,0.420840336,4191.468596,0,673081.6403,0,2454622.464,0,0,0,0,86.57910156,3131982.152,C,Jamie_Ellis_Vaccinium_corymbosum_USA_2014C
Jamie_Ellis_Vaccinium_corymbosum_USA_2014,blueberry_fl_12_100,29.687966,-82.173418,Vaccinium corymbosum,USA,1.242578071,1.027751323,0.877583256,0.353670635,4191.468596,0,673081.6403,0,2454622.464,0,0,0,0,86.57910156,3131982.152,C,Jamie_Ellis_Vaccinium_corymbosum_USA_2014C
Jamie_Ellis_Vaccinium_corymbosum_USA_2014,blueberry_fl_12_25,29.687966,-82.173418,Vaccinium corymbosum,USA,1.122222222,0.338888889,1.066106443,0.22875817,4191.468596,0,673081.6403,0,2454622.464,0,0,0,0,86.57910156,3131982.152,C,Jamie_Ellis_Vaccinium_corymbosum_USA_2014C
Jamie_Ellis_Vaccinium_corymbosum_USA_2014,blueberry_fl_12_50,29.687966,-82.173418,Vaccinium corymbosum,USA,1.675051281,0.324905882,1.407050961,0.443218244,4191.468596,0,673081.6403,0,2454622.464,0,0,0,0,86.57910156,3131982.152,C,Jamie_Ellis_Vaccinium_corymbosum_USA_2014C
Jamie_Ellis_Vaccinium_corymbosum_USA_2015,blueberry_fl_1_0,27.084642,-81.730218,Vaccinium corymbosum,USA,0.605,0.775,0.527777778,0.283333333,5676.080368,0,2348627.658,0,768477.1978,7804.551514,0,0,177.376709,0,3130762.865,C,Jamie_Ellis_Vaccinium_corymbosum_USA_2015C
Jamie_Ellis_Vaccinium_corymbosum_USA_2015,blueberry_fl_1_25,27.084642,-81.730218,Vaccinium corymbosum,USA,1.377777778,1.25,0.75,0.444444444,5676.080368,0,2348627.658,0,768477.1978,7804.551514,0,0,177.376709,0,3130762.865,C,Jamie_Ellis_Vaccinium_corymbosum_USA_2015C
Jamie_Ellis_Vaccinium_corymbosum_USA_2015,blueberry_fl_1_50,27.084642,-81.730218,Vaccinium corymbosum,USA,0.923333333,1,0.544642857,0.154761905,5676.080368,0,2348627.658,0,768477.1978,7804.551514,0,0,177.376709,0,3130762.865,C,Jamie_Ellis_Vaccinium_corymbosum_USA_2015C
Jamie_Ellis_Vaccinium_corymbosum_USA_2015,blueberry_fl_2_0,29.287336,-82.0745,Vaccinium corymbosum,USA,0.684210526,1.8,1.055555556,0.05,25515.22579,0,1584063.249,1390.691612,1395989.076,0,0,0,0,125092.0478,3132050.291,C,Jamie_Ellis_Vaccinium_corymbosum_USA_2015C
Jamie_Ellis_Vaccinium_corymbosum_USA_2015,blueberry_fl_2_100,29.287336,-82.0745,Vaccinium corymbosum,USA,0.623076923,0.383333333,0.684210526,0.315789474,25515.22579,0,1584063.249,1390.691612,1395989.076,0,0,0,0,125092.0478,3132050.291,C,Jamie_Ellis_Vaccinium_corymbosum_USA_2015C
Jamie_Ellis_Vaccinium_corymbosum_USA_2015,blueberry_fl_2_25,29.287336,-82.0745,Vaccinium corymbosum,USA,0.422222222,0.666666667,0.6,0.5,25515.22579,0,1584063.249,1390.691612,1395989.076,0,0,0,0,125092.0478,3132050.291,C,Jamie_Ellis_Vaccinium_corymbosum_USA_2015C
Jamie_Ellis_Vaccinium_corymbosum_USA_2015,blueberry_fl_2_50,29.287336,-82.0745,Vaccinium corymbosum,USA,0.175,0.45,0.25,0.125,25515.22579,0,1584063.249,1390.691612,1395989.076,0,0,0,0,125092.0478,3132050.291,C,Jamie_Ellis_Vaccinium_corymbosum_USA_2015C
Jamie_Ellis_Vaccinium_corymbosum_USA_2015,blueberry_fl_6_0,29.488303,-82.061197,Vaccinium corymbosum,USA,1.525,0.8375,0.230263158,0.276315789,8776.817849,0,1249884.72,0,1821024.41,38424.91362,0,0,6192.149068,8279.128063,3132582.138,C,Jamie_Ellis_Vaccinium_corymbosum_USA_2015C
Jamie_Ellis_Vaccinium_corymbosum_USA_2015,blueberry_fl_6_100,29.488303,-82.061197,Vaccinium corymbosum,USA,1.88,1.766666667,0.681818182,0.631578947,8776.817849,0,1249884.72,0,1821024.41,38424.91362,0,0,6192.149068,8279.128063,3132582.138,C,Jamie_Ellis_Vaccinium_corymbosum_USA_2015C
Jamie_Ellis_Vaccinium_corymbosum_USA_2015,blueberry_fl_6_50,29.488303,-82.061197,Vaccinium corymbosum,USA,1.532323232,1.375,0.712820513,0.106334842,8776.817849,0,1249884.72,0,1821024.41,38424.91362,0,0,6192.149068,8279.128063,3132582.138,C,Jamie_Ellis_Vaccinium_corymbosum_USA_2015C
Jamie_Ellis_Vaccinium_corymbosum_USA_2015,blueberry_fl_8_0,29.488814,-82.085864,Vaccinium corymbosum,USA,0.8,0.7,0.5,0.071428571,10198.0889,0,985886.0655,0,2104022.231,20818.148,0,0,346.9949036,10322.18813,3131593.716,C,Jamie_Ellis_Vaccinium_corymbosum_USA_2015C
Jamie_Ellis_Vaccinium_corymbosum_USA_2015,blueberry_fl_8_100,29.488814,-82.085864,Vaccinium corymbosum,USA,0.775,0.4,0.533333333,0.066666667,10198.0889,0,985886.0655,0,2104022.231,20818.148,0,0,346.9949036,10322.18813,3131593.716,C,Jamie_Ellis_Vaccinium_corymbosum_USA_2015C
Jamie_Ellis_Vaccinium_corymbosum_USA_2015,blueberry_fl_8_25,29.488814,-82.085864,Vaccinium corymbosum,USA,1.315384615,0.4,0.928571429,0.0625,10198.0889,0,985886.0655,0,2104022.231,20818.148,0,0,346.9949036,10322.18813,3131593.716,C,Jamie_Ellis_Vaccinium_corymbosum_USA_2015C
Jamie_Ellis_Vaccinium_corymbosum_USA_2015,blueberry_fl_8_50,29.488814,-82.085864,Vaccinium corymbosum,USA,1.311111111,1.166666667,0.692307692,0.12,10198.0889,0,985886.0655,0,2104022.231,20818.148,0,0,346.9949036,10322.18813,3131593.716,C,Jamie_Ellis_Vaccinium_corymbosum_USA_2015C
Jamie_Ellis_Vaccinium_corymbosum_USA_2015,blueberry_fl_11_100,29.79095,-82.122758,Vaccinium corymbosum,USA,1.2,0.65,0.307692308,0.117647059,19172.9268,0,1222425.02,0,1850177.979,35221.17779,0,0,0,5794.737579,3132791.842,C,Jamie_Ellis_Vaccinium_corymbosum_USA_2015C
Jason_Gibbs_Vaccinium_corymbosum_USA_2013,blueberry_mi_18_0,42.96838,-86.14233,Vaccinium corymbosum,USA,1.041,0.413043478,0.9375,1.095238095,98092.99061,0,1083963.459,7240.592918,1392574.545,511.9579391,0,0,0,560947.3981,3143330.944,D,Jason_Gibbs_Vaccinium_corymbosum_USA_2013D
Jason_Gibbs_Vaccinium_corymbosum_USA_2013,blueberry_mi_18_25,42.96838,-86.14233,Vaccinium corymbosum,USA,0.973722841,0.510966095,0.953502415,0.840403662,98092.99061,0,1083963.459,7240.592918,1392574.545,511.9579391,0,0,0,560947.3981,3143330.944,D,Jason_Gibbs_Vaccinium_corymbosum_USA_2013D
Jason_Gibbs_Vaccinium_corymbosum_USA_2013,blueberry_mi_18_50,42.96838,-86.14233,Vaccinium corymbosum,USA,1.037412152,0.292214452,0.967199248,0.666300366,98092.99061,0,1083963.459,7240.592918,1392574.545,511.9579391,0,0,0,560947.3981,3143330.944,D,Jason_Gibbs_Vaccinium_corymbosum_USA_2013D
Jason_Gibbs_Vaccinium_corymbosum_USA_2013,blueberry_mi_18_100,42.96838,-86.14233,Vaccinium corymbosum,USA,0.897982955,0.704553571,0.882423372,0.74877451,98092.99061,0,1083963.459,7240.592918,1392574.545,511.9579391,0,0,0,560947.3981,3143330.944,D,Jason_Gibbs_Vaccinium_corymbosum_USA_2013D
Jason_Gibbs_Vaccinium_corymbosum_USA_2013,blueberry_mi_19_0,42.482173,-86.027892,Vaccinium corymbosum,USA,1.394537037,0.67412037,0.869514964,0.446212121,15109.1965,0,820149.8545,0,2276434.11,0,0,0,0,30990.65842,3142683.819,D,Jason_Gibbs_Vaccinium_corymbosum_USA_2013D
Jason_Gibbs_Vaccinium_corymbosum_USA_2013,blueberry_mi_19_25,42.482173,-86.027892,Vaccinium corymbosum,USA,0.962868464,0.496601794,0.895172686,0.407422969,15109.1965,0,820149.8545,0,2276434.11,0,0,0,0,30990.65842,3142683.819,D,Jason_Gibbs_Vaccinium_corymbosum_USA_2013D
Jason_Gibbs_Vaccinium_corymbosum_USA_2013,blueberry_mi_19_50,42.482173,-86.027892,Vaccinium corymbosum,USA,0.948627468,0.926686508,0.852284427,0.239751553,15109.1965,0,820149.8545,0,2276434.11,0,0,0,0,30990.65842,3142683.819,D,Jason_Gibbs_Vaccinium_corymbosum_USA_2013D
Jason_Gibbs_Vaccinium_corymbosum_USA_2013,blueberry_mi_19_100,42.482173,-86.027892,Vaccinium corymbosum,USA,1.262664616,0.398539683,0.785,0.429473304,15109.1965,0,820149.8545,0,2276434.11,0,0,0,0,30990.65842,3142683.819,D,Jason_Gibbs_Vaccinium_corymbosum_USA_2013D
Jason_Gibbs_Vaccinium_corymbosum_USA_2013,blueberry_mi_20_0,42.34054,-86.08188,Vaccinium corymbosum,USA,0.998757937,0.487792023,0.91043771,0.843859649,34604.8172,0,526167.6308,2312.532751,2160713.176,118.4647596,0,0,0,418920.478,3142837.1,D,Jason_Gibbs_Vaccinium_corymbosum_USA_2013D
Jason_Gibbs_Vaccinium_corymbosum_USA_2013,blueberry_mi_20_25,42.34054,-86.08188,Vaccinium corymbosum,USA,0.961446803,0.411411111,0.855882353,0.766893285,34604.8172,0,526167.6308,2312.532751,2160713.176,118.4647596,0,0,0,418920.478,3142837.1,D,Jason_Gibbs_Vaccinium_corymbosum_USA_2013D
Jason_Gibbs_Vaccinium_corymbosum_USA_2013,blueberry_mi_20_50,42.34054,-86.08188,Vaccinium corymbosum,USA,1.065491453,0.782241379,1.029411765,0.853679654,34604.8172,0,526167.6308,2312.532751,2160713.176,118.4647596,0,0,0,418920.478,3142837.1,D,Jason_Gibbs_Vaccinium_corymbosum_USA_2013D
Jason_Gibbs_Vaccinium_corymbosum_USA_2013,blueberry_mi_20_100,42.34054,-86.08188,Vaccinium corymbosum,USA,1.333333333,0.551217949,0.733201581,0.411458333,34604.8172,0,526167.6308,2312.532751,2160713.176,118.4647596,0,0,0,418920.478,3142837.1,D,Jason_Gibbs_Vaccinium_corymbosum_USA_2013D
Jason_Gibbs_Vaccinium_corymbosum_USA_2013,blueberry_mi_22_0,42.8885,-86.1537,Vaccinium corymbosum,USA,1.011950192,0.488049383,0.864824718,0.566080156,77440.23448,0,585049.1082,3441.728714,2472800.846,3661.493736,0,0,0,874.6717373,3143268.083,D,Jason_Gibbs_Vaccinium_corymbosum_USA_2013D
Jason_Gibbs_Vaccinium_corymbosum_USA_2013,blueberry_mi_22_25,42.8885,-86.1537,Vaccinium corymbosum,USA,0.931930556,0.525122807,0.678835979,0.528732906,77440.23448,0,585049.1082,3441.728714,2472800.846,3661.493736,0,0,0,874.6717373,3143268.083,D,Jason_Gibbs_Vaccinium_corymbosum_USA_2013D
Jason_Gibbs_Vaccinium_corymbosum_USA_2013,blueberry_mi_22_50,42.8885,-86.1537,Vaccinium corymbosum,USA,0.886864719,0.4873757,0.800017607,0.776866029,77440.23448,0,585049.1082,3441.728714,2472800.846,3661.493736,0,0,0,874.6717373,3143268.083,D,Jason_Gibbs_Vaccinium_corymbosum_USA_2013D
Jason_Gibbs_Vaccinium_corymbosum_USA_2013,blueberry_mi_22_100,42.8885,-86.1537,Vaccinium corymbosum,USA,0.778321139,0.664532743,0.883201952,0.610294118,77440.23448,0,585049.1082,3441.728714,2472800.846,3661.493736,0,0,0,874.6717373,3143268.083,D,Jason_Gibbs_Vaccinium_corymbosum_USA_2013D
Jason_Gibbs_Vaccinium_corymbosum_USA_2013,blueberry_mi_24_0,42.839,-86.16,Vaccinium corymbosum,USA,0.835984615,0.337264385,0.934886294,0.537116858,270038.3652,0,1649491.242,19055.63906,1063659.41,86466.84645,0,0,0,54306.5311,3143018.034,D,Jason_Gibbs_Vaccinium_corymbosum_USA_2013D
Jason_Gibbs_Vaccinium_corymbosum_USA_2013,blueberry_mi_24_25,42.839,-86.16,Vaccinium corymbosum,USA,0.926799136,0.505762642,1.027493687,0.901628098,270038.3652,0,1649491.242,19055.63906,1063659.41,86466.84645,0,0,0,54306.5311,3143018.034,D,Jason_Gibbs_Vaccinium_corymbosum_USA_2013D
Jason_Gibbs_Vaccinium_corymbosum_USA_2013,blueberry_mi_24_50,42.839,-86.16,Vaccinium corymbosum,USA,0.780635196,0.694927258,0.813889961,0.615128205,270038.3652,0,1649491.242,19055.63906,1063659.41,86466.84645,0,0,0,54306.5311,3143018.034,D,Jason_Gibbs_Vaccinium_corymbosum_USA_2013D
Jason_Gibbs_Vaccinium_corymbosum_USA_2013,blueberry_mi_24_100,42.839,-86.16,Vaccinium corymbosum,USA,0.915780948,0.622808494,0.870125534,0.676934524,270038.3652,0,1649491.242,19055.63906,1063659.41,86466.84645,0,0,0,54306.5311,3143018.034,D,Jason_Gibbs_Vaccinium_corymbosum_USA_2013D
Jason_Gibbs_Vaccinium_corymbosum_USA_2013,blueberry_mi_26_0,42.39426,-86.06989,Vaccinium corymbosum,USA,0.99760323,0.379470551,0.762674825,0.642191142,77333.41043,0,1197307.267,1992.580818,1751266.339,79886.59148,0,0,12695.51468,22406.54647,3142888.25,D,Jason_Gibbs_Vaccinium_corymbosum_USA_2013D
Jason_Gibbs_Vaccinium_corymbosum_USA_2013,blueberry_mi_26_25,42.39426,-86.06989,Vaccinium corymbosum,USA,1.363777056,0.252460317,0.917672414,0.716880342,77333.41043,0,1197307.267,1992.580818,1751266.339,79886.59148,0,0,12695.51468,22406.54647,3142888.25,D,Jason_Gibbs_Vaccinium_corymbosum_USA_2013D
Jason_Gibbs_Vaccinium_corymbosum_USA_2013,blueberry_mi_26_50,42.39426,-86.06989,Vaccinium corymbosum,USA,1.187884224,0.273363215,0.864186508,0.56621722,77333.41043,0,1197307.267,1992.580818,1751266.339,79886.59148,0,0,12695.51468,22406.54647,3142888.25,D,Jason_Gibbs_Vaccinium_corymbosum_USA_2013D
Jason_Gibbs_Vaccinium_corymbosum_USA_2013,blueberry_mi_26_100,42.39426,-86.06989,Vaccinium corymbosum,USA,1.120313283,0.32175,0.833043478,0.117424242,77333.41043,0,1197307.267,1992.580818,1751266.339,79886.59148,0,0,12695.51468,22406.54647,3142888.25,D,Jason_Gibbs_Vaccinium_corymbosum_USA_2013D
Jason_Gibbs_Vaccinium_corymbosum_USA_2013,blueberry_mi_27_0,42.298675,-85.837618,Vaccinium corymbosum,USA,0.726092941,0.537583333,0.853172413,0.150457584,76887.93196,0,809022.9751,1626.175827,1695515.211,0,0,0,0,559365.5097,3142417.803,D,Jason_Gibbs_Vaccinium_corymbosum_USA_2013D
Jason_Gibbs_Vaccinium_corymbosum_USA_2013,blueberry_mi_27_25,42.298675,-85.837618,Vaccinium corymbosum,USA,0.842898589,0.429880952,0.708235773,0.248163143,76887.93196,0,809022.9751,1626.175827,1695515.211,0,0,0,0,559365.5097,3142417.803,D,Jason_Gibbs_Vaccinium_corymbosum_USA_2013D
Jason_Gibbs_Vaccinium_corymbosum_USA_2013,blueberry_mi_27_50,42.298675,-85.837618,Vaccinium corymbosum,USA,0.610867384,0.460833333,0.764093137,0.267354597,76887.93196,0,809022.9751,1626.175827,1695515.211,0,0,0,0,559365.5097,3142417.803,D,Jason_Gibbs_Vaccinium_corymbosum_USA_2013D
Jason_Gibbs_Vaccinium_corymbosum_USA_2013,blueberry_mi_27_100,42.298675,-85.837618,Vaccinium corymbosum,USA,0.551609195,0.354345679,0.960858586,0.399701332,76887.93196,0,809022.9751,1626.175827,1695515.211,0,0,0,0,559365.5097,3142417.803,D,Jason_Gibbs_Vaccinium_corymbosum_USA_2013D
Jason_Gibbs_Vaccinium_corymbosum_USA_2013,blueberry_mi_28_0,42.415244,-86.094885,Vaccinium corymbosum,USA,1.43706586,0.549140351,0.940730838,0.721751337,37973.4861,0,1306415.675,1918.336296,1661519.339,55483.15995,0,0,14460.37352,65126.42797,3142896.798,D,Jason_Gibbs_Vaccinium_corymbosum_USA_2013D
Jason_Gibbs_Vaccinium_corymbosum_USA_2013,blueberry_mi_28_25,42.415244,-86.094885,Vaccinium corymbosum,USA,1.267932127,0.70020202,0.871639785,0.376783626,37973.4861,0,1306415.675,1918.336296,1661519.339,55483.15995,0,0,14460.37352,65126.42797,3142896.798,D,Jason_Gibbs_Vaccinium_corymbosum_USA_2013D
Jason_Gibbs_Vaccinium_corymbosum_USA_2013,blueberry_mi_28_50,42.415244,-86.094885,Vaccinium corymbosum,USA,1.278521635,0.621351068,0.8624871,0.740315315,37973.4861,0,1306415.675,1918.336296,1661519.339,55483.15995,0,0,14460.37352,65126.42797,3142896.798,D,Jason_Gibbs_Vaccinium_corymbosum_USA_2013D
Jason_Gibbs_Vaccinium_corymbosum_USA_2013,blueberry_mi_28_100,42.415244,-86.094885,Vaccinium corymbosum,USA,0.86795977,0.652354054,0.931318681,0.874039939,37973.4861,0,1306415.675,1918.336296,1661519.339,55483.15995,0,0,14460.37352,65126.42797,3142896.798,D,Jason_Gibbs_Vaccinium_corymbosum_USA_2013D
Jason_Gibbs_Vaccinium_corymbosum_USA_2013,blueberry_mi_29_0,42.9491,-86.18277,Vaccinium corymbosum,USA,0.930903604,0.64431116,0.948621554,0.824258226,32537.54449,0,1319060.736,2560.632607,1664077.295,1024.341431,0,0,73.16615295,123931.0515,3143264.767,D,Jason_Gibbs_Vaccinium_corymbosum_USA_2013D
Jason_Gibbs_Vaccinium_corymbosum_USA_2013,blueberry_mi_29_25,42.9491,-86.18277,Vaccinium corymbosum,USA,0.978253742,0.605688095,0.933869949,0.812872024,32537.54449,0,1319060.736,2560.632607,1664077.295,1024.341431,0,0,73.16615295,123931.0515,3143264.767,D,Jason_Gibbs_Vaccinium_corymbosum_USA_2013D
Jason_Gibbs_Vaccinium_corymbosum_USA_2013,blueberry_mi_29_50,42.9491,-86.18277,Vaccinium corymbosum,USA,1.135370758,0.753782112,0.786517344,0.94952381,32537.54449,0,1319060.736,2560.632607,1664077.295,1024.341431,0,0,73.16615295,123931.0515,3143264.767,D,Jason_Gibbs_Vaccinium_corymbosum_USA_2013D
Jason_Gibbs_Vaccinium_corymbosum_USA_2013,blueberry_mi_30_0,42.25579,-85.884616,Vaccinium corymbosum,USA,1.247546027,0.678657531,0.838303731,0.509178459,63161.47399,0,1032558.386,0,1912603.817,0,0,0,73.96593475,133979.2427,3142376.885,D,Jason_Gibbs_Vaccinium_corymbosum_USA_2013D
Jason_Gibbs_Vaccinium_corymbosum_USA_2013,blueberry_mi_30_25,42.25579,-85.884616,Vaccinium corymbosum,USA,0.884180272,0.755811688,0.738095238,0.459188661,63161.47399,0,1032558.386,0,1912603.817,0,0,0,73.96593475,133979.2427,3142376.885,D,Jason_Gibbs_Vaccinium_corymbosum_USA_2013D
Jason_Gibbs_Vaccinium_corymbosum_USA_2013,blueberry_mi_30_50,42.25579,-85.884616,Vaccinium corymbosum,USA,1.108694444,0.675457158,0.827178822,0.777335165,63161.47399,0,1032558.386,0,1912603.817,0,0,0,73.96593475,133979.2427,3142376.885,D,Jason_Gibbs_Vaccinium_corymbosum_USA_2013D
Jason_Gibbs_Vaccinium_corymbosum_USA_2013,blueberry_mi_30_100,42.25579,-85.884616,Vaccinium corymbosum,USA,1.178628205,0.615253268,0.699675803,0.57350235,63161.47399,0,1032558.386,0,1912603.817,0,0,0,73.96593475,133979.2427,3142376.885,D,Jason_Gibbs_Vaccinium_corymbosum_USA_2013D
Jason_Gibbs_Vaccinium_corymbosum_USA_2013,blueberry_mi_32_0,42.357546,-86.098397,Vaccinium corymbosum,USA,0.6825,0.3175,1.043478261,0.105263158,24438.78677,0,965964.5846,1181.400853,2104266.331,623.5433143,0,0,0,46387.16053,3142861.807,D,Jason_Gibbs_Vaccinium_corymbosum_USA_2013D
Jason_Gibbs_Vaccinium_corymbosum_USA_2013,blueberry_mi_32_25,42.357546,-86.098397,Vaccinium corymbosum,USA,1.08796149,0.460672222,0.898809524,0.420454545,24438.78677,0,965964.5846,1181.400853,2104266.331,623.5433143,0,0,0,46387.16053,3142861.807,D,Jason_Gibbs_Vaccinium_corymbosum_USA_2013D
Jason_Gibbs_Vaccinium_corymbosum_USA_2013,blueberry_mi_32_50,42.357546,-86.098397,Vaccinium corymbosum,USA,0.872156433,0.517846491,0.992929607,0.420637464,24438.78677,0,965964.5846,1181.400853,2104266.331,623.5433143,0,0,0,46387.16053,3142861.807,D,Jason_Gibbs_Vaccinium_corymbosum_USA_2013D
Jason_Gibbs_Vaccinium_corymbosum_USA_2013,blueberry_mi_32_100,42.357546,-86.098397,Vaccinium corymbosum,USA,0.451514941,0.291565657,0.849282297,0.63003663,24438.78677,0,965964.5846,1181.400853,2104266.331,623.5433143,0,0,0,46387.16053,3142861.807,D,Jason_Gibbs_Vaccinium_corymbosum_USA_2013D
Jason_Gibbs_Vaccinium_corymbosum_USA_2013,blueberry_mi_33_0,42.400606,-86.126149,Vaccinium corymbosum,USA,1.223615372,0.512954545,0.829161722,0.50573711,44527.20496,0,1683428.44,368.978447,772275.1169,0,0,0,0,641805.2146,3142404.955,D,Jason_Gibbs_Vaccinium_corymbosum_USA_2013D
Jason_Gibbs_Vaccinium_corymbosum_USA_2013,blueberry_mi_33_25,42.400606,-86.126149,Vaccinium corymbosum,USA,1.284681736,0.478888889,0.821568627,0.556489262,44527.20496,0,1683428.44,368.978447,772275.1169,0,0,0,0,641805.2146,3142404.955,D,Jason_Gibbs_Vaccinium_corymbosum_USA_2013D
Jason_Gibbs_Vaccinium_corymbosum_USA_2013,blueberry_mi_33_50,42.400606,-86.126149,Vaccinium corymbosum,USA,1.338065257,1.544775359,0.88909763,0.911127451,44527.20496,0,1683428.44,368.978447,772275.1169,0,0,0,0,641805.2146,3142404.955,D,Jason_Gibbs_Vaccinium_corymbosum_USA_2013D
Jason_Gibbs_Vaccinium_corymbosum_USA_2013,blueberry_mi_33_100,42.400606,-86.126149,Vaccinium corymbosum,USA,1.12977381,0.801212302,0.728891122,0.710210623,44527.20496,0,1683428.44,368.978447,772275.1169,0,0,0,0,641805.2146,3142404.955,D,Jason_Gibbs_Vaccinium_corymbosum_USA_2013D
Jason_Gibbs_Vaccinium_corymbosum_USA_2013,blueberry_mi_34_0,42.38233,-85.914667,Vaccinium corymbosum,USA,1.08017337,0.166592262,0.968572191,0.748335946,20232.07188,0,581933.4384,0,1954038.565,76816.61227,0,0,2579.480894,507057.5603,3142657.729,D,Jason_Gibbs_Vaccinium_corymbosum_USA_2013D
Jason_Gibbs_Vaccinium_corymbosum_USA_2013,blueberry_mi_34_25,42.38233,-85.914667,Vaccinium corymbosum,USA,0.821380213,0.192250281,1.052192982,0.677664109,20232.07188,0,581933.4384,0,1954038.565,76816.61227,0,0,2579.480894,507057.5603,3142657.729,D,Jason_Gibbs_Vaccinium_corymbosum_USA_2013D
Jason_Gibbs_Vaccinium_corymbosum_USA_2013,blueberry_mi_34_50,42.38233,-85.914667,Vaccinium corymbosum,USA,1.140795433,0.22549513,0.92887931,0.315674719,20232.07188,0,581933.4384,0,1954038.565,76816.61227,0,0,2579.480894,507057.5603,3142657.729,D,Jason_Gibbs_Vaccinium_corymbosum_USA_2013D
Jason_Gibbs_Vaccinium_corymbosum_USA_2013,blueberry_mi_34_100,42.38233,-85.914667,Vaccinium corymbosum,USA,0.976097986,0.464018056,0.842127842,0.578407009,20232.07188,0,581933.4384,0,1954038.565,76816.61227,0,0,2579.480894,507057.5603,3142657.729,D,Jason_Gibbs_Vaccinium_corymbosum_USA_2013D
Jason_Gibbs_Vaccinium_corymbosum_USA_2014,blueberry_mi_18_0,42.96838,-86.14233,Vaccinium corymbosum,USA,1.118402458,0.167307692,0.822808215,0.655272693,98092.99061,0,1083963.459,7240.592918,1392574.545,511.9579391,0,0,0,560947.3981,3143330.944,D,Jason_Gibbs_Vaccinium_corymbosum_USA_2014D
Jason_Gibbs_Vaccinium_corymbosum_USA_2014,blueberry_mi_18_25,42.96838,-86.14233,Vaccinium corymbosum,USA,0.935192982,0.365757576,0.951218709,0.402720035,98092.99061,0,1083963.459,7240.592918,1392574.545,511.9579391,0,0,0,560947.3981,3143330.944,D,Jason_Gibbs_Vaccinium_corymbosum_USA_2014D
Jason_Gibbs_Vaccinium_corymbosum_USA_2014,blueberry_mi_18_50,42.96838,-86.14233,Vaccinium corymbosum,USA,0.969074156,0.368552632,0.935897436,0.651054464,98092.99061,0,1083963.459,7240.592918,1392574.545,511.9579391,0,0,0,560947.3981,3143330.944,D,Jason_Gibbs_Vaccinium_corymbosum_USA_2014D
Jason_Gibbs_Vaccinium_corymbosum_USA_2014,blueberry_mi_18_100,42.96838,-86.14233,Vaccinium corymbosum,USA,1.252583333,0.409391026,0.885416667,0.781666667,98092.99061,0,1083963.459,7240.592918,1392574.545,511.9579391,0,0,0,560947.3981,3143330.944,D,Jason_Gibbs_Vaccinium_corymbosum_USA_2014D
Jason_Gibbs_Vaccinium_corymbosum_USA_2014,blueberry_mi_19_0,42.482173,-86.027892,Vaccinium corymbosum,USA,1.794077312,1.085220238,0.58087406,0.567890443,15109.1965,0,820149.8545,0,2276434.11,0,0,0,0,30990.65842,3142683.819,D,Jason_Gibbs_Vaccinium_corymbosum_USA_2014D
Jason_Gibbs_Vaccinium_corymbosum_USA_2014,blueberry_mi_19_25,42.482173,-86.027892,Vaccinium corymbosum,USA,2.466264454,0.927523148,0.903174603,0.70410628,15109.1965,0,820149.8545,0,2276434.11,0,0,0,0,30990.65842,3142683.819,D,Jason_Gibbs_Vaccinium_corymbosum_USA_2014D
Jason_Gibbs_Vaccinium_corymbosum_USA_2014,blueberry_mi_19_50,42.482173,-86.027892,Vaccinium corymbosum,USA,1.915880952,0.849982216,0.964102564,0.847902098,15109.1965,0,820149.8545,0,2276434.11,0,0,0,0,30990.65842,3142683.819,D,Jason_Gibbs_Vaccinium_corymbosum_USA_2014D
Jason_Gibbs_Vaccinium_corymbosum_USA_2014,blueberry_mi_19_100,42.482173,-86.027892,Vaccinium corymbosum,USA,1.860666667,0.882265143,0.692016317,0.820802005,15109.1965,0,820149.8545,0,2276434.11,0,0,0,0,30990.65842,3142683.819,D,Jason_Gibbs_Vaccinium_corymbosum_USA_2014D
Jason_Gibbs_Vaccinium_corymbosum_USA_2014,blueberry_mi_20_0,42.34054,-86.08188,Vaccinium corymbosum,USA,1.246886364,0.799627451,0.966173362,0.916118421,34604.8172,0,526167.6308,2312.532751,2160713.176,118.4647596,0,0,0,418920.478,3142837.1,D,Jason_Gibbs_Vaccinium_corymbosum_USA_2014D
Jason_Gibbs_Vaccinium_corymbosum_USA_2014,blueberry_mi_20_25,42.34054,-86.08188,Vaccinium corymbosum,USA,0.833870112,0.246102726,0.987373737,0.461453783,34604.8172,0,526167.6308,2312.532751,2160713.176,118.4647596,0,0,0,418920.478,3142837.1,D,Jason_Gibbs_Vaccinium_corymbosum_USA_2014D
Jason_Gibbs_Vaccinium_corymbosum_USA_2014,blueberry_mi_20_50,42.34054,-86.08188,Vaccinium corymbosum,USA,0.751489621,0.19962963,0.595389924,0.423818833,34604.8172,0,526167.6308,2312.532751,2160713.176,118.4647596,0,0,0,418920.478,3142837.1,D,Jason_Gibbs_Vaccinium_corymbosum_USA_2014D
Jason_Gibbs_Vaccinium_corymbosum_USA_2014,blueberry_mi_20_100,42.34054,-86.08188,Vaccinium corymbosum,USA,0.706595946,0.520613553,0.940795012,0.420843401,34604.8172,0,526167.6308,2312.532751,2160713.176,118.4647596,0,0,0,418920.478,3142837.1,D,Jason_Gibbs_Vaccinium_corymbosum_USA_2014D
Jason_Gibbs_Vaccinium_corymbosum_USA_2014,blueberry_mi_22_0,42.8885,-86.1537,Vaccinium corymbosum,USA,1.348011209,0.73765873,1.047452547,0.750757576,77440.23448,0,585049.1082,3441.728714,2472800.846,3661.493736,0,0,0,874.6717373,3143268.083,D,Jason_Gibbs_Vaccinium_corymbosum_USA_2014D
Jason_Gibbs_Vaccinium_corymbosum_USA_2014,blueberry_mi_22_25,42.8885,-86.1537,Vaccinium corymbosum,USA,1.416854167,0.842132937,0.993548387,0.722359877,77440.23448,0,585049.1082,3441.728714,2472800.846,3661.493736,0,0,0,874.6717373,3143268.083,D,Jason_Gibbs_Vaccinium_corymbosum_USA_2014D
Jason_Gibbs_Vaccinium_corymbosum_USA_2014,blueberry_mi_22_50,42.8885,-86.1537,Vaccinium corymbosum,USA,0.895662768,0.661498316,0.889919604,0.847619048,77440.23448,0,585049.1082,3441.728714,2472800.846,3661.493736,0,0,0,874.6717373,3143268.083,D,Jason_Gibbs_Vaccinium_corymbosum_USA_2014D
Jason_Gibbs_Vaccinium_corymbosum_USA_2014,blueberry_mi_22_100,42.8885,-86.1537,Vaccinium corymbosum,USA,0.864073864,0.495012626,0.76152316,0.790022716,77440.23448,0,585049.1082,3441.728714,2472800.846,3661.493736,0,0,0,874.6717373,3143268.083,D,Jason_Gibbs_Vaccinium_corymbosum_USA_2014D
Jason_Gibbs_Vaccinium_corymbosum_USA_2014,blueberry_mi_24_0,42.839,-86.16,Vaccinium corymbosum,USA,0.912091503,0.259018379,0.743386243,0.873099415,270038.3652,0,1649491.242,19055.63906,1063659.41,86466.84645,0,0,0,54306.5311,3143018.034,D,Jason_Gibbs_Vaccinium_corymbosum_USA_2014D
Jason_Gibbs_Vaccinium_corymbosum_USA_2014,blueberry_mi_24_25,42.839,-86.16,Vaccinium corymbosum,USA,0.818816239,0.645784625,1.011904762,1.111111111,270038.3652,0,1649491.242,19055.63906,1063659.41,86466.84645,0,0,0,54306.5311,3143018.034,D,Jason_Gibbs_Vaccinium_corymbosum_USA_2014D
Jason_Gibbs_Vaccinium_corymbosum_USA_2014,blueberry_mi_24_50,42.839,-86.16,Vaccinium corymbosum,USA,1.23645902,0.307797619,0.902875112,0.616425241,270038.3652,0,1649491.242,19055.63906,1063659.41,86466.84645,0,0,0,54306.5311,3143018.034,D,Jason_Gibbs_Vaccinium_corymbosum_USA_2014D
Jason_Gibbs_Vaccinium_corymbosum_USA_2014,blueberry_mi_24_100,42.839,-86.16,Vaccinium corymbosum,USA,1.087826765,0.508320585,0.862405303,0.917142857,270038.3652,0,1649491.242,19055.63906,1063659.41,86466.84645,0,0,0,54306.5311,3143018.034,D,Jason_Gibbs_Vaccinium_corymbosum_USA_2014D
Jason_Gibbs_Vaccinium_corymbosum_USA_2014,blueberry_mi_26_0,42.39426,-86.06989,Vaccinium corymbosum,USA,1.249886364,0.698585859,0.841503268,0.615384615,77333.41043,0,1197307.267,1992.580818,1751266.339,79886.59148,0,0,12695.51468,22406.54647,3142888.25,D,Jason_Gibbs_Vaccinium_corymbosum_USA_2014D
Jason_Gibbs_Vaccinium_corymbosum_USA_2014,blueberry_mi_26_25,42.39426,-86.06989,Vaccinium corymbosum,USA,1.24489491,0.321988636,0.838068182,0.447474362,77333.41043,0,1197307.267,1992.580818,1751266.339,79886.59148,0,0,12695.51468,22406.54647,3142888.25,D,Jason_Gibbs_Vaccinium_corymbosum_USA_2014D
Jason_Gibbs_Vaccinium_corymbosum_USA_2014,blueberry_mi_26_50,42.39426,-86.06989,Vaccinium corymbosum,USA,1.130770833,0.293861111,0.868055556,0.827838828,77333.41043,0,1197307.267,1992.580818,1751266.339,79886.59148,0,0,12695.51468,22406.54647,3142888.25,D,Jason_Gibbs_Vaccinium_corymbosum_USA_2014D
Jason_Gibbs_Vaccinium_corymbosum_USA_2014,blueberry_mi_26_100,42.39426,-86.06989,Vaccinium corymbosum,USA,1.149605263,0.350636364,0.863043478,0.770833333,77333.41043,0,1197307.267,1992.580818,1751266.339,79886.59148,0,0,12695.51468,22406.54647,3142888.25,D,Jason_Gibbs_Vaccinium_corymbosum_USA_2014D
Jason_Gibbs_Vaccinium_corymbosum_USA_2014,blueberry_mi_27_0,42.298675,-85.837618,Vaccinium corymbosum,USA,2.008035714,0.870572567,0.912015078,0.947254902,76887.93196,0,809022.9751,1626.175827,1695515.211,0,0,0,0,559365.5097,3142417.803,D,Jason_Gibbs_Vaccinium_corymbosum_USA_2014D
Jason_Gibbs_Vaccinium_corymbosum_USA_2014,blueberry_mi_27_25,42.298675,-85.837618,Vaccinium corymbosum,USA,0.964665669,0.381168981,1.109760032,0.696060038,76887.93196,0,809022.9751,1626.175827,1695515.211,0,0,0,0,559365.5097,3142417.803,D,Jason_Gibbs_Vaccinium_corymbosum_USA_2014D
Jason_Gibbs_Vaccinium_corymbosum_USA_2014,blueberry_mi_27_50,42.298675,-85.837618,Vaccinium corymbosum,USA,1.140058761,0.336928571,0.791747835,0.607638889,76887.93196,0,809022.9751,1626.175827,1695515.211,0,0,0,0,559365.5097,3142417.803,D,Jason_Gibbs_Vaccinium_corymbosum_USA_2014D
Jason_Gibbs_Vaccinium_corymbosum_USA_2014,blueberry_mi_27_100,42.298675,-85.837618,Vaccinium corymbosum,USA,1.321463948,0.422742965,0.855059524,0.517829821,76887.93196,0,809022.9751,1626.175827,1695515.211,0,0,0,0,559365.5097,3142417.803,D,Jason_Gibbs_Vaccinium_corymbosum_USA_2014D
Jason_Gibbs_Vaccinium_corymbosum_USA_2014,blueberry_mi_28_0,42.415244,-86.094885,Vaccinium corymbosum,USA,1.439259259,0.428421053,0.870967742,0.904761905,37973.4861,0,1306415.675,1918.336296,1661519.339,55483.15995,0,0,14460.37352,65126.42797,3142896.798,D,Jason_Gibbs_Vaccinium_corymbosum_USA_2014D
Jason_Gibbs_Vaccinium_corymbosum_USA_2014,blueberry_mi_28_25,42.415244,-86.094885,Vaccinium corymbosum,USA,0.869053571,0.377777778,0.867658276,0.342424242,37973.4861,0,1306415.675,1918.336296,1661519.339,55483.15995,0,0,14460.37352,65126.42797,3142896.798,D,Jason_Gibbs_Vaccinium_corymbosum_USA_2014D
Jason_Gibbs_Vaccinium_corymbosum_USA_2014,blueberry_mi_28_50,42.415244,-86.094885,Vaccinium corymbosum,USA,0.92568254,0.300222222,1.07345191,0.281954887,37973.4861,0,1306415.675,1918.336296,1661519.339,55483.15995,0,0,14460.37352,65126.42797,3142896.798,D,Jason_Gibbs_Vaccinium_corymbosum_USA_2014D
Jason_Gibbs_Vaccinium_corymbosum_USA_2014,blueberry_mi_28_100,42.415244,-86.094885,Vaccinium corymbosum,USA,0.856765432,0.320740741,0.946085165,0.317434716,37973.4861,0,1306415.675,1918.336296,1661519.339,55483.15995,0,0,14460.37352,65126.42797,3142896.798,D,Jason_Gibbs_Vaccinium_corymbosum_USA_2014D
Jason_Gibbs_Vaccinium_corymbosum_USA_2014,blueberry_mi_29_0,42.9491,-86.18277,Vaccinium corymbosum,USA,0.870611111,0.410654762,0.763924398,0.439618912,32537.54449,0,1319060.736,2560.632607,1664077.295,1024.341431,0,0,73.16615295,123931.0515,3143264.767,D,Jason_Gibbs_Vaccinium_corymbosum_USA_2014D
Jason_Gibbs_Vaccinium_corymbosum_USA_2014,blueberry_mi_29_25,42.9491,-86.18277,Vaccinium corymbosum,USA,0.59107619,0.265123626,0.9375,0.911764706,32537.54449,0,1319060.736,2560.632607,1664077.295,1024.341431,0,0,73.16615295,123931.0515,3143264.767,D,Jason_Gibbs_Vaccinium_corymbosum_USA_2014D
Jason_Gibbs_Vaccinium_corymbosum_USA_2014,blueberry_mi_29_50,42.9491,-86.18277,Vaccinium corymbosum,USA,1.293161765,0.343407895,0.976388889,0.569420346,32537.54449,0,1319060.736,2560.632607,1664077.295,1024.341431,0,0,73.16615295,123931.0515,3143264.767,D,Jason_Gibbs_Vaccinium_corymbosum_USA_2014D
Jason_Gibbs_Vaccinium_corymbosum_USA_2014,blueberry_mi_30_0,42.25579,-85.884616,Vaccinium corymbosum,USA,1.31363711,0.112777778,1.034965035,0.580495356,63161.47399,0,1032558.386,0,1912603.817,0,0,0,73.96593475,133979.2427,3142376.885,D,Jason_Gibbs_Vaccinium_corymbosum_USA_2014D
Jason_Gibbs_Vaccinium_corymbosum_USA_2014,blueberry_mi_30_25,42.25579,-85.884616,Vaccinium corymbosum,USA,1.804269231,0.342351916,0.918831169,0.932828283,63161.47399,0,1032558.386,0,1912603.817,0,0,0,73.96593475,133979.2427,3142376.885,D,Jason_Gibbs_Vaccinium_corymbosum_USA_2014D
Jason_Gibbs_Vaccinium_corymbosum_USA_2014,blueberry_mi_30_50,42.25579,-85.884616,Vaccinium corymbosum,USA,1.482477422,0.171851852,0.895980392,0.584919786,63161.47399,0,1032558.386,0,1912603.817,0,0,0,73.96593475,133979.2427,3142376.885,D,Jason_Gibbs_Vaccinium_corymbosum_USA_2014D
Jason_Gibbs_Vaccinium_corymbosum_USA_2014,blueberry_mi_30_100,42.25579,-85.884616,Vaccinium corymbosum,USA,1.286448107,0.289543424,0.906693712,0.704544651,63161.47399,0,1032558.386,0,1912603.817,0,0,0,73.96593475,133979.2427,3142376.885,D,Jason_Gibbs_Vaccinium_corymbosum_USA_2014D
Jason_Gibbs_Vaccinium_corymbosum_USA_2014,blueberry_mi_32_0,42.357546,-86.098397,Vaccinium corymbosum,USA,1.164755639,0.189590909,0.772017837,0.59375,24438.78677,0,965964.5846,1181.400853,2104266.331,623.5433143,0,0,0,46387.16053,3142861.807,D,Jason_Gibbs_Vaccinium_corymbosum_USA_2014D
Jason_Gibbs_Vaccinium_corymbosum_USA_2014,blueberry_mi_32_25,42.357546,-86.098397,Vaccinium corymbosum,USA,0.944117647,0.354827586,1.214285714,0.828571429,24438.78677,0,965964.5846,1181.400853,2104266.331,623.5433143,0,0,0,46387.16053,3142861.807,D,Jason_Gibbs_Vaccinium_corymbosum_USA_2014D
Jason_Gibbs_Vaccinium_corymbosum_USA_2014,blueberry_mi_32_50,42.357546,-86.098397,Vaccinium corymbosum,USA,0.855981818,0.404455128,0.839285714,0.852941176,24438.78677,0,965964.5846,1181.400853,2104266.331,623.5433143,0,0,0,46387.16053,3142861.807,D,Jason_Gibbs_Vaccinium_corymbosum_USA_2014D
Jason_Gibbs_Vaccinium_corymbosum_USA_2014,blueberry_mi_32_100,42.357546,-86.098397,Vaccinium corymbosum,USA,0.8076875,0.088958333,0.905370844,0.649350649,24438.78677,0,965964.5846,1181.400853,2104266.331,623.5433143,0,0,0,46387.16053,3142861.807,D,Jason_Gibbs_Vaccinium_corymbosum_USA_2014D
Jason_Gibbs_Vaccinium_corymbosum_USA_2014,blueberry_mi_33_0,42.400606,-86.126149,Vaccinium corymbosum,USA,0.884573595,0.219722222,1.084076383,0.768270945,44527.20496,0,1683428.44,368.978447,772275.1169,0,0,0,0,641805.2146,3142404.955,D,Jason_Gibbs_Vaccinium_corymbosum_USA_2014D
Jason_Gibbs_Vaccinium_corymbosum_USA_2014,blueberry_mi_33_25,42.400606,-86.126149,Vaccinium corymbosum,USA,0.894412698,0.189745946,0.898120915,0.598877666,44527.20496,0,1683428.44,368.978447,772275.1169,0,0,0,0,641805.2146,3142404.955,D,Jason_Gibbs_Vaccinium_corymbosum_USA_2014D
Jason_Gibbs_Vaccinium_corymbosum_USA_2014,blueberry_mi_33_50,42.400606,-86.126149,Vaccinium corymbosum,USA,0.853278846,0.258654417,0.811574074,0.680996473,44527.20496,0,1683428.44,368.978447,772275.1169,0,0,0,0,641805.2146,3142404.955,D,Jason_Gibbs_Vaccinium_corymbosum_USA_2014D
Jason_Gibbs_Vaccinium_corymbosum_USA_2014,blueberry_mi_33_100,42.400606,-86.126149,Vaccinium corymbosum,USA,0.810422078,0.455714286,0.743055556,0.330687831,44527.20496,0,1683428.44,368.978447,772275.1169,0,0,0,0,641805.2146,3142404.955,D,Jason_Gibbs_Vaccinium_corymbosum_USA_2014D
Jason_Gibbs_Vaccinium_corymbosum_USA_2014,blueberry_mi_34_0,42.38233,-85.914667,Vaccinium corymbosum,USA,0.773405377,0.31409375,0.983803258,0.427112147,20232.07188,0,581933.4384,0,1954038.565,76816.61227,0,0,2579.480894,507057.5603,3142657.729,D,Jason_Gibbs_Vaccinium_corymbosum_USA_2014D
Jason_Gibbs_Vaccinium_corymbosum_USA_2014,blueberry_mi_34_25,42.38233,-85.914667,Vaccinium corymbosum,USA,0.865745421,0.220272727,0.718137255,0.274894084,20232.07188,0,581933.4384,0,1954038.565,76816.61227,0,0,2579.480894,507057.5603,3142657.729,D,Jason_Gibbs_Vaccinium_corymbosum_USA_2014D
Jason_Gibbs_Vaccinium_corymbosum_USA_2014,blueberry_mi_34_50,42.38233,-85.914667,Vaccinium corymbosum,USA,0.837396878,0.495190476,0.94001548,0.460897436,20232.07188,0,581933.4384,0,1954038.565,76816.61227,0,0,2579.480894,507057.5603,3142657.729,D,Jason_Gibbs_Vaccinium_corymbosum_USA_2014D
Jason_Gibbs_Vaccinium_corymbosum_USA_2014,blueberry_mi_34_100,42.38233,-85.914667,Vaccinium corymbosum,USA,0.798577727,0.411534091,0.877486345,0.613304094,20232.07188,0,581933.4384,0,1954038.565,76816.61227,0,0,2579.480894,507057.5603,3142657.729,D,Jason_Gibbs_Vaccinium_corymbosum_USA_2014D
Jason_Gibbs_Vaccinium_corymbosum_USA_2015,blueberry_mi_18_0,42.96838,-86.14233,Vaccinium corymbosum,USA,0.949747379,0.533627946,0.916569201,0.745701058,98092.99061,0,1083963.459,7240.592918,1392574.545,511.9579391,0,0,0,560947.3981,3143330.944,D,Jason_Gibbs_Vaccinium_corymbosum_USA_2015D
Jason_Gibbs_Vaccinium_corymbosum_USA_2015,blueberry_mi_18_25,42.96838,-86.14233,Vaccinium corymbosum,USA,1.065815273,0.464358796,0.9375,0.801551957,98092.99061,0,1083963.459,7240.592918,1392574.545,511.9579391,0,0,0,560947.3981,3143330.944,D,Jason_Gibbs_Vaccinium_corymbosum_USA_2015D
Jason_Gibbs_Vaccinium_corymbosum_USA_2015,blueberry_mi_18_50,42.96838,-86.14233,Vaccinium corymbosum,USA,0.851411712,0.695593434,0.864795322,0.634802019,98092.99061,0,1083963.459,7240.592918,1392574.545,511.9579391,0,0,0,560947.3981,3143330.944,D,Jason_Gibbs_Vaccinium_corymbosum_USA_2015D
Jason_Gibbs_Vaccinium_corymbosum_USA_2015,blueberry_mi_18_100,42.96838,-86.14233,Vaccinium corymbosum,USA,1.165018074,0.500487718,0.925324675,1.010928126,98092.99061,0,1083963.459,7240.592918,1392574.545,511.9579391,0,0,0,560947.3981,3143330.944,D,Jason_Gibbs_Vaccinium_corymbosum_USA_2015D
Jason_Gibbs_Vaccinium_corymbosum_USA_2015,blueberry_mi_19_0,42.482173,-86.027892,Vaccinium corymbosum,USA,1.293461257,0.759027778,0.888528139,0.266321754,15109.1965,0,820149.8545,0,2276434.11,0,0,0,0,30990.65842,3142683.819,D,Jason_Gibbs_Vaccinium_corymbosum_USA_2015D
Jason_Gibbs_Vaccinium_corymbosum_USA_2015,blueberry_mi_19_25,42.482173,-86.027892,Vaccinium corymbosum,USA,1.282136752,0.53234127,0.594444444,0.481844975,15109.1965,0,820149.8545,0,2276434.11,0,0,0,0,30990.65842,3142683.819,D,Jason_Gibbs_Vaccinium_corymbosum_USA_2015D
Jason_Gibbs_Vaccinium_corymbosum_USA_2015,blueberry_mi_19_50,42.482173,-86.027892,Vaccinium corymbosum,USA,0.89375,0.221428571,0.941176471,0.933333333,15109.1965,0,820149.8545,0,2276434.11,0,0,0,0,30990.65842,3142683.819,D,Jason_Gibbs_Vaccinium_corymbosum_USA_2015D
Jason_Gibbs_Vaccinium_corymbosum_USA_2015,blueberry_mi_19_100,42.482173,-86.027892,Vaccinium corymbosum,USA,1.2375,0.366666667,0.615384615,0.315789474,15109.1965,0,820149.8545,0,2276434.11,0,0,0,0,30990.65842,3142683.819,D,Jason_Gibbs_Vaccinium_corymbosum_USA_2015D
Jason_Gibbs_Vaccinium_corymbosum_USA_2015,blueberry_mi_20_0,42.34054,-86.08188,Vaccinium corymbosum,USA,1.823958333,0.504285714,0.695238095,0.442592593,34604.8172,0,526167.6308,2312.532751,2160713.176,118.4647596,0,0,0,418920.478,3142837.1,D,Jason_Gibbs_Vaccinium_corymbosum_USA_2015D
Jason_Gibbs_Vaccinium_corymbosum_USA_2015,blueberry_mi_20_25,42.34054,-86.08188,Vaccinium corymbosum,USA,1.13083779,0.721468829,0.709407928,0.625089606,34604.8172,0,526167.6308,2312.532751,2160713.176,118.4647596,0,0,0,418920.478,3142837.1,D,Jason_Gibbs_Vaccinium_corymbosum_USA_2015D
Jason_Gibbs_Vaccinium_corymbosum_USA_2015,blueberry_mi_20_50,42.34054,-86.08188,Vaccinium corymbosum,USA,1.134782609,0.4125,1.095238095,0.355555556,34604.8172,0,526167.6308,2312.532751,2160713.176,118.4647596,0,0,0,418920.478,3142837.1,D,Jason_Gibbs_Vaccinium_corymbosum_USA_2015D
Jason_Gibbs_Vaccinium_corymbosum_USA_2015,blueberry_mi_20_100,42.34054,-86.08188,Vaccinium corymbosum,USA,1.399964088,0.778796296,0.760779663,0.557912576,34604.8172,0,526167.6308,2312.532751,2160713.176,118.4647596,0,0,0,418920.478,3142837.1,D,Jason_Gibbs_Vaccinium_corymbosum_USA_2015D
Jason_Gibbs_Vaccinium_corymbosum_USA_2015,blueberry_mi_22_0,42.8885,-86.1537,Vaccinium corymbosum,USA,0.659105812,0.241578947,1.806467181,0.409259259,77440.23448,0,585049.1082,3441.728714,2472800.846,3661.493736,0,0,0,874.6717373,3143268.083,D,Jason_Gibbs_Vaccinium_corymbosum_USA_2015D
Jason_Gibbs_Vaccinium_corymbosum_USA_2015,blueberry_mi_22_25,42.8885,-86.1537,Vaccinium corymbosum,USA,0.491671878,0.72218254,0.984814815,0.626475376,77440.23448,0,585049.1082,3441.728714,2472800.846,3661.493736,0,0,0,874.6717373,3143268.083,D,Jason_Gibbs_Vaccinium_corymbosum_USA_2015D
Jason_Gibbs_Vaccinium_corymbosum_USA_2015,blueberry_mi_22_50,42.8885,-86.1537,Vaccinium corymbosum,USA,0.704761905,0.58952381,0.766598916,0.627077077,77440.23448,0,585049.1082,3441.728714,2472800.846,3661.493736,0,0,0,874.6717373,3143268.083,D,Jason_Gibbs_Vaccinium_corymbosum_USA_2015D
Jason_Gibbs_Vaccinium_corymbosum_USA_2015,blueberry_mi_22_100,42.8885,-86.1537,Vaccinium corymbosum,USA,0.515384615,0.519545455,0.854529617,0.874269006,77440.23448,0,585049.1082,3441.728714,2472800.846,3661.493736,0,0,0,874.6717373,3143268.083,D,Jason_Gibbs_Vaccinium_corymbosum_USA_2015D
Jason_Gibbs_Vaccinium_corymbosum_USA_2015,blueberry_mi_24_0,42.839,-86.16,Vaccinium corymbosum,USA,1.030434783,0.710714286,0.92,1,270038.3652,0,1649491.242,19055.63906,1063659.41,86466.84645,0,0,0,54306.5311,3143018.034,D,Jason_Gibbs_Vaccinium_corymbosum_USA_2015D
Jason_Gibbs_Vaccinium_corymbosum_USA_2015,blueberry_mi_24_25,42.839,-86.16,Vaccinium corymbosum,USA,1.248559783,0.858307205,0.740679825,0.887025745,270038.3652,0,1649491.242,19055.63906,1063659.41,86466.84645,0,0,0,54306.5311,3143018.034,D,Jason_Gibbs_Vaccinium_corymbosum_USA_2015D
Jason_Gibbs_Vaccinium_corymbosum_USA_2015,blueberry_mi_24_50,42.839,-86.16,Vaccinium corymbosum,USA,1.007389706,0.921621992,0.620044172,0.509510126,270038.3652,0,1649491.242,19055.63906,1063659.41,86466.84645,0,0,0,54306.5311,3143018.034,D,Jason_Gibbs_Vaccinium_corymbosum_USA_2015D
Jason_Gibbs_Vaccinium_corymbosum_USA_2015,blueberry_mi_24_100,42.839,-86.16,Vaccinium corymbosum,USA,0.967713366,0.474513889,0.733592078,0.595019157,270038.3652,0,1649491.242,19055.63906,1063659.41,86466.84645,0,0,0,54306.5311,3143018.034,D,Jason_Gibbs_Vaccinium_corymbosum_USA_2015D
Jason_Gibbs_Vaccinium_corymbosum_USA_2015,blueberry_mi_26_0,42.39426,-86.06989,Vaccinium corymbosum,USA,2.238888889,0.505,0.857142857,0.769230769,77333.41043,0,1197307.267,1992.580818,1751266.339,79886.59148,0,0,12695.51468,22406.54647,3142888.25,D,Jason_Gibbs_Vaccinium_corymbosum_USA_2015D
Jason_Gibbs_Vaccinium_corymbosum_USA_2015,blueberry_mi_26_25,42.39426,-86.06989,Vaccinium corymbosum,USA,1.587777778,0.643357843,0.606335283,0.801486068,77333.41043,0,1197307.267,1992.580818,1751266.339,79886.59148,0,0,12695.51468,22406.54647,3142888.25,D,Jason_Gibbs_Vaccinium_corymbosum_USA_2015D
Jason_Gibbs_Vaccinium_corymbosum_USA_2015,blueberry_mi_26_50,42.39426,-86.06989,Vaccinium corymbosum,USA,1.555643404,0.647017544,0.907968575,0.569382716,77333.41043,0,1197307.267,1992.580818,1751266.339,79886.59148,0,0,12695.51468,22406.54647,3142888.25,D,Jason_Gibbs_Vaccinium_corymbosum_USA_2015D
Jason_Gibbs_Vaccinium_corymbosum_USA_2015,blueberry_mi_26_100,42.39426,-86.06989,Vaccinium corymbosum,USA,1.39319224,0.873605284,0.771650327,0.691280193,77333.41043,0,1197307.267,1992.580818,1751266.339,79886.59148,0,0,12695.51468,22406.54647,3142888.25,D,Jason_Gibbs_Vaccinium_corymbosum_USA_2015D
Jason_Gibbs_Vaccinium_corymbosum_USA_2015,blueberry_mi_27_0,42.298675,-85.837618,Vaccinium corymbosum,USA,1.313011696,0.5196875,0.779563492,0.404933159,76887.93196,0,809022.9751,1626.175827,1695515.211,0,0,0,0,559365.5097,3142417.803,D,Jason_Gibbs_Vaccinium_corymbosum_USA_2015D
Jason_Gibbs_Vaccinium_corymbosum_USA_2015,blueberry_mi_27_25,42.298675,-85.837618,Vaccinium corymbosum,USA,1.616798728,0.5109375,0.859682964,0.334511316,76887.93196,0,809022.9751,1626.175827,1695515.211,0,0,0,0,559365.5097,3142417.803,D,Jason_Gibbs_Vaccinium_corymbosum_USA_2015D
Jason_Gibbs_Vaccinium_corymbosum_USA_2015,blueberry_mi_27_50,42.298675,-85.837618,Vaccinium corymbosum,USA,1.221327031,0.580113636,0.558905499,0.594146387,76887.93196,0,809022.9751,1626.175827,1695515.211,0,0,0,0,559365.5097,3142417.803,D,Jason_Gibbs_Vaccinium_corymbosum_USA_2015D
Jason_Gibbs_Vaccinium_corymbosum_USA_2015,blueberry_mi_27_100,42.298675,-85.837618,Vaccinium corymbosum,USA,1.832112299,0.901052593,0.764880952,0.545725108,76887.93196,0,809022.9751,1626.175827,1695515.211,0,0,0,0,559365.5097,3142417.803,D,Jason_Gibbs_Vaccinium_corymbosum_USA_2015D
Jason_Gibbs_Vaccinium_corymbosum_USA_2015,blueberry_mi_28_0,42.415244,-86.094885,Vaccinium corymbosum,USA,1.444439793,0.331436423,0.827223494,0.675854037,37973.4861,0,1306415.675,1918.336296,1661519.339,55483.15995,0,0,14460.37352,65126.42797,3142896.798,D,Jason_Gibbs_Vaccinium_corymbosum_USA_2015D
Jason_Gibbs_Vaccinium_corymbosum_USA_2015,blueberry_mi_28_25,42.415244,-86.094885,Vaccinium corymbosum,USA,1.406139971,0.506111111,0.896868687,0.378968254,37973.4861,0,1306415.675,1918.336296,1661519.339,55483.15995,0,0,14460.37352,65126.42797,3142896.798,D,Jason_Gibbs_Vaccinium_corymbosum_USA_2015D
Jason_Gibbs_Vaccinium_corymbosum_USA_2015,blueberry_mi_28_50,42.415244,-86.094885,Vaccinium corymbosum,USA,1.476948052,0.329166667,0.82826087,0.522727273,37973.4861,0,1306415.675,1918.336296,1661519.339,55483.15995,0,0,14460.37352,65126.42797,3142896.798,D,Jason_Gibbs_Vaccinium_corymbosum_USA_2015D
Jason_Gibbs_Vaccinium_corymbosum_USA_2015,blueberry_mi_28_100,42.415244,-86.094885,Vaccinium corymbosum,USA,0.845156695,0.27933635,0.675194661,0.504959393,37973.4861,0,1306415.675,1918.336296,1661519.339,55483.15995,0,0,14460.37352,65126.42797,3142896.798,D,Jason_Gibbs_Vaccinium_corymbosum_USA_2015D
Jason_Gibbs_Vaccinium_corymbosum_USA_2015,blueberry_mi_29_0,42.9491,-86.18277,Vaccinium corymbosum,USA,0.925809524,0.264236111,0.828153153,0.513320659,32537.54449,0,1319060.736,2560.632607,1664077.295,1024.341431,0,0,73.16615295,123931.0515,3143264.767,D,Jason_Gibbs_Vaccinium_corymbosum_USA_2015D
Jason_Gibbs_Vaccinium_corymbosum_USA_2015,blueberry_mi_29_25,42.9491,-86.18277,Vaccinium corymbosum,USA,0.503571429,0.313333333,1,0.909090909,32537.54449,0,1319060.736,2560.632607,1664077.295,1024.341431,0,0,73.16615295,123931.0515,3143264.767,D,Jason_Gibbs_Vaccinium_corymbosum_USA_2015D
Jason_Gibbs_Vaccinium_corymbosum_USA_2015,blueberry_mi_29_50,42.9491,-86.18277,Vaccinium corymbosum,USA,1.189814815,0.839180672,1.036945813,0.791612903,32537.54449,0,1319060.736,2560.632607,1664077.295,1024.341431,0,0,73.16615295,123931.0515,3143264.767,D,Jason_Gibbs_Vaccinium_corymbosum_USA_2015D
Jason_Gibbs_Vaccinium_corymbosum_USA_2015,blueberry_mi_30_0,42.25579,-85.884616,Vaccinium corymbosum,USA,1.835,0.475414462,0.515873016,0.481896462,63161.47399,0,1032558.386,0,1912603.817,0,0,0,73.96593475,133979.2427,3142376.885,D,Jason_Gibbs_Vaccinium_corymbosum_USA_2015D
Jason_Gibbs_Vaccinium_corymbosum_USA_2015,blueberry_mi_30_25,42.25579,-85.884616,Vaccinium corymbosum,USA,1.4,0.29375,0.607142857,0.363636364,63161.47399,0,1032558.386,0,1912603.817,0,0,0,73.96593475,133979.2427,3142376.885,D,Jason_Gibbs_Vaccinium_corymbosum_USA_2015D
Jason_Gibbs_Vaccinium_corymbosum_USA_2015,blueberry_mi_30_50,42.25579,-85.884616,Vaccinium corymbosum,USA,1.664381271,0.716483516,0.815906563,0.61,63161.47399,0,1032558.386,0,1912603.817,0,0,0,73.96593475,133979.2427,3142376.885,D,Jason_Gibbs_Vaccinium_corymbosum_USA_2015D
Jason_Gibbs_Vaccinium_corymbosum_USA_2015,blueberry_mi_30_100,42.25579,-85.884616,Vaccinium corymbosum,USA,1.835294118,0.5,1,0.043478261,63161.47399,0,1032558.386,0,1912603.817,0,0,0,73.96593475,133979.2427,3142376.885,D,Jason_Gibbs_Vaccinium_corymbosum_USA_2015D
Jason_Gibbs_Vaccinium_corymbosum_USA_2015,blueberry_mi_31_0,42.94317,-86.13331,Vaccinium corymbosum,USA,0.892857143,1.266666667,0.823529412,0.136363636,48968.59697,0,1328400.502,19902.75581,1036727.086,54733.9862,0,0,0,654574.445,3143307.372,D,Jason_Gibbs_Vaccinium_corymbosum_USA_2015D
Jason_Gibbs_Vaccinium_corymbosum_USA_2015,blueberry_mi_31_25,42.94317,-86.13331,Vaccinium corymbosum,USA,1.384773746,0.626059626,0.998663102,0.662962963,48968.59697,0,1328400.502,19902.75581,1036727.086,54733.9862,0,0,0,654574.445,3143307.372,D,Jason_Gibbs_Vaccinium_corymbosum_USA_2015D
Jason_Gibbs_Vaccinium_corymbosum_USA_2015,blueberry_mi_31_50,42.94317,-86.13331,Vaccinium corymbosum,USA,1.191597835,0.502272727,0.948051948,0.503226077,48968.59697,0,1328400.502,19902.75581,1036727.086,54733.9862,0,0,0,654574.445,3143307.372,D,Jason_Gibbs_Vaccinium_corymbosum_USA_2015D
Jason_Gibbs_Vaccinium_corymbosum_USA_2015,blueberry_mi_31_100,42.94317,-86.13331,Vaccinium corymbosum,USA,1.207934343,0.445416667,0.848349322,0.415886463,48968.59697,0,1328400.502,19902.75581,1036727.086,54733.9862,0,0,0,654574.445,3143307.372,D,Jason_Gibbs_Vaccinium_corymbosum_USA_2015D
Jason_Gibbs_Vaccinium_corymbosum_USA_2015,blueberry_mi_32_0,42.357546,-86.098397,Vaccinium corymbosum,USA,0.672751323,0.546153846,0.646153846,0.44695122,24438.78677,0,965964.5846,1181.400853,2104266.331,623.5433143,0,0,0,46387.16053,3142861.807,D,Jason_Gibbs_Vaccinium_corymbosum_USA_2015D
Jason_Gibbs_Vaccinium_corymbosum_USA_2015,blueberry_mi_32_25,42.357546,-86.098397,Vaccinium corymbosum,USA,0.942803442,0.405176768,0.789409722,0.307784196,24438.78677,0,965964.5846,1181.400853,2104266.331,623.5433143,0,0,0,46387.16053,3142861.807,D,Jason_Gibbs_Vaccinium_corymbosum_USA_2015D
Jason_Gibbs_Vaccinium_corymbosum_USA_2015,blueberry_mi_32_50,42.357546,-86.098397,Vaccinium corymbosum,USA,1.247486279,0.627164502,0.867617603,0.663892118,24438.78677,0,965964.5846,1181.400853,2104266.331,623.5433143,0,0,0,46387.16053,3142861.807,D,Jason_Gibbs_Vaccinium_corymbosum_USA_2015D
Jason_Gibbs_Vaccinium_corymbosum_USA_2015,blueberry_mi_32_100,42.357546,-86.098397,Vaccinium corymbosum,USA,0.908258929,0.4925,0.915243902,0.551948052,24438.78677,0,965964.5846,1181.400853,2104266.331,623.5433143,0,0,0,46387.16053,3142861.807,D,Jason_Gibbs_Vaccinium_corymbosum_USA_2015D
Jason_Gibbs_Vaccinium_corymbosum_USA_2015,blueberry_mi_33_0,42.400606,-86.126149,Vaccinium corymbosum,USA,0.950930372,0.520119048,1.021276596,0.706896552,44527.20496,0,1683428.44,368.978447,772275.1169,0,0,0,0,641805.2146,3142404.955,D,Jason_Gibbs_Vaccinium_corymbosum_USA_2015D
Jason_Gibbs_Vaccinium_corymbosum_USA_2015,blueberry_mi_33_25,42.400606,-86.126149,Vaccinium corymbosum,USA,1.402262443,0.2825,0.856481481,0.892720307,44527.20496,0,1683428.44,368.978447,772275.1169,0,0,0,0,641805.2146,3142404.955,D,Jason_Gibbs_Vaccinium_corymbosum_USA_2015D
Jason_Gibbs_Vaccinium_corymbosum_USA_2015,blueberry_mi_33_50,42.400606,-86.126149,Vaccinium corymbosum,USA,1.356778432,0.610275689,0.829828471,0.844809095,44527.20496,0,1683428.44,368.978447,772275.1169,0,0,0,0,641805.2146,3142404.955,D,Jason_Gibbs_Vaccinium_corymbosum_USA_2015D
Jason_Gibbs_Vaccinium_corymbosum_USA_2015,blueberry_mi_33_100,42.400606,-86.126149,Vaccinium corymbosum,USA,1.427537879,0.437916667,0.850208333,0.807371381,44527.20496,0,1683428.44,368.978447,772275.1169,0,0,0,0,641805.2146,3142404.955,D,Jason_Gibbs_Vaccinium_corymbosum_USA_2015D
Jason_Gibbs_Vaccinium_corymbosum_USA_2015,blueberry_mi_34_0,42.38233,-85.914667,Vaccinium corymbosum,USA,1.214274322,0.295,0.777880184,0.311781609,20232.07188,0,581933.4384,0,1954038.565,76816.61227,0,0,2579.480894,507057.5603,3142657.729,D,Jason_Gibbs_Vaccinium_corymbosum_USA_2015D
Jason_Gibbs_Vaccinium_corymbosum_USA_2015,blueberry_mi_34_25,42.38233,-85.914667,Vaccinium corymbosum,USA,0.841327313,0.638888889,0.851197665,0.258412698,20232.07188,0,581933.4384,0,1954038.565,76816.61227,0,0,2579.480894,507057.5603,3142657.729,D,Jason_Gibbs_Vaccinium_corymbosum_USA_2015D
Jason_Gibbs_Vaccinium_corymbosum_USA_2015,blueberry_mi_34_50,42.38233,-85.914667,Vaccinium corymbosum,USA,0.873333333,0.451818182,0.897321429,0.358695652,20232.07188,0,581933.4384,0,1954038.565,76816.61227,0,0,2579.480894,507057.5603,3142657.729,D,Jason_Gibbs_Vaccinium_corymbosum_USA_2015D
Jason_Gibbs_Vaccinium_corymbosum_USA_2015,blueberry_mi_34_100,42.38233,-85.914667,Vaccinium corymbosum,USA,1.152173913,0.2125,0.821428571,0.296296296,20232.07188,0,581933.4384,0,1954038.565,76816.61227,0,0,2579.480894,507057.5603,3142657.729,D,Jason_Gibbs_Vaccinium_corymbosum_USA_2015D
Jens_Astrom_Malus_domestica_Norway_2013,Close1,59.41481487,9.000524584,Malus domestica,Norway,27452.125,NA,0,0,40323.05402,0,186547.4331,1786.258163,1244242.675,40581.09183,0,0,1169.701775,1642513.224,3157163.438,D,Jens_Astrom_Malus_domestica_Norway_2013D
Jens_Astrom_Malus_domestica_Norway_2013,Close2,59.42659617,9.10409524,Malus domestica,Norway,22176.25,NA,0,0,62224.39406,0,509974.9617,68055.4281,1608092.773,510.220993,0,0,0,908193.6649,3157051.443,D,Jens_Astrom_Malus_domestica_Norway_2013D
Jens_Astrom_Malus_domestica_Norway_2013,Close3,59.38757437,9.274197891,Malus domestica,Norway,37390,NA,0,0,80353.14614,0,664849.7632,27942.68322,1804357.159,282646.9667,0,0,357.634037,296376.4371,3156883.79,D,Jens_Astrom_Malus_domestica_Norway_2013D
Jens_Astrom_Malus_domestica_Norway_2013,Close4,59.55714119,10.28539063,Malus domestica,Norway,53900,NA,0,0,184044.3597,0,329799.3952,2449.112908,1641405.696,649058.8337,0,0,0,349302.9509,3156060.348,D,Jens_Astrom_Malus_domestica_Norway_2013D
Jens_Astrom_Malus_domestica_Norway_2013,Dist2,59.6541723,9.751090555,Malus domestica,Norway,35840,NA,0,0,21297.69192,0,511900.4044,1216.396244,2020757.98,17791.06165,0,0,1419.376331,582582.9229,3156965.833,D,Jens_Astrom_Malus_domestica_Norway_2013D
Jens_Astrom_Malus_domestica_Norway_2013,Dist3,59.69484169,9.822686294,Malus domestica,Norway,17993.75,NA,0,0,13265.08157,0,418786.8075,556.9629631,1294917.904,1006706.521,0,0,46265.38587,376591.9316,3157090.594,D,Jens_Astrom_Malus_domestica_Norway_2013D
Jens_Astrom_Malus_domestica_Norway_2013,Dist4,59.63585252,9.937774076,Malus domestica,Norway,110156.25,NA,0,0,5477.359581,0,184649.1856,0,1649175.043,1266322.421,0,0,0,50560.48195,3156184.491,D,Jens_Astrom_Malus_domestica_Norway_2013D
Jens_Astrom_Malus_domestica_Norway_2013,Dist5,59.67035355,10.37172966,Malus domestica,Norway,7816.25,NA,0,0,51017.61143,0,281000.0717,962.4716759,1726153.211,1025323.944,0,0,0,72368.90168,3156826.212,D,Jens_Astrom_Malus_domestica_Norway_2013D
Jens_Astrom_Malus_domestica_Norway_2013,Med1,59.42142953,9.163167297,Malus domestica,Norway,11645,NA,0,0,14646.17556,0,495265.6221,1173.866001,1922617.56,0,0,0,51.04603577,723666.1537,3157420.423,D,Jens_Astrom_Malus_domestica_Norway_2013D
Jens_Astrom_Malus_domestica_Norway_2013,Med2,59.38300492,9.203109632,Malus domestica,Norway,31432.5,NA,0,0,72498.25645,0,1227663.619,12107.85959,1198778.638,153193.4817,0,0,7693.123889,485453.7934,3157388.771,D,Jens_Astrom_Malus_domestica_Norway_2013D
Jens_Astrom_Malus_domestica_Norway_2013,Med3,59.4209274,9.280889316,Malus domestica,Norway,29548.75,NA,0,0,27834.3262,0,526866.498,612.4059982,1907326.906,0,0,0,0,694778.5101,3157418.646,D,Jens_Astrom_Malus_domestica_Norway_2013D
Jens_Astrom_Malus_domestica_Norway_2013,Med4,59.72458387,9.865778834,Malus domestica,Norway,25441.25,NA,0,0,264069.3496,0,351490.0294,2058.901589,1288653.645,166078.4821,0,0,0,1084915.524,3157265.931,D,Jens_Astrom_Malus_domestica_Norway_2013D
Jens_Astrom_Malus_domestica_Norway_2013,Med5,59.54183306,10.3177361,Malus domestica,Norway,23970,NA,0,0,30423.14951,0,497438.7408,5627.706312,1410956.152,860374.4568,0,0,11405.2272,340819.7133,3157045.146,D,Jens_Astrom_Malus_domestica_Norway_2013D
Jens_Astrom_Trifolium_pratense_Norway_2013,Green0,59.25338335,10.18623884,Trifolium pratense,Norway,60.825,NA,0,0,26507.13256,0,379837.9288,256.4281654,1682485.203,1077.185776,0,0,0,1066027.001,3156190.879,C,Jens_Astrom_Trifolium_pratense_Norway_2013C
Jens_Astrom_Trifolium_pratense_Norway_2013,Green1,59.61386014,10.20594492,Trifolium pratense,Norway,44.225,NA,0,0,144326.4891,0,275482.9609,152.2343102,941470.4158,0,0,0,0,1795495.87,3156927.97,D,Jens_Astrom_Trifolium_pratense_Norway_2013D
Jens_Astrom_Trifolium_pratense_Norway_2013,Green4,59.65856261,11.1350098,Trifolium pratense,Norway,64.45,NA,0,0,21386.95281,0,227828.7139,202.6999207,1600196.983,0,0,0,0,1307882.003,3157497.353,D,Jens_Astrom_Trifolium_pratense_Norway_2013D
Jens_Astrom_Trifolium_pratense_Norway_2013,Green5,59.4135437,10.14055733,Trifolium pratense,Norway,77.125,NA,0,0,21521.34371,0,404094.742,765.5399361,1896554.776,0,0,0,0,834072.631,3157009.032,C,Jens_Astrom_Trifolium_pratense_Norway_2013C
Jens_Astrom_Trifolium_pratense_Norway_2013,Red1,59.38441676,10.24639996,Trifolium pratense,Norway,72.825,NA,0,0,55574.34816,0,629876.7378,102.1820145,940826.6281,0,0,0,0,1530007.198,3156387.094,C,Jens_Astrom_Trifolium_pratense_Norway_2013C
Jens_Astrom_Trifolium_pratense_Norway_2013,Red2,59.29358205,10.43491588,Trifolium pratense,Norway,71.075,NA,0,0,362847.1663,0,358099.8976,51.22704315,574095.7272,870.9231148,0,0,51.22422409,1861306.604,3157322.769,C,Jens_Astrom_Trifolium_pratense_Norway_2013C
Jens_Astrom_Trifolium_pratense_Norway_2013,Red4,59.459851,10.29326882,Trifolium pratense,Norway,95.65,NA,0,0,82912.39117,0,218580.79,203.9341202,920387.565,0,0,0,0,1935376.199,3157460.879,C,Jens_Astrom_Trifolium_pratense_Norway_2013C
Jens_Astrom_Trifolium_pratense_Norway_2013,Red5,59.6601386,10.80767708,Trifolium pratense,Norway,77.725,NA,0,0,685681.4068,0,252424.0034,4919.162668,1440823.272,0,0,0,0,773526.771,3157374.616,D,Jens_Astrom_Trifolium_pratense_Norway_2013D
Jens_Astrom_Trifolium_pratense_Norway_2014,Black1,59.41223154,9.974578018,Trifolium pratense,Norway,62.05,NA,0,0,17267.77658,0,217286.8579,153.1386528,1816061.633,182445.5142,0,0,13019.73398,910058.7087,3156293.363,D,Jens_Astrom_Trifolium_pratense_Norway_2014D
Jens_Astrom_Trifolium_pratense_Norway_2014,Black2,59.44698335,10.26665638,Trifolium pratense,Norway,82.57768614,NA,0,0,41475.22456,0,384466.9587,458.9990273,1092153.704,1173.028126,0,0,0,1637720.999,3157448.914,C,Jens_Astrom_Trifolium_pratense_Norway_2014C
Jens_Astrom_Trifolium_pratense_Norway_2014,Black4,59.44473075,11.3429075,Trifolium pratense,Norway,70.23278736,NA,0,0,25506.24439,0,115331.1966,0,767677.1788,0,0,0,0,2247669.807,3156184.427,D,Jens_Astrom_Trifolium_pratense_Norway_2014D
Jens_Astrom_Trifolium_pratense_Norway_2014,Black5,59.86528396,9.810981902,Trifolium pratense,Norway,49.26864982,NA,0,0,14468.95696,0,246985.6931,3273.966026,2191335.165,1460.754093,0,0,50.36719513,699071.3097,3156646.212,D,Jens_Astrom_Trifolium_pratense_Norway_2014D
Jens_Astrom_Trifolium_pratense_Norway_2014,Blue1,59.60051383,10.90868917,Trifolium pratense,Norway,62.525,NA,0,0,36341.30595,0,245896.155,3350.297707,1496908.502,0,0,0,50.77737808,1374051.468,3156598.505,D,Jens_Astrom_Trifolium_pratense_Norway_2014D
Jens_Astrom_Trifolium_pratense_Norway_2014,Blue2,59.64555462,11.04743244,Trifolium pratense,Norway,78.825,NA,0,0,10656.27506,0,120339.7353,0,1939235.362,0,0,0,0,1086760.874,3156992.246,D,Jens_Astrom_Trifolium_pratense_Norway_2014D
Jens_Astrom_Trifolium_pratense_Norway_2014,Blue3,59.53348294,9.824106253,Trifolium pratense,Norway,49.25,NA,0,0,12472.16224,0,239420.1079,0,1665000.897,316787.4694,0,0,50.86061859,922588.6249,3156320.122,D,Jens_Astrom_Trifolium_pratense_Norway_2014D
Jens_Astrom_Trifolium_pratense_Norway_2014,Blue4,59.54924779,11.27731044,Trifolium pratense,Norway,72.575,NA,0,0,5130.860969,0,277213.8211,0,1784767.003,152.5165405,0,0,0,1088891.702,3156155.904,D,Jens_Astrom_Trifolium_pratense_Norway_2014D
Jens_Astrom_Trifolium_pratense_Norway_2014,Blue5,59.27660633,10.29126809,Trifolium pratense,Norway,87.025,NA,0,0,82731.88412,0,225844.8703,1076.324337,1627859.192,0,0,0,0,1218545.62,3156057.892,C,Jens_Astrom_Trifolium_pratense_Norway_2014C
Jens_Astrom_Trifolium_pratense_Norway_2014,Green1,59.5572561,10.23196233,Trifolium pratense,Norway,63.8,NA,0,0,138642.8672,0,300097.4265,86159.42571,934588.2399,837598.13,0,0,787.6186954,859644.8292,3157518.537,D,Jens_Astrom_Trifolium_pratense_Norway_2014D
Jens_Astrom_Trifolium_pratense_Norway_2014,Green2,59.30485705,10.08716786,Trifolium pratense,Norway,40.6,NA,0,0,25176.41127,0,588731.6524,358.4443932,2084538.344,8354.180011,0,0,256.0084343,448811.4325,3156226.473,C,Jens_Astrom_Trifolium_pratense_Norway_2014C
Jens_Astrom_Trifolium_pratense_Norway_2014,Green4,59.66027024,11.13236943,Trifolium pratense,Norway,46.1,NA,0,0,17121.91116,0,247125.6997,253.3658333,1658886.972,0,0,0,0,1233168.07,3156556.019,D,Jens_Astrom_Trifolium_pratense_Norway_2014D
Jens_Astrom_Trifolium_pratense_Norway_2014,Green5,59.40529631,10.13417677,Trifolium pratense,Norway,56.275,NA,0,0,18285.50835,0,389708.0224,204.2558098,1814221.356,0,0,0,0,934984.0506,3157403.193,C,Jens_Astrom_Trifolium_pratense_Norway_2014C
Jens_Astrom_Trifolium_pratense_Norway_2014,Green6,59.31689421,10.21764596,Trifolium pratense,Norway,94.25,NA,0,0,5579.89463,0,327948.1233,102.3834381,2812413.673,0,0,0,0,10495.13218,3156539.206,C,Jens_Astrom_Trifolium_pratense_Norway_2014C
Jens_Astrom_Trifolium_pratense_Norway_2014,Red1,59.39394973,10.27643746,Trifolium pratense,Norway,77.5,NA,0,0,20328.26909,0,241324.0843,868.2814293,1970672.465,0,0,0,0,924218.3332,3157411.433,C,Jens_Astrom_Trifolium_pratense_Norway_2014C
Jens_Astrom_Trifolium_pratense_Norway_2014,Red2,59.29428425,10.44136332,Trifolium pratense,Norway,77.45,NA,0,0,154121.2558,0,211271.2595,1178.030624,498407.5162,870.9231148,0,0,51.22422409,2291093.681,3156993.89,C,Jens_Astrom_Trifolium_pratense_Norway_2014C
Jens_Astrom_Trifolium_pratense_Norway_2014,Red3,59.37822643,10.36274132,Trifolium pratense,Norway,100.425,NA,0,0,221796.5703,0,410855.4955,2605.996368,1080080.633,0,0,0,0,1442057.402,3157396.097,C,Jens_Astrom_Trifolium_pratense_Norway_2014C
Jens_Astrom_Trifolium_pratense_Norway_2014,Red4,59.37178909,10.11754568,Trifolium pratense,Norway,35.6,NA,0,0,65945.54263,0,390166.0266,1073.482491,1400938.577,1022.171665,0,0,0,1297864.031,3157009.832,C,Jens_Astrom_Trifolium_pratense_Norway_2014C
Jens_Astrom_Trifolium_pratense_Norway_2014,Red5,59.652614,10.7768393,Trifolium pratense,Norway,127.2,NA,0,0,255133.1264,0,348748.0848,50.69462967,1274634.582,861.8447113,0,0,0,1277471.855,3156900.188,D,Jens_Astrom_Trifolium_pratense_Norway_2014D
Jeroen_Scheper_Brassica_napus_Netherlands_2011,Bussloo,52.19518318,6.13862974,Brassica napus,Netherlands,0,NA,0,0,26427.6208,0,1372310.84,0,1164743.69,50955.20946,0,0,122.7819748,536470.2966,3151030.438,C,Jeroen_Scheper_Brassica_napus_Netherlands_2011C
Jeroen_Scheper_Brassica_napus_Netherlands_2011,Deventer,52.24292139,6.240981534,Brassica napus,Netherlands,0,NA,0,0,248114.497,0,1216530.38,0,1090208.54,1594.538925,0,0,183.9891434,594612.4887,3151244.434,C,Jeroen_Scheper_Brassica_napus_Netherlands_2011C
Jeroen_Scheper_Brassica_napus_Netherlands_2011,Doetinchem,51.96360199,6.396322938,Brassica napus,Netherlands,0,NA,0,0,64107.1633,0,1608006.177,0,492566.9263,493.7475281,0,0,0,985027.8715,3150201.886,C,Jeroen_Scheper_Brassica_napus_Netherlands_2011C
Jeroen_Scheper_Brassica_napus_Netherlands_2011,Gelselaar,52.16619935,6.541264203,Brassica napus,Netherlands,0,NA,0,0,47413.02659,0,1158502.535,0,998615.3636,5651.979317,0,0,0,941159.5009,3151342.406,C,Jeroen_Scheper_Brassica_napus_Netherlands_2011C
Jeroen_Scheper_Brassica_napus_Netherlands_2011,Kloosterhaar,52.51332516,6.688223899,Brassica napus,Netherlands,0,NA,0,0,140588.3766,0,682475.8895,149780.06,483284.5775,355045.1196,0,0,61.4461741,1339960.014,3151195.483,C,Jeroen_Scheper_Brassica_napus_Netherlands_2011C
Jeroen_Scheper_Brassica_napus_Netherlands_2011,Lengel,51.89166091,6.274305188,Brassica napus,Netherlands,0,NA,0,0,58790.46021,0,1784091.565,0,174217.5436,0,0,0,0,1132963.424,3150062.992,C,Jeroen_Scheper_Brassica_napus_Netherlands_2011C
Jeroen_Scheper_Brassica_napus_Netherlands_2011,Lettele,52.28454438,6.250727303,Brassica napus,Netherlands,0,NA,0,0,34632.52017,0,1753468.069,0,661429.274,0,0,0,0,701821.5833,3151351.446,C,Jeroen_Scheper_Brassica_napus_Netherlands_2011C
Jeroen_Scheper_Brassica_napus_Netherlands_2011,Schalkhaar,52.28841983,6.19339534,Brassica napus,Netherlands,0,NA,0,0,29004.61305,0,741157.1806,0,1670055.441,0,0,0,0,711230.6891,3151447.923,C,Jeroen_Scheper_Brassica_napus_Netherlands_2011C
Jeroen_Scheper_Brassica_napus_several_countries_2012,Bussloo,52.19678673,6.140224381,Brassica napus,Netherlands,0,NA,0,0,24996.07182,0,1384915.948,0,1078916.762,50955.20946,0,0,122.7819748,611452.3545,3151359.128,C,Jeroen_Scheper_Brassica_napus_several_countries_2012C
Jeroen_Scheper_Brassica_napus_several_countries_2012,Doetinchem,51.96543124,6.400147783,Brassica napus,Netherlands,0,NA,0,0,72384.57389,0,1560563.219,0,395428.7346,493.7475281,0,0,0,1122084.381,3150954.656,C,Jeroen_Scheper_Brassica_napus_several_countries_2012C
Jeroen_Scheper_Brassica_napus_several_countries_2012,Gelselaar,52.16808413,6.540224273,Brassica napus,Netherlands,0,NA,0,0,67300.16166,0,1205162.916,0,887436.9062,5283.291122,0,0,0,985436.6289,3150619.904,C,Jeroen_Scheper_Brassica_napus_several_countries_2012C
Jeroen_Scheper_Brassica_napus_several_countries_2012,Kloosterhaar,52.51428429,6.702838918,Brassica napus,Germany,0,NA,0,0,151004.5851,0,341913.4574,150396.8336,418656.1047,421022.127,0,0,609.6884117,1667970.702,3151573.498,C,Jeroen_Scheper_Brassica_napus_several_countries_2012C
Jeroen_Scheper_Brassica_napus_several_countries_2012,Lengel,51.89010539,6.275097034,Brassica napus,Netherlands,0,NA,0,0,69117.04487,0,1699943.671,0,168994.3153,0,0,0,0,1213055.523,3151110.554,C,Jeroen_Scheper_Brassica_napus_several_countries_2012C
Jeroen_Scheper_Brassica_napus_several_countries_2012,Schalkhaar,52.28383353,6.190004729,Brassica napus,Netherlands,0,NA,0,0,50504.53685,0,812507.589,0,1544159.474,0,0,0,61.28282928,744181.6951,3151414.578,C,Jeroen_Scheper_Brassica_napus_several_countries_2012C
Jeroen_Scheper_Helianthus_annuus_France_2015,SF1,46.22673329,-0.384503843,Helianthus annuus,France,928.7,726.4,0,0,11796.24053,0,307825.6396,0,23735.59435,0,0,0,0,2802816.678,3146174.153,C,Jeroen_Scheper_Helianthus_annuus_France_2015C
Jeroen_Scheper_Helianthus_annuus_France_2015,SF2,46.24810784,-0.452262182,Helianthus annuus,France,985.1,906.5555556,0,0,40886.04457,0,150927.8588,0,30434.36484,0,0,0,0,2923637.96,3145886.229,C,Jeroen_Scheper_Helianthus_annuus_France_2015C
Jeroen_Scheper_Helianthus_annuus_France_2015,SF3,46.22010091,-0.434668936,Helianthus annuus,France,937.4,756.2,0,0,43038.95081,0,492971.7175,0,127625.1851,0,0,0,0,2482562.228,3146198.082,C,Jeroen_Scheper_Helianthus_annuus_France_2015C
Jeroen_Scheper_Helianthus_annuus_France_2015,SF4,46.20923077,-0.263388059,Helianthus annuus,France,666.6,540.7,0,0,29277.84315,0,312292.0251,0,69540.41867,7373.474968,0,0,0,2727462.154,3145945.916,C,Jeroen_Scheper_Helianthus_annuus_France_2015C
Jeroen_Scheper_Helianthus_annuus_France_2015,SF5,46.2001748,-0.447052474,Helianthus annuus,France,1005.9,844.3,0,0,19174.9531,0,586868.2968,0,127778.1189,5608.053497,0,0,0,2406571.008,3146000.43,C,Jeroen_Scheper_Helianthus_annuus_France_2015C
Jeroen_Scheper_Helianthus_annuus_France_2015,SF6,46.19224932,-0.548884136,Helianthus annuus,France,1195.9,1125.2,0,0,125666.452,0,383931.2947,0,209245.1989,0,0,0,0,2426449.638,3145292.583,C,Jeroen_Scheper_Helianthus_annuus_France_2015C
Jeroen_Scheper_Helianthus_annuus_France_2015,SF7,46.19234213,-0.406442985,Helianthus annuus,France,1015.4,609.8,0,0,80060.3618,0,263984.3649,415.4350204,85476.17158,0,0,0,0,2716226.654,3146162.987,C,Jeroen_Scheper_Helianthus_annuus_France_2015C
Jeroen_Scheper_Helianthus_annuus_France_2015,SF8,46.19117582,-0.441634289,Helianthus annuus,France,948.5,481.4,0,0,7340.413139,0,212468.175,0,299369.6469,0,0,0,0,2626996.482,3146174.717,C,Jeroen_Scheper_Helianthus_annuus_France_2015C
Jeroen_Scheper_Helianthus_annuus_France_2015,SF9,46.19672069,-0.369581642,Helianthus annuus,France,908.7,882.7,0,0,24154.54598,0,236852.3859,0,351254.4014,0,0,0,0,2533908.619,3146169.953,C,Jeroen_Scheper_Helianthus_annuus_France_2015C
Jeroen_Scheper_Helianthus_annuus_France_2015,SF10,46.18987671,-0.524892203,Helianthus annuus,France,991.7,868.6,0,0,63516.65683,0,407417.3499,0,518436.5616,0,0,0,0,2156794.899,3146165.467,C,Jeroen_Scheper_Helianthus_annuus_France_2015C
Jeroen_Scheper_Helianthus_annuus_France_2015,SF11,46.17820158,-0.359667447,Helianthus annuus,France,1253.1,1050.3,0,0,95720.19398,0,230243.4638,0,84953.59104,0,0,0,0,2735239.338,3146156.587,C,Jeroen_Scheper_Helianthus_annuus_France_2015C
Jeroen_Scheper_Helianthus_annuus_France_2015,SF12,46.17905948,-0.300242544,Helianthus annuus,France,851.7,822.1,0,0,34066.87109,0,499742.8447,0,96447.04275,0,0,0,0,2515909.074,3146165.832,C,Jeroen_Scheper_Helianthus_annuus_France_2015C
Jeroen_Scheper_Helianthus_annuus_France_2015,SF13,46.12011943,-0.517321515,Helianthus annuus,France,1324.1,1187.6,0,0,10469.3293,0,83877.14961,693.3314514,193010.2644,0,0,0,0,2857593.647,3145643.722,C,Jeroen_Scheper_Helianthus_annuus_France_2015C
Jeroen_Scheper_Helianthus_annuus_France_2015,SF14,46.19760118,-0.532370932,Helianthus annuus,France,936.6,343.4,0,0,80548.79342,0,357398.916,0,242752.3902,0,0,0,0,2465470.73,3146170.829,C,Jeroen_Scheper_Helianthus_annuus_France_2015C
Jeroen_Scheper_Helianthus_annuus_France_2015,SF15,46.20497232,-0.424540952,Helianthus annuus,France,914.2,819.3,0,0,140263.6141,0,604540.6511,69.235672,212006.2561,692.2869797,0,0,0,2188601.052,3146173.096,C,Jeroen_Scheper_Helianthus_annuus_France_2015C
Jeroen_Scheper_Helianthus_annuus_France_2015,SF16,46.18953624,-0.421987722,Helianthus annuus,France,931.2,765,0,0,129536.7767,0,299737.144,69.235672,552703.5579,0,0,0,0,2164127.853,3146174.567,C,Jeroen_Scheper_Helianthus_annuus_France_2015C
Jeroen_Scheper_Helianthus_annuus_France_2015,SF17,46.19863018,-0.26470846,Helianthus annuus,France,1481.9,1272.6,0,0,22890.75278,0,615773.2308,0,260133.7244,27692.61005,0,0,0,2219688.269,3146178.587,C,Jeroen_Scheper_Helianthus_annuus_France_2015C
Jeroen_Scheper_Helianthus_annuus_France_2015,SF18,46.20111445,-0.360211622,Helianthus annuus,France,981,801.7,0,0,68080.37317,0,347585.084,0,67108.03557,0,0,0,0,2663406.704,3146180.197,C,Jeroen_Scheper_Helianthus_annuus_France_2015C
Jeroen_Scheper_Helianthus_annuus_France_2015,SF19,46.18052486,-0.355248516,Helianthus annuus,France,831.3,793.9,0,0,65893.21311,0,201776.6193,0,65101.06546,0,0,0,0,2813385.926,3146156.824,C,Jeroen_Scheper_Helianthus_annuus_France_2015C
Jeroen_Scheper_Helianthus_annuus_France_2015,SF20,46.15736644,-0.32858674,Helianthus annuus,France,1076.4,902,0,0,32977.55264,0,336206.7771,0,160344.6786,0,0,0,0,2616615.272,3146144.28,C,Jeroen_Scheper_Helianthus_annuus_France_2015C
Jeroen_Scheper_Helianthus_annuus_France_2015,SF21,46.14321539,-0.325365893,Helianthus annuus,France,926.2,743.1,0,0,32155.85115,0,420759.2124,0,135096.8023,0,0,0,0,2558121.188,3146133.054,C,Jeroen_Scheper_Helianthus_annuus_France_2015C
Jeroen_Scheper_Helianthus_annuus_France_2015,SF22,46.24371802,-0.274799484,Helianthus annuus,France,1102.4,762.3,0,0,61501.88464,0,501923.4583,0,54266.32884,0,0,0,0,2527570.766,3145262.438,C,Jeroen_Scheper_Helianthus_annuus_France_2015C
Jeroen_Scheper_Helianthus_annuus_France_2015,SF23,46.23241885,-0.330166612,Helianthus annuus,France,851.7,694.7,0,0,16825.56047,0,486132.497,398.6434826,146773.2181,4013.155739,0,0,0,2492002.18,3146145.255,C,Jeroen_Scheper_Helianthus_annuus_France_2015C
Jeroen_Scheper_Helianthus_annuus_France_2015,SF24,46.1492807,-0.341132391,Helianthus annuus,France,874.2,833.7,0,0,22452.50909,0,187098.5259,0,247947.887,0,0,0,0,2688639.865,3146138.787,C,Jeroen_Scheper_Helianthus_annuus_France_2015C
Jessica_D_Petersen_Cucurbita_pepo_USA_2011,Alpaca,42.844631,-77.11647,Cucurbita pepo,USA,8488.050296,NA,0,0,20248.75047,0,440593.2195,0,1099741.665,0,0,0,0,1582654.677,3143238.312,D,Jessica_D_Petersen_Cucurbita_pepo_USA_2011D
Jessica_D_Petersen_Cucurbita_pepo_USA_2011,Fish,42.98769636,-77.25185175,Cucurbita pepo,USA,2851.492767,NA,0,0,61170.65138,0,451813.4275,0,1647909.413,0,0,0,73.12110138,981812.128,3142778.741,D,Jessica_D_Petersen_Cucurbita_pepo_USA_2011D
Jessica_D_Petersen_Cucurbita_pepo_USA_2011,Gates,42.87052996,-77.05395759,Cucurbita pepo,USA,11221.56369,NA,0,0,49739.69018,0,838985.9712,35258.30168,892861.3467,4907.482109,0,0,0,1321508.196,3143260.987,D,Jessica_D_Petersen_Cucurbita_pepo_USA_2011D
Jessica_D_Petersen_Cucurbita_pepo_USA_2011,GroMoore,43.016384,-77.707413,Cucurbita pepo,USA,5725.843013,NA,0,0,34772.45971,0,1061304.828,365.3811188,1498254.625,0,0,0,0,548660.0433,3143357.337,D,Jessica_D_Petersen_Cucurbita_pepo_USA_2011D
Jessica_D_Petersen_Cucurbita_pepo_USA_2011,HWY251,42.999027,-77.6651,Cucurbita pepo,USA,6385.117386,NA,0,0,229700.3507,0,863948.4086,2485.441994,1263493.488,0,0,0,0,783724.685,3143352.374,D,Jessica_D_Petersen_Cucurbita_pepo_USA_2011D
Jessica_D_Petersen_Cucurbita_pepo_USA_2011,Hz2,42.889801,-77.037331,Cucurbita pepo,USA,4970.273443,NA,0,0,35894.1271,0,528987.423,0,891359.1385,0,0,0,0,1687030.633,3143271.322,D,Jessica_D_Petersen_Cucurbita_pepo_USA_2011D
Jessica_D_Petersen_Cucurbita_pepo_USA_2011,Ma6,42.943081,-77.088692,Cucurbita pepo,USA,5086.399251,NA,0,0,45294.63483,0,289692.5003,0,1014147.126,105299.0157,0,0,73.17594147,1688644.727,3143151.179,D,Jessica_D_Petersen_Cucurbita_pepo_USA_2011D
Jessica_D_Petersen_Cucurbita_pepo_USA_2011,Macs,42.75024351,-77.01251361,Cucurbita pepo,USA,4522.539036,NA,0,0,51358.95213,0,474409.3397,2568.673042,971213.5927,0,0,0,0,1642777.573,3142328.13,D,Jessica_D_Petersen_Cucurbita_pepo_USA_2011D
Jessica_D_Petersen_Cucurbita_pepo_USA_2011,Magog,43.038483,-77.302292,Cucurbita pepo,USA,6140.5017,NA,0,0,28491.20157,0,751096.7321,0,1875555.35,0,0,0,36014.10535,452079.3511,3143236.74,D,Jessica_D_Petersen_Cucurbita_pepo_USA_2011D
Jessica_D_Petersen_Cucurbita_pepo_USA_2011,Mason,43.226223,-77.229378,Cucurbita pepo,USA,4309.124,NA,0,0,119152.5431,0,770434.5256,436.9979324,1246941.66,1675.022751,0,0,3277.307808,1001607.609,3143525.665,D,Jessica_D_Petersen_Cucurbita_pepo_USA_2011D
Jessica_D_Petersen_Cucurbita_pepo_USA_2011,Meadville,42.983925,-76.798355,Cucurbita pepo,USA,4538.72795,NA,0,0,103404.8331,0,754595.6051,0,716496.9547,0,0,0,0,1568512.162,3143009.555,D,Jessica_D_Petersen_Cucurbita_pepo_USA_2011D
Jessica_D_Petersen_Cucurbita_pepo_USA_2011,P10,42.891544,-77.079971,Cucurbita pepo,USA,5320.110785,NA,0,0,48140.0037,0,531615.8356,585.858757,562677.2873,93581.72288,0,0,11496.42203,1895170.187,3143267.317,D,Jessica_D_Petersen_Cucurbita_pepo_USA_2011D
Jessica_D_Petersen_Cucurbita_pepo_USA_2011,P105,42.88076,-77.107567,Cucurbita pepo,USA,7090.581426,NA,0,0,37206.62637,0,567286.6975,0,962996.0644,0,0,0,4833.946579,1570947.2,3143270.535,D,Jessica_D_Petersen_Cucurbita_pepo_USA_2011D
Jessica_D_Petersen_Cucurbita_pepo_USA_2011,P316,42.871185,-77.017548,Cucurbita pepo,USA,5729.706945,NA,0,0,200833.8105,0,932942.7655,1831.250496,1264161.505,0,0,0,0,743487.7676,3143257.099,D,Jessica_D_Petersen_Cucurbita_pepo_USA_2011D
Jessica_D_Petersen_Cucurbita_pepo_USA_2011,P34,42.873226,-77.083344,Cucurbita pepo,USA,6275.845548,NA,0,0,46591.17046,0,350847.8518,1904.654398,590523.0426,2124.24411,0,0,73.23871613,2151192.363,3143256.565,D,Jessica_D_Petersen_Cucurbita_pepo_USA_2011D
Jessica_D_Petersen_Cucurbita_pepo_USA_2011,P382,42.864452,-77.143806,Cucurbita pepo,USA,6035.04156,NA,0,0,57782.47699,0,511315.3214,0,839169.8502,0,0,0,0,1734516.947,3142784.596,D,Jessica_D_Petersen_Cucurbita_pepo_USA_2011D
Jessica_D_Petersen_Cucurbita_pepo_USA_2011,RidgeChapel,43.216312,-77.219727,Cucurbita pepo,USA,5219.936736,NA,0,0,45013.10199,0,578923.9937,0,1728360.85,509.967453,0,0,6702.426659,784053.522,3143563.862,D,Jessica_D_Petersen_Cucurbita_pepo_USA_2011D
Jessica_D_Petersen_Cucurbita_pepo_USA_2011,RN,42.87816168,-77.02844402,Cucurbita pepo,USA,9534.806235,NA,0,0,49155.9136,0,867628.2465,366.2129211,1116093.718,6225.962456,0,0,73.23997498,1103726.567,3143269.861,D,Jessica_D_Petersen_Cucurbita_pepo_USA_2011D
Jessica_D_Petersen_Cucurbita_pepo_USA_2011,RS,42.8659135,-77.02972,Cucurbita pepo,USA,7994.256605,NA,0,0,137445.3572,0,1210027.618,5089.73359,982655.5389,4138.33793,0,0,0,803904.4849,3143261.071,D,Jessica_D_Petersen_Cucurbita_pepo_USA_2011D
Jessica_D_Petersen_Cucurbita_pepo_USA_2011,Tim1,42.91326721,-76.34694904,Cucurbita pepo,USA,4740.0364,NA,0,0,25665.31922,0,395036.1121,219.6091309,1307259.81,0,0,0,3221.15107,1411826.819,3143228.821,D,Jessica_D_Petersen_Cucurbita_pepo_USA_2011D
Jessica_D_Petersen_Cucurbita_pepo_USA_2011,Tim2,42.91737,-76.360817,Cucurbita pepo,USA,4805.80724,NA,0,0,26597.53768,0,369438.6999,146.3931122,1256017.35,0,0,0,3513.336189,1487178.961,3142892.277,D,Jessica_D_Petersen_Cucurbita_pepo_USA_2011D
Jessica_D_Petersen_Cucurbita_pepo_USA_2011,Tim3,42.8992,-76.348801,Cucurbita pepo,USA,7107.333048,NA,0,0,52183.44101,0,309808.1342,0,1114360.114,124830.8068,0,0,4852.518741,1536582.394,3142617.409,D,Jessica_D_Petersen_Cucurbita_pepo_USA_2011D
Jessica_D_Petersen_Cucurbita_pepo_USA_2011,Tomion,42.75912308,-77.10065157,Cucurbita pepo,USA,9149.857824,NA,0,0,47677.4373,0,582812.3772,587.0724945,753279.7825,0,0,0,220.1347885,1758575.35,3143152.154,D,Jessica_D_Petersen_Cucurbita_pepo_USA_2011D
Jessica_D_Petersen_Cucurbita_pepo_USA_2011,Wickham,42.849888,-77.093254,Cucurbita pepo,USA,7027.047264,NA,0,0,60440.21765,0,603976.7075,55401.84714,1029943.703,11840.60238,0,0,0,1381644.008,3143247.086,D,Jessica_D_Petersen_Cucurbita_pepo_USA_2011D
Jessica_Knapp_Cucurbita_pepo_UK_2016,Trenethick01,50.11780099,-5.259692595,Cucurbita pepo,UK,28001.92073,NA,0,0,348105.2491,0,1172025.627,7440.005253,716077.957,0,0,0,0,905038.2248,3148687.063,C,Jessica_Knapp_Cucurbita_pepo_UK_2016C
Jessica_Knapp_Cucurbita_pepo_UK_2016,Pegwedna18,50.14027315,-5.326966444,Cucurbita pepo,UK,28407.06629,NA,0,0,45785.52522,0,827858.9986,0,506944.1731,320.8122406,0,0,0,1768394.159,3149303.668,C,Jessica_Knapp_Cucurbita_pepo_UK_2016C
Jessica_Knapp_Cucurbita_pepo_UK_2016,Tg08,50.15839748,-5.36144872,Cucurbita pepo,UK,20808.59796,NA,0,0,159231.5816,0,1294985.736,64.14583588,585266.5887,0,0,0,0,1110067.235,3149615.287,C,Jessica_Knapp_Cucurbita_pepo_UK_2016C
Jessica_Knapp_Cucurbita_pepo_UK_2016,SPL07,50.17227471,-5.442857422,Cucurbita pepo,UK,31860.75424,NA,0,0,303676.1191,128.2472076,1000623.337,6710.380751,1005321.506,148421.2633,0,0,68577.23778,614859.9232,3148318.015,C,Jessica_Knapp_Cucurbita_pepo_UK_2016C
Jessica_Knapp_Cucurbita_pepo_UK_2016,Gear01,50.19959777,-5.307266489,Cucurbita pepo,UK,26934.7561,NA,0,0,188815.3315,0,1273318.925,2243.180656,1091354.928,0,0,0,0,593338.4329,3149070.798,C,Jessica_Knapp_Cucurbita_pepo_UK_2016C
Jessica_Knapp_Cucurbita_pepo_UK_2016,Wick,52.10375648,-2.039650244,Cucurbita pepo,UK,24226.8962,NA,0,0,98701.87609,0,996692.0222,184.579525,327520.4674,7045.459369,0,0,0,1720608.56,3150752.965,C,Jessica_Knapp_Cucurbita_pepo_UK_2016C
Jessica_Knapp_Cucurbita_pepo_UK_2016,Titton,52.32539329,-2.249907498,Cucurbita pepo,UK,14518.51852,NA,0,0,91032.76342,0,742240.2278,183.6282768,984357.9061,1530.645386,0,0,0,1331525.777,3150870.948,C,Jessica_Knapp_Cucurbita_pepo_UK_2016C
Jessica_Knapp_Cucurbita_pepo_UK_2016,Euximoor64,52.55399501,0.200074247,Cucurbita pepo,UK,18601.18262,NA,0,0,89997.81996,0,441644.7223,60.89973831,121136.652,13154.57686,0,0,7340.114909,2477964.281,3151299.067,C,Jessica_Knapp_Cucurbita_pepo_UK_2016C
Jessica_Knapp_Cucurbita_pepo_UK_2016,Nordelph,52.57421443,0.284507507,Cucurbita pepo,UK,19169.89702,NA,0,0,23985.536,0,357011.6752,2530.474586,51708.30515,0,0,0,0,2715427.415,3150663.406,C,Jessica_Knapp_Cucurbita_pepo_UK_2016C
Johan_Ekroos_Vicia_faba_Sweden_2016,L1763,56.224693,13.002534,Vicia faba,Sweden,0,NA,0,0,15049.57042,0,326874.6287,2285.272415,270016.1697,613.1159286,0,0,0,2539954.465,3154793.222,C,Johan_Ekroos_Vicia_faba_Sweden_2016C
Johan_Ekroos_Vicia_faba_Sweden_2016,L3274,56.306071,12.78962,Vicia faba,Sweden,0,NA,0,0,300590.8632,0,1193549.442,8731.795891,574142.75,72574.65172,0,0,2225.168495,1001637.818,3153452.489,C,Johan_Ekroos_Vicia_faba_Sweden_2016C
Johan_Ekroos_Vicia_faba_Sweden_2016,M1444,55.60066,13.595592,Vicia faba,Sweden,0,NA,0,0,90230.5616,0,1387436.991,226.5474854,805967.4774,2322.288631,0,0,0,867166.3707,3153350.237,C,Johan_Ekroos_Vicia_faba_Sweden_2016C
Johan_Ekroos_Vicia_faba_Sweden_2016,M16814,55.55271,13.971499,Vicia faba,Sweden,0,NA,0,0,279472.4462,0,631601.4332,2608.750465,246431.6964,226.7835846,0,0,0,1993863.885,3154204.995,C,Johan_Ekroos_Vicia_faba_Sweden_2016C
Johan_Ekroos_Vicia_faba_Sweden_2016,M3398,55.387692,13.464477,Vicia faba,Sweden,0,NA,0,0,47363.05076,0,1226630.994,0,314327.8224,56.94413376,0,0,2277.748692,1563111.996,3153768.555,C,Johan_Ekroos_Vicia_faba_Sweden_2016C
Johan_Ekroos_Vicia_faba_Sweden_2016,M3655,55.390799,14.048841,Vicia faba,Sweden,0,NA,0,0,25644.32948,0,1245874.724,4555.013622,97852.08341,556839.7409,0,0,0,1223109.164,3153875.056,C,Johan_Ekroos_Vicia_faba_Sweden_2016C
Johan_Ekroos_Vicia_faba_Sweden_2016,M3801,55.494064,13.895544,Vicia faba,Sweden,0,NA,0,0,39317.94082,0,413001.3203,113.5672531,96967.56289,0,0,0,0,2604721.736,3154122.127,C,Johan_Ekroos_Vicia_faba_Sweden_2016C
Johan_Ekroos_Vicia_faba_Sweden_2016,M5978,55.628619,13.900958,Vicia faba,Sweden,0,NA,0,0,16270.40297,0,1338186.746,0,368843.272,0,0,0,10640.79502,1420328.253,3154269.469,C,Johan_Ekroos_Vicia_faba_Sweden_2016C
Johan_Ekroos_Vicia_faba_Sweden_2016,M5980,55.636669,13.393289,Vicia faba,Sweden,0,NA,0,0,28377.388,0,338653.8176,0,168996.4821,961.7908478,0,0,0,2617307.788,3154297.266,C,Johan_Ekroos_Vicia_faba_Sweden_2016C
Johan_Ekroos_Vicia_faba_Sweden_2016,M6471,55.607351,13.484171,Vicia faba,Sweden,0,NA,0,0,35437.57081,0,1463003.204,1472.222115,1413355.007,0,0,0,0,240975.4243,3154243.428,C,Johan_Ekroos_Vicia_faba_Sweden_2016C
Johan_Ekroos_Vicia_faba_Sweden_2016,M6516,55.473687,13.808316,Vicia faba,Sweden,0,NA,0,0,120912.7825,0,539971.3323,681.8130302,81427.54559,2490.934914,0,0,1728.825269,2406936.803,3154150.037,C,Johan_Ekroos_Vicia_faba_Sweden_2016C
Johan_Ekroos_Vicia_faba_Sweden_2016,M6625,55.885621,13.247477,Vicia faba,Sweden,0,NA,0,0,20079.14281,0,1336806.76,0,383420.8231,843.3059845,0,0,1349.398514,1411835.205,3154334.636,C,Johan_Ekroos_Vicia_faba_Sweden_2016C
Johan_Ekroos_Vicia_faba_Sweden_2016,M7056,55.758217,13.747599,Vicia faba,Sweden,0,NA,0,0,9870.96611,0,1935733.95,56.40950775,419876.5219,0,0,0,0,788856.9352,3154394.783,C,Johan_Ekroos_Vicia_faba_Sweden_2016C
Johan_Ekroos_Vicia_faba_Sweden_2016,M8377,55.900902,13.425308,Vicia faba,Sweden,0,NA,0,0,16972.98862,0,1079322.868,0,768599.7444,261118.2988,0,0,14746.89425,1013088.385,3153849.178,C,Johan_Ekroos_Vicia_faba_Sweden_2016C
Johan_Ekroos_Vicia_faba_Sweden_2016,M8718,55.633519,13.809406,Vicia faba,Sweden,0,NA,0,0,28645.03294,0,1276890.99,0,344937.1556,0,0,0,0,1503821.959,3154295.138,C,Johan_Ekroos_Vicia_faba_Sweden_2016C
Johan_Ekroos_Vicia_faba_Sweden_2016,M8762,55.826514,13.50833,Vicia faba,Sweden,0,NA,0,0,82314.57379,0,969890.7402,35.99193675,545513.2453,4461.631955,0,0,0,1552101.885,3154318.069,C,Johan_Ekroos_Vicia_faba_Sweden_2016C
Juliana_Hipolito_Coffea_arabica_Brazil_2013,C01,-13.48222256,-41.33944321,Coffea arabica,Brazil,1,NA,48,40,477.6312597,1285628.45,310170.2021,2029.99144,1489835.465,0,0,0,579.9835052,34025.04475,3122746.768,A,Juliana_Hipolito_Coffea_arabica_Brazil_2013A
Juliana_Hipolito_Coffea_arabica_Brazil_2013,C02,-13.4841671,-41.31194305,Coffea arabica,Brazil,13,NA,74,50,6959.69313,1166008.129,795619.5799,32292.34867,1067504.44,0,0,0,0,55000.04949,3123384.24,A,Juliana_Hipolito_Coffea_arabica_Brazil_2013A
Juliana_Hipolito_Coffea_arabica_Brazil_2013,C03,-13.43416691,-41.28972244,Coffea arabica,Brazil,7,NA,65,15,80606.63553,1378906.256,879050.7065,13779.3669,755600.0252,0,0,0,5800.817581,9847.093278,3123590.901,A,Juliana_Hipolito_Coffea_arabica_Brazil_2013A
Juliana_Hipolito_Coffea_arabica_Brazil_2013,C04,-13.41250038,-41.27222061,Coffea arabica,Brazil,31,NA,79,40,103505.1538,759936.2759,534221.3695,17307.72614,1701803.376,0,0,0,0,6768.340851,3123542.242,A,Juliana_Hipolito_Coffea_arabica_Brazil_2013A
Juliana_Hipolito_Coffea_arabica_Brazil_2013,C05,-13.3544445,-41.35222244,Coffea arabica,Brazil,49,NA,73,46,0,1050374.26,1272354.787,2770.175646,702338.7672,0,0,0,1181.084072,94489.90656,3123508.981,A,Juliana_Hipolito_Coffea_arabica_Brazil_2013A
Juliana_Hipolito_Coffea_arabica_Brazil_2013,C07,-13.2994442,-41.3488884,Coffea arabica,Brazil,41,NA,70,36,10080.15698,1419674.767,821914.4936,13272.7589,578929.5313,0,0,0,20894.77599,258751.2677,3123517.752,A,Juliana_Hipolito_Coffea_arabica_Brazil_2013A
Juliana_Hipolito_Coffea_arabica_Brazil_2013,C08,-13.29611111,-41.38194275,Coffea arabica,Brazil,8,NA,60,32,0,553754.1111,1940484.187,8125.982056,468448.977,0,0,0,0,152669.6944,3123482.951,A,Juliana_Hipolito_Coffea_arabica_Brazil_2013A
Juliana_Hipolito_Coffea_arabica_Brazil_2013,C09,-13.31916714,-41.32583237,Coffea arabica,Brazil,48,NA,80,32,6559.515831,1000022.115,639764.8843,1160.729897,1463750.974,0,0,0,6347.935655,5900.029099,3123506.183,A,Juliana_Hipolito_Coffea_arabica_Brazil_2013A
Juliana_Hipolito_Coffea_arabica_Brazil_2013,C10,-13.21500015,-41.34666824,Coffea arabica,Brazil,18,NA,65,40,4153.712572,1116750.913,456897.1283,5198.422418,1526189.279,0,0,0,0,14296.78888,3123486.244,A,Juliana_Hipolito_Coffea_arabica_Brazil_2013A
Juliana_Hipolito_Coffea_arabica_Brazil_2013,C11,-13.15194416,-41.45222092,Coffea arabica,Brazil,44,NA,53,30,4355.739426,1024765.449,1050136.337,12970.30502,998979.1295,7220.91544,0,0,3533.209929,21471.15881,3123432.245,A,Juliana_Hipolito_Coffea_arabica_Brazil_2013A
Juliana_Hipolito_Coffea_arabica_Brazil_2013,C12,-13.1538887,-41.4794426,Coffea arabica,Brazil,37,NA,39,37,1645.499001,1184602.3,1173847.16,23811.20386,128544.6994,5130.051514,0,0,0,605889.8226,3123470.737,A,Juliana_Hipolito_Coffea_arabica_Brazil_2013A
Juliana_Hipolito_Coffea_arabica_Brazil_2013,C13,-12.83194447,-41.51139069,Coffea arabica,Brazil,25,NA,54,13,2713.560768,1746919.003,1253531.311,7428.132353,81288.32363,13665.22221,0,0,12889.93194,4431.696983,3122867.182,A,Juliana_Hipolito_Coffea_arabica_Brazil_2013A
Juliana_Hipolito_Coffea_arabica_Brazil_2013,C14,-12.8619442,-41.52277756,Coffea arabica,Brazil,32,NA,59,12,7655.227707,1725191.202,347440.2393,212893,784032.3727,45156.88663,0,0,775.2339935,0,3123144.163,A,Juliana_Hipolito_Coffea_arabica_Brazil_2013A
Juliana_Hipolito_Coffea_arabica_Brazil_2013,C15,-13.13333321,-41.46611023,Coffea arabica,Brazil,33,NA,42,60,96.79925537,787195.1668,597794.5552,3097.554207,919943.7966,6388.730194,0,0,0,808946.8687,3123463.471,A,Juliana_Hipolito_Coffea_arabica_Brazil_2013A
Juliana_Hipolito_Coffea_arabica_Brazil_2013,C17,-13.03833294,-41.42499924,Coffea arabica,Brazil,20,NA,51,52,9102.808243,1211253.048,821640.076,20194.83479,451704.471,0,0,0,7068.86438,602457.6324,3123421.735,A,Juliana_Hipolito_Coffea_arabica_Brazil_2013A
Juliana_Hipolito_Coffea_arabica_Brazil_2013,C18,-13.0583334,-41.41527939,Coffea arabica,Brazil,35,NA,60,10,2082.06268,715664.5581,452975.111,1355.638031,851557.7204,0,0,0,1103.110423,1098681.418,3123419.619,A,Juliana_Hipolito_Coffea_arabica_Brazil_2013A
Juliana_Hipolito_Coffea_arabica_Brazil_2013,C19,-13.24944401,-41.33444595,Coffea arabica,Brazil,45,NA,56,72,387.0282669,681435.0357,428341.6631,3005.055924,2007577.234,0,0,0,96.75743103,2612.36393,3123455.138,A,Juliana_Hipolito_Coffea_arabica_Brazil_2013A
Juliana_Hipolito_Coffea_arabica_Brazil_2013,C20,-13.09777737,-41.45833206,Coffea arabica,Brazil,42,NA,42,40,0,752689.6941,548930.3359,296019.6519,1096034.288,0,0,0,0,429721.3228,3123395.293,A,Juliana_Hipolito_Coffea_arabica_Brazil_2013A
Juliana_Hipolito_Coffea_arabica_Brazil_2013,C21,-13.125,-41.49333191,Coffea arabica,Brazil,50,NA,43,45,4549.733017,1434923.451,1185717.969,1688.888624,267036.6288,0,0,0,0,228908.686,3122825.356,A,Juliana_Hipolito_Coffea_arabica_Brazil_2013A
Juliana_Hipolito_Coffea_arabica_Brazil_2013,O01,-13.50944424,-41.46027756,Coffea arabica,Brazil,1,NA,68,48,5122.654869,2020072.733,634212.0935,9100.251667,454788.0025,0,0,0,0,289.9633331,3123585.699,B,Juliana_Hipolito_Coffea_arabica_Brazil_2013B
Juliana_Hipolito_Coffea_arabica_Brazil_2013,O03,-13.44972229,-41.30472183,Coffea arabica,Brazil,1,NA,62,22,16994.49989,1007037.986,768572.7664,50150.35815,1280511.086,0,0,0,290.0347519,0,3123556.731,A,Juliana_Hipolito_Coffea_arabica_Brazil_2013A
Juliana_Hipolito_Coffea_arabica_Brazil_2013,O04,-13.41388893,-41.3152771,Coffea arabica,Brazil,2,NA,69,64,193.3852921,973771.6538,638693.4076,10564.46068,1500313.081,0,0,0,0,0,3123535.989,A,Juliana_Hipolito_Coffea_arabica_Brazil_2013A
Juliana_Hipolito_Coffea_arabica_Brazil_2013,O06,-13.36805534,-41.33472061,Coffea arabica,Brazil,9,NA,76,56,0,858866.9805,447436.6219,8035.831326,1809177.941,0,0,0,0,0,3123517.375,A,Juliana_Hipolito_Coffea_arabica_Brazil_2013A
Juliana_Hipolito_Coffea_arabica_Brazil_2013,O08,-13.36138916,-41.36000061,Coffea arabica,Brazil,1,NA,48,40,0,1679535.388,1047821.043,5415.805214,388652.3028,0,0,0,0,2127.689173,3123552.228,A,Juliana_Hipolito_Coffea_arabica_Brazil_2013A
Juliana_Hipolito_Coffea_arabica_Brazil_2013,O09,-13.35222244,-41.32110977,Coffea arabica,Brazil,3,NA,52,51,70422.12281,1321250.772,784705.5392,11025.6622,936004.7557,0,0,0,0,96.71256256,3123505.565,A,Juliana_Hipolito_Coffea_arabica_Brazil_2013A
Juliana_Hipolito_Coffea_arabica_Brazil_2013,O11,-13.39194489,-41.29000092,Coffea arabica,Brazil,6,NA,86,34,9206.086457,1077095.891,331907.9265,11217.02972,1694128.271,0,0,0,0,0,3123555.205,A,Juliana_Hipolito_Coffea_arabica_Brazil_2013A
Juliana_Hipolito_Coffea_arabica_Brazil_2013,O12,-13.36138916,-41.29222107,Coffea arabica,Brazil,3,NA,61,40,11134.60761,1515062.715,776990.3028,58579.21406,761780.4577,0,0,0,0,0,3123547.298,A,Juliana_Hipolito_Coffea_arabica_Brazil_2013A
Juliana_Hipolito_Coffea_arabica_Brazil_2013,O14,-13.32166672,-41.29833221,Coffea arabica,Brazil,3,NA,48,44,1354.16507,1279410.714,979263.487,45397.79042,791665.1567,0,0,0,22730.94603,3675.593719,3123497.853,A,Juliana_Hipolito_Coffea_arabica_Brazil_2013A
Juliana_Hipolito_Coffea_arabica_Brazil_2013,O16,-13.13472176,-41.38916779,Coffea arabica,Brazil,2,NA,79,18,9679.751556,1526617.335,600530.8734,7432.765419,979215.1072,0,0,0,0,0,3123475.832,A,Juliana_Hipolito_Coffea_arabica_Brazil_2013A
Juliana_Hipolito_Coffea_arabica_Brazil_2013,O17,-13.17749977,-41.35388947,Coffea arabica,Brazil,5,NA,82,14,483.919342,2144085.929,592468.5139,13083.39041,357523.2607,0,0,0,15485.23518,290.3478546,3123420.596,A,Juliana_Hipolito_Coffea_arabica_Brazil_2013A
Juliana_Hipolito_Coffea_arabica_Brazil_2013,O18,-13.14833355,-41.36916733,Coffea arabica,Brazil,2,NA,83,17,0,2046739.497,606022.925,21341.01859,449384.265,0,0,0,0,0,3123487.705,A,Juliana_Hipolito_Coffea_arabica_Brazil_2013A
Juliana_Hipolito_Coffea_arabica_Brazil_2014,C01,-13.48222256,-41.33944321,Coffea arabica,Brazil,2,17,83,0,477.6312597,1285628.45,310170.2021,2029.99144,1489835.465,0,0,0,579.9835052,34025.04475,3122746.768,A,Juliana_Hipolito_Coffea_arabica_Brazil_2014A
Juliana_Hipolito_Coffea_arabica_Brazil_2014,C03,-13.43416691,-41.28972244,Coffea arabica,Brazil,5,16,48,0,80606.63553,1378906.256,879050.7065,13779.3669,755600.0252,0,0,0,5800.817581,9847.093278,3123590.901,A,Juliana_Hipolito_Coffea_arabica_Brazil_2014A
Juliana_Hipolito_Coffea_arabica_Brazil_2014,C04,-13.41250038,-41.27222061,Coffea arabica,Brazil,20,25,82,0,103505.1538,759936.2759,534221.3695,17307.72614,1701803.376,0,0,0,0,6768.340851,3123542.242,A,Juliana_Hipolito_Coffea_arabica_Brazil_2014A
Juliana_Hipolito_Coffea_arabica_Brazil_2014,C05,-13.3544445,-41.35222244,Coffea arabica,Brazil,45,19,65,0,0,1050374.26,1272354.787,2770.175646,702338.7672,0,0,0,1181.084072,94489.90656,3123508.981,A,Juliana_Hipolito_Coffea_arabica_Brazil_2014A
Juliana_Hipolito_Coffea_arabica_Brazil_2014,C07,-13.2994442,-41.3488884,Coffea arabica,Brazil,40,22,74,0,10080.15698,1419674.767,821914.4936,13272.7589,578929.5313,0,0,0,20894.77599,258751.2677,3123517.752,A,Juliana_Hipolito_Coffea_arabica_Brazil_2014A
Juliana_Hipolito_Coffea_arabica_Brazil_2014,C08,-13.29611111,-41.38194275,Coffea arabica,Brazil,9,14,45,0,0,553754.1111,1940484.187,8125.982056,468448.977,0,0,0,0,152669.6944,3123482.951,A,Juliana_Hipolito_Coffea_arabica_Brazil_2014A
Juliana_Hipolito_Coffea_arabica_Brazil_2014,C09,-13.31916714,-41.32583237,Coffea arabica,Brazil,37,21,68,0,6559.515831,1000022.115,639764.8843,1160.729897,1463750.974,0,0,0,6347.935655,5900.029099,3123506.183,A,Juliana_Hipolito_Coffea_arabica_Brazil_2014A
Juliana_Hipolito_Coffea_arabica_Brazil_2014,C12,-13.1538887,-41.4794426,Coffea arabica,Brazil,35,14,45,0,1645.499001,1184602.3,1173847.16,23811.20386,128544.6994,5130.051514,0,0,0,605889.8226,3123470.737,A,Juliana_Hipolito_Coffea_arabica_Brazil_2014A
Juliana_Hipolito_Coffea_arabica_Brazil_2014,C15,-13.13333321,-41.46611023,Coffea arabica,Brazil,31,16,68,0,96.79925537,787195.1668,597794.5552,3097.554207,919943.7966,6388.730194,0,0,0,808946.8687,3123463.471,A,Juliana_Hipolito_Coffea_arabica_Brazil_2014A
Juliana_Hipolito_Coffea_arabica_Brazil_2014,C17,-13.03833294,-41.42499924,Coffea arabica,Brazil,18,17,45,0,9102.808243,1211253.048,821640.076,20194.83479,451704.471,0,0,0,7068.86438,602457.6324,3123421.735,A,Juliana_Hipolito_Coffea_arabica_Brazil_2014A
Juliana_Hipolito_Coffea_arabica_Brazil_2014,C21,-13.125,-41.49333191,Coffea arabica,Brazil,51,8,53,0,4549.733017,1434923.451,1185717.969,1688.888624,267036.6288,0,0,0,0,228908.686,3122825.356,A,Juliana_Hipolito_Coffea_arabica_Brazil_2014A
Juliana_Hipolito_Coffea_arabica_Brazil_2014,O01,-13.50944424,-41.46027756,Coffea arabica,Brazil,5,20,62,0,5122.654869,2020072.733,634212.0935,9100.251667,454788.0025,0,0,0,0,289.9633331,3123585.699,B,Juliana_Hipolito_Coffea_arabica_Brazil_2014B
Juliana_Hipolito_Coffea_arabica_Brazil_2014,O03,-13.44972229,-41.30472183,Coffea arabica,Brazil,2,21,26,0,16994.49989,1007037.986,768572.7664,50150.35815,1280511.086,0,0,0,290.0347519,0,3123556.731,A,Juliana_Hipolito_Coffea_arabica_Brazil_2014A
Juliana_Hipolito_Coffea_arabica_Brazil_2014,O04,-13.41388893,-41.3152771,Coffea arabica,Brazil,1,26,69,0,193.3852921,973771.6538,638693.4076,10564.46068,1500313.081,0,0,0,0,0,3123535.989,A,Juliana_Hipolito_Coffea_arabica_Brazil_2014A
Juliana_Hipolito_Coffea_arabica_Brazil_2014,O07,-13.3691672,-41.3285047,Coffea arabica,Brazil,12,24,70,0,193.4186325,1177861.652,489960.8499,26402.75056,1429089.992,0,0,0,0,0,3123508.663,A,Juliana_Hipolito_Coffea_arabica_Brazil_2014A
Juliana_Hipolito_Coffea_arabica_Brazil_2014,O08,-13.36138916,-41.36000061,Coffea arabica,Brazil,1,26,86,0,0,1679535.388,1047821.043,5415.805214,388652.3028,0,0,0,0,2127.689173,3123552.228,A,Juliana_Hipolito_Coffea_arabica_Brazil_2014A
Juliana_Hipolito_Coffea_arabica_Brazil_2014,O09,-13.35222244,-41.32110977,Coffea arabica,Brazil,12,16,79,0,70422.12281,1321250.772,784705.5392,11025.6622,936004.7557,0,0,0,0,96.71256256,3123505.565,A,Juliana_Hipolito_Coffea_arabica_Brazil_2014A
Juliana_Hipolito_Coffea_arabica_Brazil_2014,O13,-13.3336629,-41.3591028,Coffea arabica,Brazil,4,24,57,0,1257.392914,1327315.707,901634.8073,86953.07645,236071.0832,0,0,0,53292.32485,516978.7549,3123503.147,A,Juliana_Hipolito_Coffea_arabica_Brazil_2014A
Juliana_Hipolito_Coffea_arabica_Brazil_2014,O14,-13.32166672,-41.29833221,Coffea arabica,Brazil,3,22,55,0,1354.16507,1279410.714,979263.487,45397.79042,791665.1567,0,0,0,22730.94603,3675.593719,3123497.853,A,Juliana_Hipolito_Coffea_arabica_Brazil_2014A
Juliana_Hipolito_Coffea_arabica_Brazil_2014,O15,-13.3388612,-41.3839098,Coffea arabica,Brazil,7,33,80,0,4559.205688,931273.8004,1762636.533,17353.68025,148766.6596,992.264072,0,0,0,257241.4408,3122823.584,A,Juliana_Hipolito_Coffea_arabica_Brazil_2014A
Juliana_Hipolito_Coffea_arabica_Brazil_2014,O16,-13.13472176,-41.38916779,Coffea arabica,Brazil,9,15,58,0,9679.751556,1526617.335,600530.8734,7432.765419,979215.1072,0,0,0,0,0,3123475.832,A,Juliana_Hipolito_Coffea_arabica_Brazil_2014A
Juliana_Hipolito_Coffea_arabica_Brazil_2014,O17,-13.17749977,-41.35388947,Coffea arabica,Brazil,8,17,56,0,483.919342,2144085.929,592468.5139,13083.39041,357523.2607,0,0,0,15485.23518,290.3478546,3123420.596,A,Juliana_Hipolito_Coffea_arabica_Brazil_2014A
Juliana_Hipolito_Mangifera_indica_Brazil_2005,1,-9.458889008,-40.46250153,Mangifera indica,Brazil,10,NA,0,0,52814.29224,347185.4472,488622.4543,90763.30231,115561.0702,15501.2241,0,0,10977.78215,2000848.685,3122274.258,B,Juliana_Hipolito_Mangifera_indica_Brazil_2005B
Juliana_Hipolito_Mangifera_indica_Brazil_2005,2,-9.48916626,-40.43500137,Mangifera indica,Brazil,0,NA,0,0,0,2700053.407,398568.363,20579.06108,505.0205692,0,0,0,0,2646.166718,3122352.019,B,Juliana_Hipolito_Mangifera_indica_Brazil_2005B
Juliana_Hipolito_Mangifera_indica_Brazil_2005,3,-9.45222187,-40.3805542,Mangifera indica,Brazil,3,NA,0,0,63159.11989,463702.035,329474.4111,30891.36268,170263.9534,98.01520538,0,0,1062636.434,1002118.615,3122343.946,B,Juliana_Hipolito_Mangifera_indica_Brazil_2005B
Juliana_Hipolito_Mangifera_indica_Brazil_2005,4,-9.51472187,-40.33666611,Mangifera indica,Brazil,2.8,NA,0,0,0,72087.85889,566806.4162,13270.31016,207159.4086,0,0,0,264458.9694,1998589.533,3122372.497,B,Juliana_Hipolito_Mangifera_indica_Brazil_2005B
Julianna_Wilson_Malus_domestica_USA_2013,apple_mi_1_0,43.170147,-85.762,Malus domestica,USA,11,NA,0.266517306,0,39709.52388,0,1121957.396,0,662281.5266,0,0,0,0,1319062.351,3143010.798,D,Julianna_Wilson_Malus_domestica_USA_2013D
Julianna_Wilson_Malus_domestica_USA_2013,apple_mi_1_25,43.170147,-85.762,Malus domestica,USA,12.8,NA,0.259573587,0,39709.52388,0,1121957.396,0,662281.5266,0,0,0,0,1319062.351,3143010.798,D,Julianna_Wilson_Malus_domestica_USA_2013D
Julianna_Wilson_Malus_domestica_USA_2013,apple_mi_1_50,43.170147,-85.762,Malus domestica,USA,14.4,NA,0.270454469,0,39709.52388,0,1121957.396,0,662281.5266,0,0,0,0,1319062.351,3143010.798,D,Julianna_Wilson_Malus_domestica_USA_2013D
Julianna_Wilson_Malus_domestica_USA_2013,apple_mi_1_100,43.170147,-85.762,Malus domestica,USA,12.3,NA,0.27062892,0,39709.52388,0,1121957.396,0,662281.5266,0,0,0,0,1319062.351,3143010.798,D,Julianna_Wilson_Malus_domestica_USA_2013D
Julianna_Wilson_Malus_domestica_USA_2013,apple_mi_2_0,44.522833,-86.132,Malus domestica,USA,4.3,NA,0.060443947,0,11690.33267,0,891366.8496,356.3981934,1928067.073,0,0,0,0,312755.7009,3144236.354,D,Julianna_Wilson_Malus_domestica_USA_2013D
Julianna_Wilson_Malus_domestica_USA_2013,apple_mi_2_25,44.522833,-86.132,Malus domestica,USA,1.7,NA,0.024571861,0,11690.33267,0,891366.8496,356.3981934,1928067.073,0,0,0,0,312755.7009,3144236.354,D,Julianna_Wilson_Malus_domestica_USA_2013D
Julianna_Wilson_Malus_domestica_USA_2013,apple_mi_2_50,44.522833,-86.132,Malus domestica,USA,2.3,NA,0.030727164,0,11690.33267,0,891366.8496,356.3981934,1928067.073,0,0,0,0,312755.7009,3144236.354,D,Julianna_Wilson_Malus_domestica_USA_2013D
Julianna_Wilson_Malus_domestica_USA_2013,apple_mi_3_0,43.111769,-85.758,Malus domestica,USA,7.3,NA,0.226493855,0,101814.8099,0,1456282.798,1824.175758,355455.3316,0,0,0,0,1226927.59,3142304.706,D,Julianna_Wilson_Malus_domestica_USA_2013D
Julianna_Wilson_Malus_domestica_USA_2013,apple_mi_3_25,43.111769,-85.758,Malus domestica,USA,9.4,NA,0.23622648,0,101814.8099,0,1456282.798,1824.175758,355455.3316,0,0,0,0,1226927.59,3142304.706,D,Julianna_Wilson_Malus_domestica_USA_2013D
Julianna_Wilson_Malus_domestica_USA_2013,apple_mi_3_50,43.111769,-85.758,Malus domestica,USA,11.1,NA,0.22028366,0,101814.8099,0,1456282.798,1824.175758,355455.3316,0,0,0,0,1226927.59,3142304.706,D,Julianna_Wilson_Malus_domestica_USA_2013D
Julianna_Wilson_Malus_domestica_USA_2013,apple_mi_3_100,43.111769,-85.758,Malus domestica,USA,13.2,NA,0.251180439,0,101814.8099,0,1456282.798,1824.175758,355455.3316,0,0,0,0,1226927.59,3142304.706,D,Julianna_Wilson_Malus_domestica_USA_2013D
Julianna_Wilson_Malus_domestica_USA_2013,apple_mi_4_0,42.235539,-86.135,Malus domestica,USA,4.6,NA,0.088051255,0,14416.00749,0,662973.5617,1183.857292,1723965.27,0,0,0,0,740212.8958,3142751.592,D,Julianna_Wilson_Malus_domestica_USA_2013D
Julianna_Wilson_Malus_domestica_USA_2013,apple_mi_4_25,42.235539,-86.135,Malus domestica,USA,5.2,NA,0.075442267,0,14416.00749,0,662973.5617,1183.857292,1723965.27,0,0,0,0,740212.8958,3142751.592,D,Julianna_Wilson_Malus_domestica_USA_2013D
Julianna_Wilson_Malus_domestica_USA_2013,apple_mi_4_50,42.235539,-86.135,Malus domestica,USA,5.6,NA,0.080760969,0,14416.00749,0,662973.5617,1183.857292,1723965.27,0,0,0,0,740212.8958,3142751.592,D,Julianna_Wilson_Malus_domestica_USA_2013D
Julianna_Wilson_Malus_domestica_USA_2013,apple_mi_4_100,42.235539,-86.135,Malus domestica,USA,6.4,NA,0.098148447,0,14416.00749,0,662973.5617,1183.857292,1723965.27,0,0,0,0,740212.8958,3142751.592,D,Julianna_Wilson_Malus_domestica_USA_2013D
Julianna_Wilson_Malus_domestica_USA_2013,apple_mi_5_0,42.274756,-86.08,Malus domestica,USA,7.7,NA,0.096062197,0,9168.977577,0,710138.0341,443.7106018,1517818.839,591.6012497,0,0,443.7035294,904185.2027,3142790.069,D,Julianna_Wilson_Malus_domestica_USA_2013D
Julianna_Wilson_Malus_domestica_USA_2013,apple_mi_5_25,42.274756,-86.08,Malus domestica,USA,8.9,NA,0.12624639,0,9168.977577,0,710138.0341,443.7106018,1517818.839,591.6012497,0,0,443.7035294,904185.2027,3142790.069,D,Julianna_Wilson_Malus_domestica_USA_2013D
Julianna_Wilson_Malus_domestica_USA_2013,apple_mi_5_50,42.274756,-86.08,Malus domestica,USA,5,NA,0.077290225,0,9168.977577,0,710138.0341,443.7106018,1517818.839,591.6012497,0,0,443.7035294,904185.2027,3142790.069,D,Julianna_Wilson_Malus_domestica_USA_2013D
Julianna_Wilson_Malus_domestica_USA_2013,apple_mi_5_100,42.274756,-86.08,Malus domestica,USA,10,NA,0.134535752,0,9168.977577,0,710138.0341,443.7106018,1517818.839,591.6012497,0,0,443.7035294,904185.2027,3142790.069,D,Julianna_Wilson_Malus_domestica_USA_2013D
Julianna_Wilson_Malus_domestica_USA_2014,apple_mi_1_0,43.170147,-85.762,Malus domestica,USA,0.7,NA,0.00458386,0,39709.52388,0,1121957.396,0,662281.5266,0,0,0,0,1319062.351,3143010.798,D,Julianna_Wilson_Malus_domestica_USA_2014D
Julianna_Wilson_Malus_domestica_USA_2014,apple_mi_1_25,43.170147,-85.762,Malus domestica,USA,7.4,NA,0.021931433,0,39709.52388,0,1121957.396,0,662281.5266,0,0,0,0,1319062.351,3143010.798,D,Julianna_Wilson_Malus_domestica_USA_2014D
Julianna_Wilson_Malus_domestica_USA_2014,apple_mi_1_50,43.170147,-85.762,Malus domestica,USA,7.2,NA,0.032932711,0,39709.52388,0,1121957.396,0,662281.5266,0,0,0,0,1319062.351,3143010.798,D,Julianna_Wilson_Malus_domestica_USA_2014D
Julianna_Wilson_Malus_domestica_USA_2014,apple_mi_1_100,43.170147,-85.762,Malus domestica,USA,7.3,NA,0.078736256,0,39709.52388,0,1121957.396,0,662281.5266,0,0,0,0,1319062.351,3143010.798,D,Julianna_Wilson_Malus_domestica_USA_2014D
Julianna_Wilson_Malus_domestica_USA_2014,apple_mi_2_0,44.522833,-86.132,Malus domestica,USA,24.2,NA,0.172035918,0,11690.33267,0,891366.8496,356.3981934,1928067.073,0,0,0,0,312755.7009,3144236.354,D,Julianna_Wilson_Malus_domestica_USA_2014D
Julianna_Wilson_Malus_domestica_USA_2014,apple_mi_2_25,44.522833,-86.132,Malus domestica,USA,20.2,NA,0.183490709,0,11690.33267,0,891366.8496,356.3981934,1928067.073,0,0,0,0,312755.7009,3144236.354,D,Julianna_Wilson_Malus_domestica_USA_2014D
Julianna_Wilson_Malus_domestica_USA_2014,apple_mi_2_50,44.522833,-86.132,Malus domestica,USA,20.3,NA,0.16277288,0,11690.33267,0,891366.8496,356.3981934,1928067.073,0,0,0,0,312755.7009,3144236.354,D,Julianna_Wilson_Malus_domestica_USA_2014D
Julianna_Wilson_Malus_domestica_USA_2014,apple_mi_3_0,43.111769,-85.758,Malus domestica,USA,6.3,NA,0.049450661,0,101814.8099,0,1456282.798,1824.175758,355455.3316,0,0,0,0,1226927.59,3142304.706,D,Julianna_Wilson_Malus_domestica_USA_2014D
Julianna_Wilson_Malus_domestica_USA_2014,apple_mi_3_25,43.111769,-85.758,Malus domestica,USA,7.9,NA,0.04018033,0,101814.8099,0,1456282.798,1824.175758,355455.3316,0,0,0,0,1226927.59,3142304.706,D,Julianna_Wilson_Malus_domestica_USA_2014D
Julianna_Wilson_Malus_domestica_USA_2014,apple_mi_3_50,43.111769,-85.758,Malus domestica,USA,7.5,NA,0.045265582,0,101814.8099,0,1456282.798,1824.175758,355455.3316,0,0,0,0,1226927.59,3142304.706,D,Julianna_Wilson_Malus_domestica_USA_2014D
Julianna_Wilson_Malus_domestica_USA_2014,apple_mi_3_100,43.111769,-85.758,Malus domestica,USA,9.3,NA,0.071111499,0,101814.8099,0,1456282.798,1824.175758,355455.3316,0,0,0,0,1226927.59,3142304.706,D,Julianna_Wilson_Malus_domestica_USA_2014D
Julianna_Wilson_Malus_domestica_USA_2014,apple_mi_4_0,42.235539,-86.135,Malus domestica,USA,3,NA,0.089172971,0,14416.00749,0,662973.5617,1183.857292,1723965.27,0,0,0,0,740212.8958,3142751.592,D,Julianna_Wilson_Malus_domestica_USA_2014D
Julianna_Wilson_Malus_domestica_USA_2014,apple_mi_4_25,42.235539,-86.135,Malus domestica,USA,2.7,NA,0.170129833,0,14416.00749,0,662973.5617,1183.857292,1723965.27,0,0,0,0,740212.8958,3142751.592,D,Julianna_Wilson_Malus_domestica_USA_2014D
Julianna_Wilson_Malus_domestica_USA_2014,apple_mi_4_50,42.235539,-86.135,Malus domestica,USA,11.5,NA,0.215796941,0,14416.00749,0,662973.5617,1183.857292,1723965.27,0,0,0,0,740212.8958,3142751.592,D,Julianna_Wilson_Malus_domestica_USA_2014D
Julianna_Wilson_Malus_domestica_USA_2014,apple_mi_4_100,42.235539,-86.135,Malus domestica,USA,10.5,NA,0.156840534,0,14416.00749,0,662973.5617,1183.857292,1723965.27,0,0,0,0,740212.8958,3142751.592,D,Julianna_Wilson_Malus_domestica_USA_2014D
Julianna_Wilson_Malus_domestica_USA_2014,apple_mi_5_0,42.274756,-86.08,Malus domestica,USA,1.7,NA,0.044308304,0,9168.977577,0,710138.0341,443.7106018,1517818.839,591.6012497,0,0,443.7035294,904185.2027,3142790.069,D,Julianna_Wilson_Malus_domestica_USA_2014D
Julianna_Wilson_Malus_domestica_USA_2014,apple_mi_5_25,42.274756,-86.08,Malus domestica,USA,4.5,NA,0.143042604,0,9168.977577,0,710138.0341,443.7106018,1517818.839,591.6012497,0,0,443.7035294,904185.2027,3142790.069,D,Julianna_Wilson_Malus_domestica_USA_2014D
Julianna_Wilson_Malus_domestica_USA_2014,apple_mi_5_50,42.274756,-86.08,Malus domestica,USA,4.3,NA,0.161641175,0,9168.977577,0,710138.0341,443.7106018,1517818.839,591.6012497,0,0,443.7035294,904185.2027,3142790.069,D,Julianna_Wilson_Malus_domestica_USA_2014D
Julianna_Wilson_Malus_domestica_USA_2014,apple_mi_5_100,42.274756,-86.08,Malus domestica,USA,2.6,NA,0.056325168,0,9168.977577,0,710138.0341,443.7106018,1517818.839,591.6012497,0,0,443.7035294,904185.2027,3142790.069,D,Julianna_Wilson_Malus_domestica_USA_2014D
Julianna_Wilson_Malus_domestica_USA_2015,apple_mi_1_0,43.170147,-85.762,Malus domestica,USA,7.6,NA,0.076869995,0,39709.52388,0,1121957.396,0,662281.5266,0,0,0,0,1319062.351,3143010.798,D,Julianna_Wilson_Malus_domestica_USA_2015D
Julianna_Wilson_Malus_domestica_USA_2015,apple_mi_1_25,43.170147,-85.762,Malus domestica,USA,13,NA,0.123879641,0,39709.52388,0,1121957.396,0,662281.5266,0,0,0,0,1319062.351,3143010.798,D,Julianna_Wilson_Malus_domestica_USA_2015D
Julianna_Wilson_Malus_domestica_USA_2015,apple_mi_1_50,43.170147,-85.762,Malus domestica,USA,9.4,NA,0.06329728,0,39709.52388,0,1121957.396,0,662281.5266,0,0,0,0,1319062.351,3143010.798,D,Julianna_Wilson_Malus_domestica_USA_2015D
Julianna_Wilson_Malus_domestica_USA_2015,apple_mi_1_100,43.170147,-85.762,Malus domestica,USA,13.6,NA,0.100602181,0,39709.52388,0,1121957.396,0,662281.5266,0,0,0,0,1319062.351,3143010.798,D,Julianna_Wilson_Malus_domestica_USA_2015D
Julianna_Wilson_Malus_domestica_USA_2015,apple_mi_2_0,44.522833,-86.132,Malus domestica,USA,0.5,NA,0.005311992,0,11690.33267,0,891366.8496,356.3981934,1928067.073,0,0,0,0,312755.7009,3144236.354,D,Julianna_Wilson_Malus_domestica_USA_2015D
Julianna_Wilson_Malus_domestica_USA_2015,apple_mi_2_25,44.522833,-86.132,Malus domestica,USA,0,NA,0,0,11690.33267,0,891366.8496,356.3981934,1928067.073,0,0,0,0,312755.7009,3144236.354,D,Julianna_Wilson_Malus_domestica_USA_2015D
Julianna_Wilson_Malus_domestica_USA_2015,apple_mi_2_50,44.522833,-86.132,Malus domestica,USA,0,NA,0,0,11690.33267,0,891366.8496,356.3981934,1928067.073,0,0,0,0,312755.7009,3144236.354,D,Julianna_Wilson_Malus_domestica_USA_2015D
Julianna_Wilson_Malus_domestica_USA_2015,apple_mi_3_0,43.111769,-85.758,Malus domestica,USA,2.9,NA,0.058566307,0,101814.8099,0,1456282.798,1824.175758,355455.3316,0,0,0,0,1226927.59,3142304.706,D,Julianna_Wilson_Malus_domestica_USA_2015D
Julianna_Wilson_Malus_domestica_USA_2015,apple_mi_3_25,43.111769,-85.758,Malus domestica,USA,4.8,NA,0.055717585,0,101814.8099,0,1456282.798,1824.175758,355455.3316,0,0,0,0,1226927.59,3142304.706,D,Julianna_Wilson_Malus_domestica_USA_2015D
Julianna_Wilson_Malus_domestica_USA_2015,apple_mi_3_50,43.111769,-85.758,Malus domestica,USA,4.3,NA,0.112804864,0,101814.8099,0,1456282.798,1824.175758,355455.3316,0,0,0,0,1226927.59,3142304.706,D,Julianna_Wilson_Malus_domestica_USA_2015D
Julianna_Wilson_Malus_domestica_USA_2015,apple_mi_3_100,43.111769,-85.758,Malus domestica,USA,4.7,NA,0.078564467,0,101814.8099,0,1456282.798,1824.175758,355455.3316,0,0,0,0,1226927.59,3142304.706,D,Julianna_Wilson_Malus_domestica_USA_2015D
Julianna_Wilson_Malus_domestica_USA_2015,apple_mi_4_0,42.235539,-86.135,Malus domestica,USA,4.3,NA,0.118660744,0,14416.00749,0,662973.5617,1183.857292,1723965.27,0,0,0,0,740212.8958,3142751.592,D,Julianna_Wilson_Malus_domestica_USA_2015D
Julianna_Wilson_Malus_domestica_USA_2015,apple_mi_4_25,42.235539,-86.135,Malus domestica,USA,2.4,NA,0.105762238,0,14416.00749,0,662973.5617,1183.857292,1723965.27,0,0,0,0,740212.8958,3142751.592,D,Julianna_Wilson_Malus_domestica_USA_2015D
Julianna_Wilson_Malus_domestica_USA_2015,apple_mi_4_50,42.235539,-86.135,Malus domestica,USA,2.4,NA,0.066239168,0,14416.00749,0,662973.5617,1183.857292,1723965.27,0,0,0,0,740212.8958,3142751.592,D,Julianna_Wilson_Malus_domestica_USA_2015D
Julianna_Wilson_Malus_domestica_USA_2015,apple_mi_4_100,42.235539,-86.135,Malus domestica,USA,3.2,NA,0.088679021,0,14416.00749,0,662973.5617,1183.857292,1723965.27,0,0,0,0,740212.8958,3142751.592,D,Julianna_Wilson_Malus_domestica_USA_2015D
Julianna_Wilson_Malus_domestica_USA_2015,apple_mi_5_0,42.274756,-86.08,Malus domestica,USA,3.1,NA,0.117623701,0,9168.977577,0,710138.0341,443.7106018,1517818.839,591.6012497,0,0,443.7035294,904185.2027,3142790.069,D,Julianna_Wilson_Malus_domestica_USA_2015D
Julianna_Wilson_Malus_domestica_USA_2015,apple_mi_5_25,42.274756,-86.08,Malus domestica,USA,4.2,NA,0.136609119,0,9168.977577,0,710138.0341,443.7106018,1517818.839,591.6012497,0,0,443.7035294,904185.2027,3142790.069,D,Julianna_Wilson_Malus_domestica_USA_2015D
Julianna_Wilson_Malus_domestica_USA_2015,apple_mi_5_50,42.274756,-86.08,Malus domestica,USA,4.1,NA,0.122637128,0,9168.977577,0,710138.0341,443.7106018,1517818.839,591.6012497,0,0,443.7035294,904185.2027,3142790.069,D,Julianna_Wilson_Malus_domestica_USA_2015D
Julianna_Wilson_Malus_domestica_USA_2015,apple_mi_5_100,42.274756,-86.08,Malus domestica,USA,6.4,NA,0.155000936,0,9168.977577,0,710138.0341,443.7106018,1517818.839,591.6012497,0,0,443.7035294,904185.2027,3142790.069,D,Julianna_Wilson_Malus_domestica_USA_2015D
Katherine_LW_Burns_Malus_domestica_Ireland_2018,c.IAJ.C,52.141402,-7.805607,Malus domestica,Ireland,31.25,8.695652174,53.404,93.205,57880.22925,0,2187097.598,0,315599.6648,0,0,0,0,590741.4997,3151318.992,C,Katherine_LW_Burns_Malus_domestica_Ireland_2018C
Katherine_LW_Burns_Malus_domestica_Ireland_2018,c.IAJ.E,52.141447,-7.804151,Malus domestica,Ireland,27.5862069,22.58064516,57.23625,61.03,57519.64258,0,2300008.341,0,296001.5334,0,0,0,0,497447.4096,3150976.926,C,Katherine_LW_Burns_Malus_domestica_Ireland_2018C
Katherine_LW_Burns_Malus_domestica_Ireland_2018,c.LHO.C,52.141215,-8.739443,Malus domestica,Ireland,30.76923077,20,39.51875,28.74833333,14286.118,0,1630347.972,0,920988.1895,0,0,0,0,585594.1162,3151216.396,C,Katherine_LW_Burns_Malus_domestica_Ireland_2018C
Katherine_LW_Burns_Malus_domestica_Ireland_2018,c.LHO.E,52.141537,-8.738346,Malus domestica,Ireland,21.42857143,14.81481481,57.61,54.0225,15797.12629,0,1555198.021,0,989720.491,0,0,0,0,590591.5734,3151307.212,C,Katherine_LW_Burns_Malus_domestica_Ireland_2018C
Katherine_LW_Burns_Malus_domestica_Ireland_2018,c.LWO.C,52.358061,-7.476684,Malus domestica,Ireland,23.80952381,7.407407407,39.972,28.32,46065.84015,0,2243964.382,0,273977.1,34931.6974,0,0,428.3069115,551078.1879,3150445.515,C,Katherine_LW_Burns_Malus_domestica_Ireland_2018C
Katherine_LW_Burns_Malus_domestica_Ireland_2018,c.LWO.E,52.357896,-7.475144,Malus domestica,Ireland,31.81818182,25,63.42142857,51.484,49171.06115,0,2287382.781,0,277506.611,37208.87207,0,0,428.3069115,499804.5634,3151502.195,C,Katherine_LW_Burns_Malus_domestica_Ireland_2018C
Katherine_LW_Burns_Malus_domestica_Ireland_2018,c.MFO.C,52.583161,-7.296903,Malus domestica,Ireland,19.35483871,0,45.00833333,0,38982.30899,0,2251790.118,0,209230.4584,0,0,0,0,651210.1849,3151213.071,C,Katherine_LW_Burns_Malus_domestica_Ireland_2018C
Katherine_LW_Burns_Malus_domestica_Ireland_2018,c.MFO.E,52.583281,-7.296022,Malus domestica,Ireland,22.58064516,14.81481481,44.09571429,46.7575,41524.13965,0,2280209.444,0,205484.4363,0,0,0,0,624070.5084,3151288.529,C,Katherine_LW_Burns_Malus_domestica_Ireland_2018C
Katherine_LW_Burns_Malus_domestica_Ireland_2018,d.BAF.C,52.226408,-6.573203,Malus domestica,Ireland,21.42857143,10.71428571,202.7766667,203.2533333,21500.5856,0,1644498.741,0,836826.9277,797.5995293,0,0,11350.77829,636406.1488,3151380.781,C,Katherine_LW_Burns_Malus_domestica_Ireland_2018C
Katherine_LW_Burns_Malus_domestica_Ireland_2018,d.BAF.E,52.225487,-6.573774,Malus domestica,Ireland,21.73913043,0,143.486,0,19743.03826,0,1654305.234,0,872810.552,797.5995293,0,0,11473.49982,591963.6845,3151093.609,C,Katherine_LW_Burns_Malus_domestica_Ireland_2018C
Katherine_LW_Burns_Malus_domestica_Ireland_2018,d.IAJ.C,52.138815,-7.808374,Malus domestica,Ireland,34.375,0,186.5,0,37655.44326,0,2168297.589,0,302539.9666,0,0,0,0,642382.7283,3150875.727,C,Katherine_LW_Burns_Malus_domestica_Ireland_2018C
Katherine_LW_Burns_Malus_domestica_Ireland_2018,d.IAJ.E,52.138606,-7.808374,Malus domestica,Ireland,46.66666667,0,210.1357143,0,36999.11198,0,2190226.461,0,296885.0581,0,0,0,0,626774.7086,3150885.34,C,Katherine_LW_Burns_Malus_domestica_Ireland_2018C
Katherine_LW_Burns_Malus_domestica_Ireland_2018,d.LIA.C,52.304403,-7.280924,Malus domestica,Ireland,15.38461538,0,150.31,0,33425.57188,0,2402074.348,0,279230.6774,291901.7322,0,0,8188.448045,136102.2464,3150923.024,C,Katherine_LW_Burns_Malus_domestica_Ireland_2018C
Katherine_LW_Burns_Malus_domestica_Ireland_2018,d.LIA.E,52.304991,-7.279732,Malus domestica,Ireland,36.84210526,4.347826087,167.2914286,159.13,36660.02673,0,2486661.064,0,277775.6919,216907.6466,0,0,5348.012424,128117.5921,3151470.034,C,Katherine_LW_Burns_Malus_domestica_Ireland_2018C
Katherine_LW_Burns_Malus_domestica_Ireland_2018,d.TAF.C,52.380339,-7.843109,Malus domestica,Ireland,51.61290323,3.571428571,194.325625,258.62,20861.84855,0,2539678.162,0,280781.0549,0,0,0,0,310192.9108,3151513.976,C,Katherine_LW_Burns_Malus_domestica_Ireland_2018C
Katherine_LW_Burns_Malus_domestica_Ireland_2018,d.TAF.E,52.379538,-7.844695,Malus domestica,Ireland,40,0,213.579,0,23589.64512,0,2562791.165,0,256247.4943,0,0,0,0,308155.0729,3150783.377,C,Katherine_LW_Burns_Malus_domestica_Ireland_2018C
Katherine_LW_Burns_Vicia_faba_Ireland_2018,BDF.18.C,52.817716,-6.760148,Vicia faba,Ireland,0.461538462,0.163636364,1.62125,1.004444444,48309.30466,0,1177452.215,0,383319.2781,0,0,0,0,1542597.566,3151678.363,C,Katherine_LW_Burns_Vicia_faba_Ireland_2018C
Katherine_LW_Burns_Vicia_faba_Ireland_2018,BDF.18.E,52.819056,-6.759834,Vicia faba,Ireland,0.384615385,0.139534884,1.6675,1.726666667,50658.70265,0,1126454.13,0,421333.965,0,0,0,0,1553451.044,3151897.842,C,Katherine_LW_Burns_Vicia_faba_Ireland_2018C
Katherine_LW_Burns_Vicia_faba_Ireland_2018,SBF.18.C,52.80954,-6.166565,Vicia faba,Ireland,0.432432432,0.35,1.365294118,1.463,260796.9262,0,499391.7485,1089.957428,1359533.162,26581.81966,0,0,16996.01655,987024.8128,3151414.443,C,Katherine_LW_Burns_Vicia_faba_Ireland_2018C
Katherine_LW_Burns_Vicia_faba_Ireland_2018,SBF.18.E,52.80976,-6.165204,Vicia faba,Ireland,0.384615385,0.204081633,1.1595,1.162,275101.7998,0,545885.1225,1089.957428,1317792.815,23405.39503,0,0,21924.52046,966693.0876,3151892.698,C,Katherine_LW_Burns_Vicia_faba_Ireland_2018C
Katherine_LW_Burns_Vicia_faba_Ireland_2019,JGF.19.C,52.933482,-6.932175,Vicia faba,Ireland,0.347826087,0.038461538,1.36125,2.47,14465.28954,0,587342.3101,0,142196.9521,1127.257165,0,0,0,2406767.216,3151899.025,C,Katherine_LW_Burns_Vicia_faba_Ireland_2019C
Katherine_LW_Burns_Vicia_faba_Ireland_2019,KSF.19.C,52.876487,-6.899818,Vicia faba,Ireland,0.214285714,0.04,1.386666667,1.28,22612.24443,0,891957.3428,0,176810.1347,0,0,0,0,2060554.299,3151934.021,C,Katherine_LW_Burns_Vicia_faba_Ireland_2019C
Katherine_LW_Burns_Vicia_faba_Ireland_2019,KSF.19.E,52.876653,-6.900544,Vicia faba,Ireland,0.033333333,0.133333333,2.49,1.92,22672.70192,0,870948.7331,0,195877.2477,0,0,0,0,2062460.222,3151958.905,C,Katherine_LW_Burns_Vicia_faba_Ireland_2019C
Katherine_LW_Burns_Vicia_faba_Ireland_2019,NGF.19.C,52.9975065,-6.7041996,Vicia faba,Ireland,0.235294118,0.147058824,1.89875,1.268,18993.29919,0,1963359.22,0,452129.0809,0,0,0,0,717446.9413,3151928.542,C,Katherine_LW_Burns_Vicia_faba_Ireland_2019C
Katherine_LW_Burns_Vicia_faba_Ireland_2019,NGF.19.E,52.9971347,-6.7050235,Vicia faba,Ireland,0.25,0.3,1.91375,1.294444444,18993.29919,0,1994042.712,0,429237.9908,0,0,0,0,709504.0315,3151778.034,C,Katherine_LW_Burns_Vicia_faba_Ireland_2019C
Katherine_LW_Burns_Vicia_faba_Ireland_2019,SBF.19.C,52.818051,-6.122784,Vicia faba,Ireland,0.258064516,0.176470588,1.61,1.555,16605.43744,0,1268263.434,29743.78177,169492.3155,1326179.884,0,0,0,341592.2058,3151877.058,C,Katherine_LW_Burns_Vicia_faba_Ireland_2019C
Katherine_LW_Burns_Vicia_faba_Ireland_2019,SBF.19.E,52.818266,-6.122188,Vicia faba,Ireland,0.205882353,0.171428571,1.731428571,0.906666667,14609.74308,0,1243340.377,29307.49984,153554.9099,1376221.168,0,0,0,334534.058,3151567.756,C,Katherine_LW_Burns_Vicia_faba_Ireland_2019C
Katrine_Hansen_Psidium_guajava_Thailand_2019,1,6.988999844,100.6166077,Psidium guajava,Thailand,6,8,0,0,76944.05781,0,31984.15557,5423.634911,3002983.854,0,0,0,0,4437.514748,3121773.217,A,Katrine_Hansen_Psidium_guajava_Thailand_2019A
Katrine_Hansen_Psidium_guajava_Thailand_2019,3,7.048432827,100.4491348,Psidium guajava,Thailand,6,2,0,0,349814.0087,0,868327.4424,15204.63477,1640083.558,71635.9092,0,0,0,176192.6852,3121258.238,A,Katrine_Hansen_Psidium_guajava_Thailand_2019A
Katrine_Hansen_Psidium_guajava_Thailand_2019,4,6.908079147,100.5023422,Psidium guajava,Thailand,24,18,0,0,6016.36573,0,293626.3362,38464.98547,2727174.223,1282.163879,0,0,1676.675781,53511.07252,3121751.822,A,Katrine_Hansen_Psidium_guajava_Thailand_2019A
Katrine_Hansen_Psidium_guajava_Thailand_2020,2,7.03588295,100.2802811,Psidium guajava,Thailand,50,38,0,0,102461.3575,0,575404.6818,57689.94958,2279470.692,4434.417703,0,0,0,102318.2609,3121779.359,A,Katrine_Hansen_Psidium_guajava_Thailand_2020A
Katrine_Hansen_Psidium_guajava_Thailand_2020,5,7.554999828,100.1304321,Psidium guajava,Thailand,34,58,0,0,18122.30717,0,617658.9801,1280.368713,1527172.291,34625.99944,0,0,6030.43782,916882.0296,3121772.414,A,Katrine_Hansen_Psidium_guajava_Thailand_2020A
Katrine_Hansen_Psidium_guajava_Thailand_2020,6,7.873816967,99.88573456,Psidium guajava,Thailand,76,70,0,0,14806.23403,0,165519.0916,0,2872762.2,2779.31399,0,0,1771.543747,64155.55032,3121793.934,A,Katrine_Hansen_Psidium_guajava_Thailand_2020A
Leah_Blechschmidt_Malus_domestica_Canada_2018,1,44.50583267,-80.43391418,Malus domestica,Canada,0,NA,0,0,58767.16744,0,843069.2259,213.9394608,973569.1874,570.4724197,0,0,0,1268528.552,3144718.545,D,Leah_Blechschmidt_Malus_domestica_Canada_2018D
Leah_Blechschmidt_Malus_domestica_Canada_2018,2,44.53119278,-80.4896698,Malus domestica,Canada,0,NA,0,0,44408.04976,0,849731.1036,40373.73377,1361969.755,6675.459894,0,0,410.0926483,840879.9277,3144448.123,D,Leah_Blechschmidt_Malus_domestica_Canada_2018D
Leah_Blechschmidt_Malus_domestica_Canada_2018,3,44.54288864,-80.42733002,Malus domestica,Canada,0,NA,0,0,138159.559,0,896872.2056,19243.85388,1679281.542,223483.7162,0,0,498.8838043,187019.0353,3144558.795,D,Leah_Blechschmidt_Malus_domestica_Canada_2018D
Leah_Blechschmidt_Malus_domestica_Canada_2018,4,43.20611191,-79.93775177,Malus domestica,Canada,6.83,NA,0,0,613733.899,0,866365.3753,19123.48815,740813.4548,0,0,0,0,903134.375,3143170.592,D,Leah_Blechschmidt_Malus_domestica_Canada_2018D
Leah_Blechschmidt_Malus_domestica_Canada_2018,5,43.33961105,-79.94711304,Malus domestica,Canada,4.07,NA,0,0,141376.8064,0,927153.3408,7154.848098,956240.8126,436.249115,0,0,0,1110155.337,3142517.394,D,Leah_Blechschmidt_Malus_domestica_Canada_2018D
Leah_Blechschmidt_Malus_domestica_Canada_2018,6,42.68899918,-81.23069763,Malus domestica,Canada,0,NA,0,0,40834.07842,0,583198.1133,367.290062,1497316.183,293.8362732,0,0,0,1020917.669,3142927.17,D,Leah_Blechschmidt_Malus_domestica_Canada_2018D
Leah_Blechschmidt_Malus_domestica_Canada_2018,7,42.93897247,-80.39939117,Malus domestica,Canada,5.04,NA,0,0,54665.22864,0,673512.1528,1170.682434,541620.8691,0,0,0,0,1871613.78,3142582.713,D,Leah_Blechschmidt_Malus_domestica_Canada_2018D
Leah_Blechschmidt_Malus_domestica_Canada_2018,8,43.13680649,-79.7104187,Malus domestica,Canada,0,NA,0,0,75556.22585,0,893356.4547,9764.435976,1097495.941,3865.333847,0,0,0,1062942.237,3142980.629,D,Leah_Blechschmidt_Malus_domestica_Canada_2018D
Leah_Blechschmidt_Malus_domestica_Canada_2018,9,43.18102646,-79.58041382,Malus domestica,Canada,0,NA,0,0,51227.59692,0,1428487.971,510.286232,815925.6848,0,0,0,656.0512848,846331.7664,3143139.356,D,Leah_Blechschmidt_Malus_domestica_Canada_2018D
Leah_Blechschmidt_Malus_domestica_Canada_2018,10,44.0320816,-79.00919342,Malus domestica,Canada,6.72,NA,0,0,22868.12256,0,1162998.171,431.267807,1480896.65,0,0,0,0,476525.6322,3143719.843,D,Leah_Blechschmidt_Malus_domestica_Canada_2018D
Leah_Blechschmidt_Malus_domestica_Canada_2018,11,42.89274979,-80.338974,Malus domestica,Canada,7.47,NA,0,0,12251.09198,0,292517.503,512.597023,400813.0033,0,0,0,0,2437183.001,3143277.196,D,Leah_Blechschmidt_Malus_domestica_Canada_2018D
Leah_Blechschmidt_Malus_domestica_Canada_2018,12,42.8754158,-80.27224731,Malus domestica,Canada,4.08,NA,0,0,58729.38412,0,810693.1718,585.9654312,1312728.463,7251.33326,0,0,0,953273.8126,3143262.13,D,Leah_Blechschmidt_Malus_domestica_Canada_2018D
Leah_Blechschmidt_Malus_domestica_Canada_2018,13,43.90013886,-78.71630859,Malus domestica,Canada,0,NA,0,0,788097.3096,0,284096.1112,71143.84844,485114.7007,7059.412476,0,0,792.3772583,1507859.266,3144163.026,D,Leah_Blechschmidt_Malus_domestica_Canada_2018D
Leah_Blechschmidt_Malus_domestica_Canada_2018,14,43.92386246,-78.6056366,Malus domestica,Canada,6.16,NA,0,0,326655.1145,0,1073567.635,164192.4224,771241.1456,144.033783,0,0,0,808369.3228,3144169.674,D,Leah_Blechschmidt_Malus_domestica_Canada_2018D
Leah_Blechschmidt_Malus_domestica_Canada_2019,1,44.50583267,-80.43391418,Malus domestica,Canada,0,NA,0,0,58767.16744,0,843069.2259,213.9394608,973569.1874,570.4724197,0,0,0,1268528.552,3144718.545,D,Leah_Blechschmidt_Malus_domestica_Canada_2019D
Leah_Blechschmidt_Malus_domestica_Canada_2019,2,44.53119278,-80.4896698,Malus domestica,Canada,0,NA,0,0,44408.04976,0,849731.1036,40373.73377,1361969.755,6675.459894,0,0,410.0926483,840879.9277,3144448.123,D,Leah_Blechschmidt_Malus_domestica_Canada_2019D
Leah_Blechschmidt_Malus_domestica_Canada_2019,4,43.20611191,-79.93775177,Malus domestica,Canada,0,NA,0,0,613733.899,0,866365.3753,19123.48815,740813.4548,0,0,0,0,903134.375,3143170.592,D,Leah_Blechschmidt_Malus_domestica_Canada_2019D
Leah_Blechschmidt_Malus_domestica_Canada_2019,5,43.33961105,-79.94711304,Malus domestica,Canada,0,NA,0,0,141376.8064,0,927153.3408,7154.848098,956240.8126,436.249115,0,0,0,1110155.337,3142517.394,D,Leah_Blechschmidt_Malus_domestica_Canada_2019D
Leah_Blechschmidt_Malus_domestica_Canada_2019,7,42.93897247,-80.39939117,Malus domestica,Canada,0,NA,0,0,54665.22864,0,673512.1528,1170.682434,541620.8691,0,0,0,0,1871613.78,3142582.713,D,Leah_Blechschmidt_Malus_domestica_Canada_2019D
Leah_Blechschmidt_Malus_domestica_Canada_2019,8,43.13680649,-79.7104187,Malus domestica,Canada,0,NA,0,0,75556.22585,0,893356.4547,9764.435976,1097495.941,3865.333847,0,0,0,1062942.237,3142980.629,D,Leah_Blechschmidt_Malus_domestica_Canada_2019D
Leah_Blechschmidt_Malus_domestica_Canada_2019,9,43.18102646,-79.58041382,Malus domestica,Canada,0,NA,0,0,51227.59692,0,1428487.971,510.286232,815925.6848,0,0,0,656.0512848,846331.7664,3143139.356,D,Leah_Blechschmidt_Malus_domestica_Canada_2019D
Leah_Blechschmidt_Malus_domestica_Canada_2019,10,44.0320816,-79.00919342,Malus domestica,Canada,0,NA,0,0,22868.12256,0,1162998.171,431.267807,1480896.65,0,0,0,0,476525.6322,3143719.843,D,Leah_Blechschmidt_Malus_domestica_Canada_2019D
Leah_Blechschmidt_Malus_domestica_Canada_2019,11,42.89274979,-80.338974,Malus domestica,Canada,0,NA,0,0,12251.09198,0,292517.503,512.597023,400813.0033,0,0,0,0,2437183.001,3143277.196,D,Leah_Blechschmidt_Malus_domestica_Canada_2019D
Leah_Blechschmidt_Malus_domestica_Canada_2019,12,42.8754158,-80.27224731,Malus domestica,Canada,0,NA,0,0,58729.38412,0,810693.1718,585.9654312,1312728.463,7251.33326,0,0,0,953273.8126,3143262.13,D,Leah_Blechschmidt_Malus_domestica_Canada_2019D
Leah_Blechschmidt_Malus_domestica_Canada_2019,13,43.90013886,-78.71630859,Malus domestica,Canada,0,NA,0,0,788097.3096,0,284096.1112,71143.84844,485114.7007,7059.412476,0,0,792.3772583,1507859.266,3144163.026,D,Leah_Blechschmidt_Malus_domestica_Canada_2019D
Leah_Blechschmidt_Malus_domestica_Canada_2019,14,43.92386246,-78.6056366,Malus domestica,Canada,0,NA,0,0,326655.1145,0,1073567.635,164192.4224,771241.1456,144.033783,0,0,0,808369.3228,3144169.674,D,Leah_Blechschmidt_Malus_domestica_Canada_2019D
Louis_Sutter_Brassica_napus_Switzerland_2014,S1,47.53631,8.37439,Brassica napus,Switzerland,6090,NA,28.25,25,73703.77247,0,672976.1086,0,1647719.834,0,0,0,0,752908.3306,3147308.045,C,Louis_Sutter_Brassica_napus_Switzerland_2014C
Louis_Sutter_Brassica_napus_Switzerland_2014,S2,47.47694,8.469864,Brassica napus,Switzerland,3592.5,NA,17.5,18.75,489573.1547,0,685909.1054,9999.117851,568826.6225,0,0,0,0,1392945.547,3147253.547,C,Louis_Sutter_Brassica_napus_Switzerland_2014C
Louis_Sutter_Brassica_napus_Switzerland_2014,S3,47.47129,8.389589,Brassica napus,Switzerland,3587.5,NA,23.75,19.5,260032.0441,0,545948.4165,0,1852749.867,0,0,0,0,488520.3375,3147250.665,C,Louis_Sutter_Brassica_napus_Switzerland_2014C
Louis_Sutter_Brassica_napus_Switzerland_2014,S4,47.61216,8.530445,Brassica napus,Switzerland,3862.5,NA,27.5,23.25,513472.234,0,1102398.158,67.45745087,485750.1554,67.45710754,0,0,0,1045582.423,3147337.885,C,Louis_Sutter_Brassica_napus_Switzerland_2014C
Louis_Sutter_Brassica_napus_Switzerland_2014,S5,47.59069,8.502255,Brassica napus,Switzerland,4250,NA,24.25,19,309108.1617,0,779354.6595,171446.055,1111842.517,46293.31593,0,0,0,729302.4385,3147347.148,C,Louis_Sutter_Brassica_napus_Switzerland_2014C
Louis_Sutter_Brassica_napus_Switzerland_2014,S6,47.53549,8.326349,Brassica napus,Switzerland,4182.5,NA,28.5,21,107322.0255,0,653229.6481,270.1846161,1218387.382,0,0,0,0,1168099.232,3147308.472,C,Louis_Sutter_Brassica_napus_Switzerland_2014C
Louis_Sutter_Brassica_napus_Switzerland_2014,S7,47.49965,8.441767,Brassica napus,Switzerland,4745,NA,25,20.25,215047.9106,0,662993.4351,270.4161377,623154.8279,1487.389641,0,0,0,1643303.004,3146256.983,C,Louis_Sutter_Brassica_napus_Switzerland_2014C
Louis_Sutter_Brassica_napus_Switzerland_2014,S8,47.41778,8.529269,Brassica napus,Switzerland,5825,NA,27,22,1123289.557,0,271940.905,8192.752869,1263012.411,270.8262024,0,0,0,480449.6506,3147156.103,C,Louis_Sutter_Brassica_napus_Switzerland_2014C
Louis_Sutter_Brassica_napus_Switzerland_2014,S9,47.58498,8.475977,Brassica napus,Switzerland,2375,NA,16.5,14.5,107081.2419,0,703066.3342,66654.91066,787350.1931,107975.1759,0,0,0,1375210.528,3147338.384,C,Louis_Sutter_Brassica_napus_Switzerland_2014C
Louis_Sutter_Brassica_napus_Switzerland_2014,S10,47.5866,8.564512,Brassica napus,Switzerland,5370,NA,31.25,24.75,123946.0338,0,375284.463,677.2617489,1127194.795,140862.8287,0,0,134.9777145,1379240.079,3147340.438,C,Louis_Sutter_Brassica_napus_Switzerland_2014C
Louis_Sutter_Brassica_napus_Switzerland_2014,S11,47.49948,8.383285,Brassica napus,Switzerland,1977.5,NA,18.75,17,296267.6457,0,1020037.74,0,621377.6795,0,0,0,0,1209589.707,3147272.772,C,Louis_Sutter_Brassica_napus_Switzerland_2014C
Louis_Sutter_Brassica_napus_Switzerland_2014,S12,47.52976,8.268525,Brassica napus,Switzerland,5537.5,NA,29,22,239393.7355,0,535286.2596,0,1403444.596,0,0,0,0,968691.6534,3146816.245,C,Louis_Sutter_Brassica_napus_Switzerland_2014C
Louis_Sutter_Brassica_napus_Switzerland_2014,S13,47.58226,8.520232,Brassica napus,Switzerland,2725,NA,22.5,24.75,537533.2671,0,478432.9632,2175.83244,1370413.267,156239.4423,0,0,0,602555.6328,3147350.405,C,Louis_Sutter_Brassica_napus_Switzerland_2014C
Louis_Sutter_Brassica_napus_Switzerland_2014,S14,47.43754,8.490246,Brassica napus,Switzerland,3582.5,NA,23,21,190081.5407,0,751963.7005,67.68395996,912458.9373,305592.0041,0,0,1218.335724,985843.2316,3147225.434,C,Louis_Sutter_Brassica_napus_Switzerland_2014C
Louis_Sutter_Brassica_napus_Switzerland_2014,S15,47.56304,8.518445,Brassica napus,Switzerland,4015,NA,25.25,18,229001.893,0,755409.8261,14918.89581,1152556.069,0,0,0,0,995434.3009,3147320.985,C,Louis_Sutter_Brassica_napus_Switzerland_2014C
Louis_Sutter_Brassica_napus_Switzerland_2014,S16,47.51309,8.339039,Brassica napus,Switzerland,6897.5,NA,23,21.5,185402.8024,0,780595.9554,0,867939.5249,0,0,0,0,1313348.857,3147287.14,C,Louis_Sutter_Brassica_napus_Switzerland_2014C
Louis_Sutter_Brassica_napus_Switzerland_2014,S17,47.51272,8.361057,Brassica napus,Switzerland,6525,NA,22.25,23.25,397641.3194,0,563695.909,67.58209991,729936.9893,0,0,0,0,1455944.739,3147286.539,C,Louis_Sutter_Brassica_napus_Switzerland_2014C
Louis_Sutter_Brassica_napus_Switzerland_2014,S18,47.49386,8.408321,Brassica napus,Switzerland,3490,NA,20.5,19.75,378240.9287,0,942959.333,0,750259.8434,0,0,0,0,1075801.193,3147261.298,C,Louis_Sutter_Brassica_napus_Switzerland_2014C
Luisa_G_Carvalheiro_Helianthus_annuus_South_Africa_2009,carv02_01,-24.94235,28.59504,Helianthus annuus,South Africa,6.573555556,2.854125,0,0,53549.76819,61786.90251,801982.6872,3159.728874,14263.79305,90.28212738,0,0,0,2194660.455,3129493.617,B,Luisa_G_Carvalheiro_Helianthus_annuus_South_Africa_2009B
Luisa_G_Carvalheiro_Helianthus_annuus_South_Africa_2009,carv02_02,-24.94095,28.59913,Helianthus annuus,South Africa,6.689222222,4.50825,0,0,53602.13439,46995.09334,664933.7049,1996.410854,14263.79305,90.28212738,0,0,0,2347427.827,3129309.245,B,Luisa_G_Carvalheiro_Helianthus_annuus_South_Africa_2009B
Luisa_G_Carvalheiro_Helianthus_annuus_South_Africa_2009,carv02_03,-24.95763,28.50985,Helianthus annuus,South Africa,7.438444444,4.319333333,0,0,27477.6496,546060.1654,389409.3772,0,9243.535174,0,0,0,0,2157322.918,3129513.646,B,Luisa_G_Carvalheiro_Helianthus_annuus_South_Africa_2009B
Luisa_G_Carvalheiro_Helianthus_annuus_South_Africa_2009,carv02_04,-24.96012,28.50617,Helianthus annuus,South Africa,4.204,3.657875,0,0,33544.58386,601457.9774,718187.4052,451.3385162,23676.95392,0,0,0,0,1752197.488,3129515.747,B,Luisa_G_Carvalheiro_Helianthus_annuus_South_Africa_2009B
Luisa_G_Carvalheiro_Helianthus_annuus_South_Africa_2009,carv02_05,-24.98591,28.48956,Helianthus annuus,South Africa,4.860777778,2.843555556,0,0,29871.58142,98429.11626,242878.6876,631.7173996,13743.90919,0,0,0,0,2743966.591,3129521.603,B,Luisa_G_Carvalheiro_Helianthus_annuus_South_Africa_2009B
Luisa_G_Carvalheiro_Helianthus_annuus_South_Africa_2009,carv02_06,-25.01226,28.44665,Helianthus annuus,South Africa,4.92945,3.4623,0,0,0,6160.677715,329572.2889,270.6972885,2346.056885,41855.2606,0,0,0,2749344.974,3129549.956,B,Luisa_G_Carvalheiro_Helianthus_annuus_South_Africa_2009B
Luisa_G_Carvalheiro_Helianthus_annuus_South_Africa_2009,carv02_07,-25.01944,28.45015,Helianthus annuus,South Africa,6.7655,3.811875,0,0,12991.80737,3338.246689,319465.2383,90.22068024,1533.77494,0,0,0,0,2792117.306,3129536.594,B,Luisa_G_Carvalheiro_Helianthus_annuus_South_Africa_2009B
Luisa_G_Carvalheiro_Helianthus_annuus_South_Africa_2009,carv02_08,-25.01706,28.44903,Helianthus annuus,South Africa,5.129888889,3.863444444,0,0,1735.444497,3338.246689,315954.1423,0,812.0058517,0,0,0,0,2807699.504,3129539.344,B,Luisa_G_Carvalheiro_Helianthus_annuus_South_Africa_2009B
Luisa_G_Carvalheiro_Helianthus_annuus_South_Africa_2009,carv02_09,-25.04,28.4786,Helianthus annuus,South Africa,3.983555556,4.016777778,0,0,451.0492477,65314.46604,153401.1415,0,46008.95509,0,0,0,0,2864374.934,3129550.546,B,Luisa_G_Carvalheiro_Helianthus_annuus_South_Africa_2009B
Luisa_G_Carvalheiro_Helianthus_annuus_South_Africa_2009,carv02_10,-25.0366,28.45313,Helianthus annuus,South Africa,4.4365,3.197833333,0,0,1623.837891,0,7127.034113,0,3969.387886,0,0,0,0,3116825.677,3129545.937,B,Luisa_G_Carvalheiro_Helianthus_annuus_South_Africa_2009B
Luisa_G_Carvalheiro_Helianthus_annuus_South_Africa_2009,carv02_11,-25.03793,28.43316,Helianthus annuus,South Africa,4.414555556,3.528375,0,0,27645.05685,57558.21056,72432.38375,541.293129,7134.99451,0,0,0,0,2964249.664,3129561.603,B,Luisa_G_Carvalheiro_Helianthus_annuus_South_Africa_2009B
Luisa_G_Carvalheiro_Helianthus_annuus_South_Africa_2009,carv02_12,-25.03573,28.43721,Helianthus annuus,South Africa,5.311888889,3.386125,0,0,24602.96182,56541.15824,74336.03739,2255.465004,2437.539777,0,0,0,0,2969390.224,3129563.386,B,Luisa_G_Carvalheiro_Helianthus_annuus_South_Africa_2009B
Luisa_G_Carvalheiro_Helianthus_annuus_South_Africa_2009,carv02_13,-25.03388,28.44105,Helianthus annuus,South Africa,6.311333333,2.878888889,0,0,14552.96595,24412.13555,140527.8403,2885.617691,4240.038879,180.4416809,0,0,0,2942753.202,3129552.242,B,Luisa_G_Carvalheiro_Helianthus_annuus_South_Africa_2009B
Luisa_G_Carvalheiro_Helianthus_annuus_South_Africa_2009,carv02_14,-25.05872,28.44869,Helianthus annuus,South Africa,7.6245,5.60425,0,0,3337.270859,346891.3917,1124582.627,0,15063.8184,0,0,0,0,1639696.257,3129571.365,B,Luisa_G_Carvalheiro_Helianthus_annuus_South_Africa_2009B
Luisa_G_Carvalheiro_Helianthus_annuus_South_Africa_2009,carv02_15,-25.06164,28.45007,Helianthus annuus,South Africa,7.160375,5.283666667,0,0,3337.270859,123432.226,1031139.138,450.9496841,0,0,0,0,0,1971215.227,3129574.811,B,Luisa_G_Carvalheiro_Helianthus_annuus_South_Africa_2009B
Luisa_G_Carvalheiro_Helianthus_annuus_South_Africa_2009,carv02_16,-25.06605,28.45202,Helianthus annuus,South Africa,4.56125,3.846625,0,0,3337.270859,93767.27756,917367.1948,450.9496841,0,0,0,0,0,2114644.163,3129566.856,B,Luisa_G_Carvalheiro_Helianthus_annuus_South_Africa_2009B
Luisa_G_Carvalheiro_Helianthus_annuus_South_Africa_2009,carv02_17,-24.98127,28.48118,Helianthus annuus,South Africa,6.674444444,3.600555556,0,0,44737.49925,554810.8589,233049.5902,90.25029755,71325.33905,999.8325527,0,0,0,2224510.051,3129523.422,B,Luisa_G_Carvalheiro_Helianthus_annuus_South_Africa_2009B
Luisa_G_Carvalheiro_Helianthus_annuus_South_Africa_2009,carv02_18,-24.97623,28.48244,Helianthus annuus,South Africa,4.630222222,4.081333333,0,0,40290.72192,112556.9695,170965.0278,0,39014.57126,0,0,0,0,2766682.775,3129510.066,B,Luisa_G_Carvalheiro_Helianthus_annuus_South_Africa_2009B
Luisa_G_Carvalheiro_Helianthus_annuus_South_Africa_2009,carv02_19,-24.9741,28.48639,Helianthus annuus,South Africa,5.124555556,5.049666667,0,0,25367.30925,8339.090722,146068.0406,0,0,0,0,0,0,2949743.705,3129518.145,B,Luisa_G_Carvalheiro_Helianthus_annuus_South_Africa_2009B
Luisa_G_Carvalheiro_Helianthus_annuus_South_Africa_2009,carv02_20,-24.97306,28.46251,Helianthus annuus,South Africa,4.125,3.309,0,0,0,1122880.249,346483.8075,0,35094.1768,0,0,0,0,1625064.17,3129522.403,B,Luisa_G_Carvalheiro_Helianthus_annuus_South_Africa_2009B
Luisa_G_Carvalheiro_Helianthus_annuus_South_Africa_2009,carv02_21,-24.97228,28.46659,Helianthus annuus,South Africa,3.25575,2.908375,0,0,0,842416.5344,233556.1099,0,30438.19455,0,0,0,0,2023098.059,3129508.898,B,Luisa_G_Carvalheiro_Helianthus_annuus_South_Africa_2009B
Luisa_G_Carvalheiro_Helianthus_annuus_South_Africa_2009,carv02_22,-24.97189,28.47176,Helianthus annuus,South Africa,3.877444444,2.623,0,0,7535.064118,224467.5404,156909.3433,0,28589.11206,0,0,0,0,2712011.228,3129512.288,B,Luisa_G_Carvalheiro_Helianthus_annuus_South_Africa_2009B
Luisa_G_Carvalheiro_Helianthus_annuus_South_Africa_2009,carv02_23,-25.0231,28.48096,Helianthus annuus,South Africa,6.798333333,2.827111111,0,0,0,53319.81123,206538.1779,0,10375.30025,3518.538063,0,0,0,2855791.141,3129542.969,B,Luisa_G_Carvalheiro_Helianthus_annuus_South_Africa_2009B
Luisa_G_Carvalheiro_Helianthus_annuus_South_Africa_2009,carv02_24,-25.02017,28.47926,Helianthus annuus,South Africa,5.192444444,3.7095,0,0,0,34554.46858,217090.5714,0,7217.658524,0,0,0,0,2870678.662,3129541.36,B,Luisa_G_Carvalheiro_Helianthus_annuus_South_Africa_2009B
Luisa_G_Carvalheiro_Helianthus_annuus_South_Africa_2009,carv02_25,-25.01613,28.47704,Helianthus annuus,South Africa,5.051111111,2.731555556,0,0,0,0,340577.7776,0,0,0,0,0,0,2788968.764,3129546.542,B,Luisa_G_Carvalheiro_Helianthus_annuus_South_Africa_2009B
Luisa_G_Carvalheiro_Helianthus_annuus_South_Africa_2009,carv02_26,-24.91449,28.5351,Helianthus annuus,South Africa,6.9225,4.565888889,0,0,0,549496.2751,337882.5495,0,4873.793855,0,0,0,0,2237232.665,3129485.283,B,Luisa_G_Carvalheiro_Helianthus_annuus_South_Africa_2009B
Luisa_G_Carvalheiro_Helianthus_annuus_South_Africa_2009,carv02_27,-24.91625,28.52961,Helianthus annuus,South Africa,5.803555556,4.5615,0,0,6078.957983,413425.1901,292637.8151,1870.346903,7486.315024,0,0,0,0,2407976.353,3129474.978,B,Luisa_G_Carvalheiro_Helianthus_annuus_South_Africa_2009B
Luisa_G_Carvalheiro_Helianthus_annuus_South_Africa_2009,carv02_28,-24.91724,28.52561,Helianthus annuus,South Africa,5.648777778,3.8875,0,0,15816.92813,129595.792,106543.6074,8182.773362,0,0,0,0,0,2869356.286,3129495.387,B,Luisa_G_Carvalheiro_Helianthus_annuus_South_Africa_2009B
Luisa_G_Carvalheiro_Helianthus_annuus_South_Africa_2009,carv02_29,-24.99497,28.36764,Helianthus annuus,South Africa,8.869,7.623444444,0,0,180.4866638,123733.8339,398870.4174,90.24224091,12002.32522,0,0,0,0,2594256.623,3129133.928,B,Luisa_G_Carvalheiro_Helianthus_annuus_South_Africa_2009B
Luisa_G_Carvalheiro_Helianthus_annuus_South_Africa_2009,carv02_30,-24.99949,28.36798,Helianthus annuus,South Africa,5.847166667,5.935111111,0,0,180.4866638,110368.7894,733781.0099,90.24224091,12002.32522,0,0,0,0,2273016.06,3129438.913,B,Luisa_G_Carvalheiro_Helianthus_annuus_South_Africa_2009B
Luisa_G_Carvalheiro_Mangifera_indica_South_Africa_2008,carv01_01,-24.432472,30.857639,Mangifera indica,South Africa,1.142857143,0,0,0,64517.6183,108560.0316,1085564.84,15380.93961,1544552.865,7648.552048,0,0,0,302949.4811,3129174.327,B,Luisa_G_Carvalheiro_Mangifera_indica_South_Africa_2008B
Luisa_G_Carvalheiro_Mangifera_indica_South_Africa_2008,carv01_02,-24.505361,30.834722,Mangifera indica,South Africa,0.5,0.125,0,0,20854.93466,601929.6313,135854.5399,5798.673423,2197126.254,815.3027115,0,0,0,166850.5946,3129229.93,C,Luisa_G_Carvalheiro_Mangifera_indica_South_Africa_2008C
Luisa_G_Carvalheiro_Mangifera_indica_South_Africa_2008,carv01_03,-24.480333,30.852083,Mangifera indica,South Africa,0.571428571,0.1,0,0,30783.92323,662024.4405,226903.4497,21024.05141,1929121.228,28942.35401,0,0,0,230414.8013,3129214.249,B,Luisa_G_Carvalheiro_Mangifera_indica_South_Africa_2008B
Luisa_G_Carvalheiro_Mangifera_indica_South_Africa_2008,carv01_04,-24.398667,30.826944,Mangifera indica,South Africa,0.125,0.111111111,0,0,156806.429,115858.1025,325494.1923,14310.91115,2352415.159,3626.675545,0,0,0,160651.8431,3129163.312,B,Luisa_G_Carvalheiro_Mangifera_indica_South_Africa_2008B
Luisa_G_Carvalheiro_Mangifera_indica_South_Africa_2008,carv01_05,-24.415667,30.879194,Mangifera indica,South Africa,0,NA,0,0,17821.51607,202857.4725,817539.0926,3535.639435,1925305.286,107628.0963,0,0,0,54489.18243,3129176.285,B,Luisa_G_Carvalheiro_Mangifera_indica_South_Africa_2008B
Luisa_G_Carvalheiro_Mangifera_indica_South_Africa_2008,carv01_06,-24.403333,30.862972,Mangifera indica,South Africa,0,0.444444444,0,0,82866.39943,115568.0028,1525294.7,32140.54186,616881.4879,21435.77113,0,0,0,734969.374,3129156.277,B,Luisa_G_Carvalheiro_Mangifera_indica_South_Africa_2008B
Luisa_G_Carvalheiro_Mangifera_indica_South_Africa_2008,carv01_07,-24.458556,30.863583,Mangifera indica,South Africa,0.5,0,0,0,36522.3064,506384.6968,529894.0437,2537.500793,1522520.537,25374.38493,0,0,0,505963.7429,3129197.212,B,Luisa_G_Carvalheiro_Mangifera_indica_South_Africa_2008B
Luisa_G_Carvalheiro_Mangifera_indica_South_Africa_2008,carv01_08,-24.412667,30.896278,Mangifera indica,South Africa,0,NA,0,0,3082.438637,554956.522,145244.6761,181.3216553,2417032.707,0,0,0,0,8674.107032,3129171.772,B,Luisa_G_Carvalheiro_Mangifera_indica_South_Africa_2008B
Luisa_G_Carvalheiro_Mangifera_indica_South_Africa_2008,carv01_09,-24.412306,30.793389,Mangifera indica,South Africa,0.888888889,0.375,0,0,76471.09883,77334.22655,125628.5507,6255.474281,2810384.633,0,0,0,0,32351.42245,3128425.406,B,Luisa_G_Carvalheiro_Mangifera_indica_South_Africa_2008B
Luisa_G_Carvalheiro_Mangifera_indica_South_Africa_2008,carv01_10,-24.429611,30.798611,Mangifera indica,South Africa,0,NA,0,0,24450.49845,305341.289,109093.6567,815.8065643,2610015.215,0,0,0,0,79427.31205,3129143.778,B,Luisa_G_Carvalheiro_Mangifera_indica_South_Africa_2008B
Luisa_G_Carvalheiro_Mangifera_indica_South_Africa_2008,carv01_11,-24.420389,30.839889,Mangifera indica,South Africa,1.5,0,0,0,75899.98979,180378.9785,541632.6342,5032.592804,1693799.332,0,0,0,0,632417.8128,3129161.34,B,Luisa_G_Carvalheiro_Mangifera_indica_South_Africa_2008B
Luisa_G_Carvalheiro_Mangifera_indica_South_Africa_2008,carv01_12,-24.395139,30.885556,Mangifera indica,South Africa,1.333333333,0.222222222,0,0,4426.607278,150249.3566,230347.7855,634.7129211,2585725.29,7732.972006,0,0,0,150057.3463,3129174.071,B,Luisa_G_Carvalheiro_Mangifera_indica_South_Africa_2008B
Luisa_G_Carvalheiro_Mangifera_indica_South_Africa_2009,carv03_Bavaria_A_F7,-24.41716,30.89233,Mangifera indica,South Africa,0,NA,0,0,815.8869629,385462.6495,293688.0709,0,2291944.592,103226.7994,0,0,0,54040.46646,3129178.466,B,Luisa_G_Carvalheiro_Mangifera_indica_South_Africa_2009B
Luisa_G_Carvalheiro_Mangifera_indica_South_Africa_2009,carv03_Bavaria_A_L2,-24.41502,30.89742,Mangifera indica,South Africa,0,NA,0,0,0,554320.0247,144841.2888,0,2427144.57,0,0,0,0,2719.696236,3129025.579,B,Luisa_G_Carvalheiro_Mangifera_indica_South_Africa_2009B
Luisa_G_Carvalheiro_Mangifera_indica_South_Africa_2009,carv03_Bavaria_A_M7,-24.41027,30.89719,Mangifera indica,South Africa,0,NA,0,0,3989.074402,585161.7236,138137.982,535.7851168,2329692.325,0,0,0,0,71642.27576,3129159.166,B,Luisa_G_Carvalheiro_Mangifera_indica_South_Africa_2009B
Luisa_G_Carvalheiro_Mangifera_indica_South_Africa_2009,carv03_Bavaria_A_R2,-24.41569,30.88872,Mangifera indica,South Africa,0,NA,0,0,13417.36805,319929.8843,359131.9633,3535.639435,2246936.135,117671.0505,0,0,1163.658262,67384.96032,3129170.659,B,Luisa_G_Carvalheiro_Mangifera_indica_South_Africa_2009B
Luisa_G_Carvalheiro_Mangifera_indica_South_Africa_2009,carv03_Bavaria_A_S3,-24.41403,30.88794,Mangifera indica,South Africa,0,NA,0,0,13417.36805,235825.5598,357832.4924,3535.639435,2334539.081,120740.122,0,0,7978.189781,55301.99572,3129170.449,B,Luisa_G_Carvalheiro_Mangifera_indica_South_Africa_2009B
Luisa_G_Carvalheiro_Mangifera_indica_South_Africa_2009,carv03_Bavaria_A_U4,-24.41182,30.88518,Mangifera indica,South Africa,0,NA,0,0,13508.02963,133386.8755,376844.3797,3535.639435,2459256.997,78079.57323,0,0,7978.189781,56571.33593,3129161.02,B,Luisa_G_Carvalheiro_Mangifera_indica_South_Africa_2009B
Luisa_G_Carvalheiro_Mangifera_indica_South_Africa_2009,carv03_Bavaria_L_FA1,-24.40823,30.88268,Mangifera indica,South Africa,21.36666667,NA,11.17505459,0,13042.67326,184211.1201,493281.5699,3807.631187,2254360.859,59261.87489,0,0,7978.189781,113225.1678,3129169.086,B,Luisa_G_Carvalheiro_Mangifera_indica_South_Africa_2009B
Luisa_G_Carvalheiro_Mangifera_indica_South_Africa_2009,carv03_Bavaria_L_FC7,-24.40356,30.88103,Mangifera indica,South Africa,22.63333333,NA,0,0,9265.319972,179857.801,523962.6951,3263.33418,2257801.806,11332.44345,0,0,7978.189781,135701.978,3129163.568,B,Luisa_G_Carvalheiro_Mangifera_indica_South_Africa_2009B
Luisa_G_Carvalheiro_Mangifera_indica_South_Africa_2009,carv03_Bavaria_L_FG1,-24.39781,30.88286,Mangifera indica,South Africa,0,NA,0,0,8795.156075,169399.4606,279575.0014,906.7046738,2522513.295,0,0,0,3939.332528,144030.5652,3129159.515,B,Luisa_G_Carvalheiro_Mangifera_indica_South_Africa_2009B
Luisa_G_Carvalheiro_Mangifera_indica_South_Africa_2009,carv03_Bavaria_L_LA6,-24.40208,30.88431,Mangifera indica,South Africa,0,NA,0,0,5439.586098,201751.1858,421454.189,271.9917526,2281448.8,11332.44345,0,0,7978.189781,199489.2707,3129165.657,B,Luisa_G_Carvalheiro_Mangifera_indica_South_Africa_2009B
Luisa_G_Carvalheiro_Mangifera_indica_South_Africa_2009,carv03_Bavaria_L_LB1,-24.40451,30.88588,Mangifera indica,South Africa,12.06666667,NA,0,0,9531.246956,226644.8514,407994.5512,3338.682859,2216247.969,11384.35437,0,0,7978.189781,246031.7324,3129151.578,B,Luisa_G_Carvalheiro_Mangifera_indica_South_Africa_2009B
Luisa_G_Carvalheiro_Mangifera_indica_South_Africa_2009,carv03_Bavaria_L_LD2,-24.39852,30.88431,Mangifera indica,South Africa,0,NA,0,0,1490.930689,173033.0619,266390.765,30.9323954,2507536.409,8516.024144,0,0,7978.189781,164183.8079,3129160.121,B,Luisa_G_Carvalheiro_Mangifera_indica_South_Africa_2009B
Luisa_G_Carvalheiro_Mangifera_indica_South_Africa_2009,carv03_Bavaria_L_LE3/6,-24.39541,30.88529,Mangifera indica,South Africa,7.566666667,NA,8.402546861,0,5148.773534,150282.9424,233545.6045,634.7129211,2581108.442,6828.795736,0,0,0,151611.8122,3129161.083,B,Luisa_G_Carvalheiro_Mangifera_indica_South_Africa_2009B
Luisa_G_Carvalheiro_Mangifera_indica_South_Africa_2009,carv03_Grovedale_D10,-24.40593,30.85843,Mangifera indica,South Africa,0,NA,0,0,50852.71236,101338.8371,1455862.385,9077.654347,743619.9641,45058.20114,0,0,0,723361.4003,3129171.155,B,Luisa_G_Carvalheiro_Mangifera_indica_South_Africa_2009B
Luisa_G_Carvalheiro_Mangifera_indica_South_Africa_2009,carv03_Grovedale_D24,-24.40887,30.86197,Mangifera indica,South Africa,3.966666667,NA,7.968529293,0,61209.98233,138789.2809,1272993.85,16845.70324,738241.5537,45058.20114,0,0,0,856029.2831,3129167.855,B,Luisa_G_Carvalheiro_Mangifera_indica_South_Africa_2009B
Luisa_G_Carvalheiro_Mangifera_indica_South_Africa_2009,carv03_Grovedale_D42,-24.41181,30.85966,Mangifera indica,South Africa,3,NA,0,0,6937.318663,151419.5407,1157340.149,2179.777513,917829.0722,45058.20114,0,0,0,848394.7966,3129158.856,B,Luisa_G_Carvalheiro_Mangifera_indica_South_Africa_2009B
Luisa_G_Carvalheiro_Mangifera_indica_South_Africa_2009,carv03_Grovedale_D49,-24.41267,30.86305,Mangifera indica,South Africa,0,NA,5.215353814,0,29163.52679,143853.449,1111611.808,10426.05838,943272.3395,10504.12616,0,0,0,880340.8198,3129172.128,B,Luisa_G_Carvalheiro_Mangifera_indica_South_Africa_2009B
Luisa_G_Carvalheiro_Mangifera_indica_South_Africa_2009,carv03_Grovedale_D50,-24.41256,30.86435,Mangifera indica,South Africa,0,NA,0,0,45454.67666,140952.7118,1099043.062,13279.96063,948314.3075,0,0,0,0,882115.4268,3129160.145,B,Luisa_G_Carvalheiro_Mangifera_indica_South_Africa_2009B
Luisa_G_Carvalheiro_Mangifera_indica_South_Africa_2009,carv03_Grovedale_G12-K,-24.39781,30.85496,Mangifera indica,South Africa,23.13333333,NA,16.41936723,0,32490.3907,83761.98065,1142805.995,32857.89743,777087.2809,10778.05266,0,0,0,1049378.985,3129160.582,B,Luisa_G_Carvalheiro_Mangifera_indica_South_Africa_2009B
Luisa_G_Carvalheiro_Mangifera_indica_South_Africa_2009,carv03_Grovedale_G34,-24.39982,30.85396,Mangifera indica,South Africa,11.76666667,NA,0,0,28978.7971,111034.6407,1142129.413,18944.05845,930721.7321,53853.08699,0,0,0,843504.5428,3129166.271,B,Luisa_G_Carvalheiro_Mangifera_indica_South_Africa_2009B
Luisa_G_Carvalheiro_Mangifera_indica_South_Africa_2009,carv03_Grovedale_G94,-24.40384,30.85523,Mangifera indica,South Africa,0,NA,0,0,25883.13643,139056.028,1282801.958,6739.238127,973116.3867,46236.87445,0,0,0,655327.0511,3129160.672,B,Luisa_G_Carvalheiro_Mangifera_indica_South_Africa_2009B
Luisa_G_Carvalheiro_Mangifera_indica_South_Africa_2009,carv03_Grovedale_G95,-24.40384,30.85843,Mangifera indica,South Africa,0,NA,0,0,49549.34119,123464.3153,1476252.207,19309.74285,730453.5255,46236.87445,0,0,0,683895.7327,3129161.739,B,Luisa_G_Carvalheiro_Mangifera_indica_South_Africa_2009B
Luisa_G_Carvalheiro_Mangifera_indica_South_Africa_2009,carv03_Moriah_A11,-24.431,30.85411,Mangifera indica,South Africa,0,NA,0,0,93884.39606,91287.91757,836120.6849,14955.17273,1813872.241,7523.569092,0,0,0,271526.2306,3129170.212,B,Luisa_G_Carvalheiro_Mangifera_indica_South_Africa_2009B
Luisa_G_Carvalheiro_Mangifera_indica_South_Africa_2009,carv03_Moriah_A24,-24.42757,30.85806,Mangifera indica,South Africa,20.7,NA,25.01233901,0,41175.1461,89230.91639,961902.6318,10242.84267,1610972.287,2930.210002,0,0,0,412730.7481,3129184.782,B,Luisa_G_Carvalheiro_Mangifera_indica_South_Africa_2009B
Luisa_G_Carvalheiro_Mangifera_indica_South_Africa_2009,carv03_Moriah_A7,-24.431,30.85272,Mangifera indica,South Africa,0,NA,0,0,111036.0158,93463.47138,817754.4826,16109.73714,1856177.187,7523.569092,0,0,0,227107.8815,3129172.345,B,Luisa_G_Carvalheiro_Mangifera_indica_South_Africa_2009B
Luisa_G_Carvalheiro_Mangifera_indica_South_Africa_2009,carv03_Moriah_B26,-24.43338,30.85272,Mangifera indica,South Africa,0,NA,0,0,112182.4858,84803.63196,883647.8218,15537.74497,1915989.94,9686.474271,0,0,0,107330.464,3129178.563,B,Luisa_G_Carvalheiro_Mangifera_indica_South_Africa_2009B
Luisa_G_Carvalheiro_Mangifera_indica_South_Africa_2009,carv03_Moriah_B30,-24.43487,30.85165,Mangifera indica,South Africa,17.86666667,NA,22.35913308,0,117869.892,92111.06228,749831.1166,11165.20137,2076811.802,11821.21042,0,0,0,69576.57759,3129186.862,B,Luisa_G_Carvalheiro_Mangifera_indica_South_Africa_2009B
Luisa_G_Carvalheiro_Mangifera_indica_South_Africa_2009,carv03_Moriah_B48,-24.43096,30.85091,Mangifera indica,South Africa,12,NA,13.77853696,0,112738.269,105743.5647,803555.2037,11520.36764,1902209.051,7886.132263,0,0,0,185537.0819,3129189.67,B,Luisa_G_Carvalheiro_Mangifera_indica_South_Africa_2009B
Luisa_G_Carvalheiro_Mangifera_indica_South_Africa_2009,carv03_Moriah_B53/54,-24.43018,30.85016,Mangifera indica,South Africa,38.06666667,NA,45.13672238,0,118401.0871,119762.6922,811367.0189,10696.06255,1863465.847,7886.132263,0,0,0,197599.1881,3129178.028,B,Luisa_G_Carvalheiro_Mangifera_indica_South_Africa_2009B
Luisa_G_Carvalheiro_Mangifera_indica_South_Africa_2009,carv03_Moriah_C12,-24.42645,30.84431,Mangifera indica,South Africa,14.2,NA,3.997143152,0,162303.1761,168793.8004,831510.7405,14412.57532,1358151.264,4622.862961,0,0,0,589372.7181,3129167.138,B,Luisa_G_Carvalheiro_Mangifera_indica_South_Africa_2009B
Luisa_G_Carvalheiro_Mangifera_indica_South_Africa_2009,carv03_Moriah_C21,-24.42519,30.84606,Mangifera indica,South Africa,13.7,NA,12.23822619,0,157732.6599,195199.589,861565.3763,14321.94933,1422974.793,7523.569092,0,0,0,469858.4773,3129176.414,B,Luisa_G_Carvalheiro_Mangifera_indica_South_Africa_2009B
Marcos_Minarro_Malus_domestica_Spain_2015,Sel01,43.5156,-5.34808,Malus domestica,Spain,21.66666667,NA,0,0,3479.74234,5215.858605,925762.3334,724.9475098,2208641.242,0,0,0,0,0,3143824.123,C,Marcos_Minarro_Malus_domestica_Spain_2015C
Marcos_Minarro_Malus_domestica_Spain_2015,Ria02,43.5172,-5.3799,Malus domestica,Spain,20,NA,0,0,12158.96432,4311.226309,1456433.793,65612.73273,674897.0731,544396.0377,0,0,386032.138,0,3143841.965,C,Marcos_Minarro_Malus_domestica_Spain_2015C
Marcos_Minarro_Malus_domestica_Spain_2015,Tor03,43.5042,-5.40746,Malus domestica,Spain,16.66666667,NA,0,0,88175.94967,0,970753.0388,0,1102956.721,710201.519,0,0,271088.7071,652.5642853,3143828.5,C,Marcos_Minarro_Malus_domestica_Spain_2015C
Marcos_Minarro_Malus_domestica_Spain_2015,Gai04,43.4926,-5.41948,Malus domestica,Spain,43.33333333,NA,0,0,187793.5594,1399.740681,1406944.406,870.1463547,912875.6742,205366.3162,0,0,428571.1474,0,3143820.99,C,Marcos_Minarro_Malus_domestica_Spain_2015C
Marcos_Minarro_Malus_domestica_Spain_2015,Sor05,43.4807,-5.44598,Malus domestica,Spain,15,NA,0,0,496759.1463,50251.00255,1649204.828,4497.056557,887803.6267,2466.017433,0,0,2103.287651,50720.66871,3143805.634,C,Marcos_Minarro_Malus_domestica_Spain_2015C
Marcos_Minarro_Malus_domestica_Spain_2015,Bus06,43.4559,-5.46599,Malus domestica,Spain,55,NA,0,0,10445.17028,1741.372841,1776046.634,0,1336610.62,0,0,0,0,18938.54146,3143782.338,C,Marcos_Minarro_Malus_domestica_Spain_2015C
Marcos_Minarro_Malus_domestica_Spain_2015,Cam07,43.4526,-5.4831,Malus domestica,Spain,20,NA,0,0,16100.86556,72.56774139,1637066.635,0,1447091.756,0,0,0,0,43447.74527,3143779.57,C,Marcos_Minarro_Malus_domestica_Spain_2015C
Marcos_Minarro_Malus_domestica_Spain_2015,Cey08,43.4564,-5.38314,Malus domestica,Spain,15,NA,0,0,6046.076069,0,744900.396,0,2392018.355,0,0,0,0,814.3931674,3143779.22,C,Marcos_Minarro_Malus_domestica_Spain_2015C
Marcos_Minarro_Malus_domestica_Spain_2015,Cay09,43.4552,-5.41072,Malus domestica,Spain,46.66666667,NA,0,0,7329.174431,72.56019592,1044083.988,0,2084083.743,0,0,0,0,8199.524551,3143768.99,C,Marcos_Minarro_Malus_domestica_Spain_2015C
Marcos_Minarro_Malus_domestica_Spain_2015,Por10,43.438,-5.44881,Malus domestica,Spain,31.66666667,NA,0,0,4089.103897,0,662803.6694,0,2474016.863,0,0,0,0,2841.134919,3143750.771,C,Marcos_Minarro_Malus_domestica_Spain_2015C
Marcos_Minarro_Malus_domestica_Spain_2015,Ver11,43.404,-5.5007,Malus domestica,Spain,33.33333333,NA,0,0,2297.911307,0,1200224.922,0,1941205.099,0,0,0,0,0,3143727.932,C,Marcos_Minarro_Malus_domestica_Spain_2015C
Marcos_Minarro_Malus_domestica_Spain_2015,Mas12,43.4052,-5.52419,Malus domestica,Spain,16.66666667,NA,0,0,35746.75137,0,2162676.63,5954.820007,887352.3513,0,0,0,0,52008.12573,3143738.678,C,Marcos_Minarro_Malus_domestica_Spain_2015C
Marcos_Minarro_Malus_domestica_Spain_2015,Col13,43.3897,-5.58329,Malus domestica,Spain,33.33333333,NA,0,0,192501.6819,3341.338631,2103385.116,0,838690.3375,0,0,0,0,5789.794626,3143708.269,C,Marcos_Minarro_Malus_domestica_Spain_2015C
Marcos_Minarro_Malus_domestica_Spain_2015,Val14,43.4476,-5.61307,Malus domestica,Spain,13.33333333,NA,0,0,12312.79661,1233.887741,1472210.925,508.0681305,1657492.79,0,0,0,0,0,3143758.468,C,Marcos_Minarro_Malus_domestica_Spain_2015C
Marcos_Minarro_Malus_domestica_Spain_2015,Qui15,43.4548,-5.62866,Malus domestica,Spain,31.66666667,NA,0,0,20989.06592,9944.945604,1341917.171,0,1770925.285,0,0,0,0,0,3143776.468,C,Marcos_Minarro_Malus_domestica_Spain_2015C
Marcos_Minarro_Malus_domestica_Spain_2015,Lav16,43.4693,-5.64902,Malus domestica,Spain,8.333333333,NA,0,0,28280.80322,18198.34993,1510169.888,0,1586926.403,0,0,0,0,217.6324463,3143793.076,C,Marcos_Minarro_Malus_domestica_Spain_2015C
Marcos_Minarro_Malus_domestica_Spain_2015,Cal17,43.4929,-5.63121,Malus domestica,Spain,23.33333333,NA,0,0,74124.97325,2175.438301,2251522.241,0,787106.2597,0,0,0,0,28867.07792,3143795.991,C,Marcos_Minarro_Malus_domestica_Spain_2015C
Marcos_Minarro_Malus_domestica_Spain_2015,San18,43.5071,-5.62647,Malus domestica,Spain,70,NA,0,0,107303.5225,2972.610382,2202669.085,0,827641.5633,0,0,0,0,3117.699738,3143704.481,C,Marcos_Minarro_Malus_domestica_Spain_2015C
Marcos_Minarro_Malus_domestica_Spain_2015,Que19,43.4988,-5.65401,Malus domestica,Spain,15,NA,0,0,181568.5625,217.5414352,2341452.575,1015.242012,592336.7457,2827.91008,0,0,0,24403.92686,3143822.504,C,Marcos_Minarro_Malus_domestica_Spain_2015C
Marcos_Minarro_Malus_domestica_Spain_2015,Sal20,43.3808,-5.64925,Malus domestica,Spain,13.33333333,NA,0,0,130649.3761,145.2942505,1909623.825,10897.38971,1084191.506,653.837677,0,0,0,7556.210724,3143717.44,C,Marcos_Minarro_Malus_domestica_Spain_2015C
Marcos_Minarro_Malus_domestica_Spain_2015,Pan21,43.4267,-5.71527,Malus domestica,Spain,65,NA,0,0,18201.59225,72.59037018,1425203.673,0,1695985.174,0,0,0,0,4283.086769,3143746.116,C,Marcos_Minarro_Malus_domestica_Spain_2015C
Marcos_Minarro_Malus_domestica_Spain_2015,Nor22,43.403,-5.7165,Malus domestica,Spain,15,NA,0,0,209707.711,0,2346495.579,0,465709.8097,0,0,0,0,121808.6853,3143721.785,C,Marcos_Minarro_Malus_domestica_Spain_2015C
Marcos_Minarro_Malus_domestica_Spain_2015,Obi23,43.3682,-5.73765,Malus domestica,Spain,10,NA,0,0,38091.08319,0,2086606.842,145.3412476,1012529.509,0,0,0,0,6321.602364,3143694.377,C,Marcos_Minarro_Malus_domestica_Spain_2015C
Marcos_Minarro_Malus_domestica_Spain_2015,Mun24,43.3723,-5.75278,Malus domestica,Spain,26.66666667,NA,0,0,157802.2929,0,1926821.096,6272.607706,1046764.914,0,0,0,0,6030.96125,3143691.871,C,Marcos_Minarro_Malus_domestica_Spain_2015C
Marcos_Minarro_Malus_domestica_Spain_2015,Tin25,43.3645,-5.76386,Malus domestica,Spain,15,NA,0,0,14841.55717,0,1897360.949,0,1230250.023,0,0,0,0,436.0519791,3142888.581,C,Marcos_Minarro_Malus_domestica_Spain_2015C
Marcos_Minarro_Malus_domestica_Spain_2016,Sel01,43.5168,-5.34763,Malus domestica,Spain,0,NA,0,0,3608.713995,7225.639632,939978.0885,724.9475098,2191417.578,0,0,0,0,724.820282,3143679.788,C,Marcos_Minarro_Malus_domestica_Spain_2016C
Marcos_Minarro_Malus_domestica_Spain_2016,Tor03,43.5043,-5.40742,Malus domestica,Spain,40,NA,0,0,87313.14765,0,967068.5726,0,1098194.94,721435.8588,0,0,269162.7009,652.5642853,3143827.784,C,Marcos_Minarro_Malus_domestica_Spain_2016C
Marcos_Minarro_Malus_domestica_Spain_2016,Gai04,43.4925,-5.41947,Malus domestica,Spain,43.33333333,NA,0,0,187343.5261,1288.54602,1404920.794,870.1463547,923152.529,201887.5352,0,0,424347.5912,0,3143810.668,C,Marcos_Minarro_Malus_domestica_Spain_2016C
Marcos_Minarro_Malus_domestica_Spain_2016,Sor05,43.4804,-5.44583,Malus domestica,Spain,31.66666667,NA,0,0,504565.2408,49455.70402,1625992.58,4497.056557,897982.1497,2466.017433,0,0,2103.287651,56726.78332,3143788.819,C,Marcos_Minarro_Malus_domestica_Spain_2016C
Marcos_Minarro_Malus_domestica_Spain_2016,Cam07,43.4525,-5.48311,Malus domestica,Spain,43.33333333,NA,0,0,16179.4498,72.56774139,1641563.837,0,1445379.509,0,0,0,0,40585.19304,3143780.556,C,Marcos_Minarro_Malus_domestica_Spain_2016C
Marcos_Minarro_Malus_domestica_Spain_2016,Cay09,43.4551,-5.41109,Malus domestica,Spain,18.65079365,NA,0,0,7329.174431,72.56019592,1028758.877,0,2099413.824,0,0,0,0,8199.524551,3143773.96,C,Marcos_Minarro_Malus_domestica_Spain_2016C
Marcos_Minarro_Malus_domestica_Spain_2016,Por10,43.4379,-5.44868,Malus domestica,Spain,41.3800905,NA,0,0,4564.790086,0,656714.8221,0,2479331.008,0,0,0,0,3142.899131,3143753.519,C,Marcos_Minarro_Malus_domestica_Spain_2016C
Marcos_Minarro_Malus_domestica_Spain_2016,Mas12,43.4052,-5.5242,Malus domestica,Spain,18.33333333,NA,0,0,35758.42645,0,2162750.093,5954.820007,887274.8974,0,0,0,0,51966.55047,3143704.787,C,Marcos_Minarro_Malus_domestica_Spain_2016C
Marcos_Minarro_Malus_domestica_Spain_2016,Col13,43.3896,-5.58339,Malus domestica,Spain,33.33333333,NA,0,0,194337.739,3341.338631,2113886.426,0,825781.2722,0,0,0,0,6374.428437,3143721.205,C,Marcos_Minarro_Malus_domestica_Spain_2016C
Marcos_Minarro_Malus_domestica_Spain_2016,Qui15,43.4548,-5.62865,Malus domestica,Spain,45,NA,0,0,21046.54276,9933.278124,1342063.14,0,1770732.653,0,0,0,0,0,3143775.613,C,Marcos_Minarro_Malus_domestica_Spain_2016C
Marcos_Minarro_Malus_domestica_Spain_2016,Cal17,43.4928,-5.63123,Malus domestica,Spain,41.66666667,NA,0,0,75163.43976,2175.438301,2249360.858,0,788831.6783,0,0,0,0,28290.65326,3143822.067,C,Marcos_Minarro_Malus_domestica_Spain_2016C
Marcos_Minarro_Malus_domestica_Spain_2016,San18,43.5072,-5.62647,Malus domestica,Spain,77.46031746,NA,0,0,108348.2509,2972.610382,2200226.535,0,829047.994,0,0,0,0,3117.699738,3143713.09,C,Marcos_Minarro_Malus_domestica_Spain_2016C
Marcos_Minarro_Malus_domestica_Spain_2016,Que19,43.499,-5.65464,Malus domestica,Spain,45,NA,0,0,177170.6074,217.5414352,2378258.174,985.9491004,569301.703,2827.91008,0,0,0,15063.11478,3143824.999,C,Marcos_Minarro_Malus_domestica_Spain_2016C
Marcos_Minarro_Malus_domestica_Spain_2016,Sal20,43.3805,-5.64909,Malus domestica,Spain,16.66666667,NA,0,0,119441.3349,145.2942505,1946852.848,10897.38971,1058170.638,653.837677,0,0,0,7556.210724,3143717.553,C,Marcos_Minarro_Malus_domestica_Spain_2016C
Marcos_Minarro_Malus_domestica_Spain_2016,Pan21,43.4268,-5.71521,Malus domestica,Spain,51.66666667,NA,0,0,17749.96884,72.59037018,1424646.719,0,1696986.792,0,0,0,0,4283.086769,3143739.157,C,Marcos_Minarro_Malus_domestica_Spain_2016C
Marcos_Minarro_Malus_domestica_Spain_2016,Nor22,43.4029,-5.71627,Malus domestica,Spain,51.66666667,NA,0,0,218803.7609,0,2336102.918,0,469615.957,0,0,0,0,119215.5575,3143738.194,C,Marcos_Minarro_Malus_domestica_Spain_2016C
Marcos_Minarro_Malus_domestica_Spain_2016,Obi23,43.3681,-5.73746,Malus domestica,Spain,6.666666667,NA,0,0,39679.21694,0,2074825.935,145.3412476,1022732.707,0,0,0,0,6321.602364,3143704.802,C,Marcos_Minarro_Malus_domestica_Spain_2016C
Marcos_Minarro_Malus_domestica_Spain_2016,Mun24,43.3726,-5.75248,Malus domestica,Spain,58.33333333,NA,0,0,177652.5073,0,1908891.714,8929.085359,1042018.831,0,0,0,0,6198.771647,3143690.909,C,Marcos_Minarro_Malus_domestica_Spain_2016C
Marcos_Minarro_Malus_domestica_Spain_2016,Cam26,43.491,-5.66895,Malus domestica,Spain,48.33333333,NA,0,0,206915.8205,25165.83111,2108385.389,942.720726,751297.5987,1305.433746,0,0,0,49363.64412,3143376.438,C,Marcos_Minarro_Malus_domestica_Spain_2016C
Margaret_Mayfield_Actinidia_deliciosa_New_Zealand_NA,GV1,-37.880024,175.254469,Actinidia deliciosa,New Zealand,92.12552778,NA,0,0,18615.95107,0,2313728.707,78.80754089,624512.2878,27026.32148,0,0,0,154694.5272,3138656.603,C,Margaret_Mayfield_Actinidia_deliciosa_New_Zealand_NAC
Margaret_Mayfield_Actinidia_deliciosa_New_Zealand_NA,GV2,-37.880024,175.254469,Actinidia deliciosa,New Zealand,109.9691667,NA,0,0,18615.95107,0,2313728.707,78.80754089,624512.2878,27026.32148,0,0,0,154694.5272,3138656.603,C,Margaret_Mayfield_Actinidia_deliciosa_New_Zealand_NAC
Margaret_Mayfield_Actinidia_deliciosa_New_Zealand_NA,TO1,-37.939645,175.546225,Actinidia deliciosa,New Zealand,72.54872222,NA,0,0,28167.51189,0,1145775.624,78.74163818,1018000.816,944358.5112,0,0,0,2104.74145,3138485.946,C,Margaret_Mayfield_Actinidia_deliciosa_New_Zealand_NAC
Margaret_Mayfield_Actinidia_deliciosa_New_Zealand_NA,TO2,-37.939645,175.546225,Actinidia deliciosa,New Zealand,91.94816667,NA,0,0,28167.51189,0,1145775.624,78.74163818,1018000.816,944358.5112,0,0,0,2104.74145,3138485.946,C,Margaret_Mayfield_Actinidia_deliciosa_New_Zealand_NAC
Margaret_Mayfield_Actinidia_deliciosa_New_Zealand_NA,TP1,-37.812018,176.320387,Actinidia deliciosa,New Zealand,99.70770748,NA,0,0,166748.9292,0,1043497.966,37632.93853,1882744.032,0,0,0,0,8359.605164,3138983.47,C,Margaret_Mayfield_Actinidia_deliciosa_New_Zealand_NAC
Margaret_Mayfield_Actinidia_deliciosa_New_Zealand_NA,TP2,-37.818614,176.314836,Actinidia deliciosa,New Zealand,101.5286806,NA,0,0,159394.4173,0,1172420.715,37381.80698,1761190.195,0,0,0,0,8596.188873,3138983.322,C,Margaret_Mayfield_Actinidia_deliciosa_New_Zealand_NAC
Mark_Otieno_Cajanus_cajan_Kenya_2009,Athi 1A,-2.265475892,38.03752744,Cajanus cajan,Kenya,4.777777778,NA,0,0,16110.06602,1420700.467,495811.6458,397.019516,524838.8469,0,0,0,0,662801.3133,3120659.359,A,Mark_Otieno_Cajanus_cajan_Kenya_2009A
Mark_Otieno_Cajanus_cajan_Kenya_2009,Athi 1B,-2.241916522,38.04539321,Cajanus cajan,Kenya,3.666666667,NA,0,0,12625.46075,1377785.135,1022410.621,12407.0556,459124.2615,0,0,0,0,236806.3322,3121158.867,A,Mark_Otieno_Cajanus_cajan_Kenya_2009A
Mark_Otieno_Cajanus_cajan_Kenya_2009,Athi 2A,-2.215006817,38.04832401,Cajanus cajan,Kenya,4.333333333,NA,0,0,34829.20994,1544696.653,607833.8866,1885.902306,100270.3633,0,0,0,0,831650.4927,3121166.508,A,Mark_Otieno_Cajanus_cajan_Kenya_2009A
Mark_Otieno_Cajanus_cajan_Kenya_2009,Athi 2B,-2.195811369,38.04833621,Cajanus cajan,Kenya,4.111111111,NA,0,0,24122.72474,1735744.413,369050.1395,1491.617655,208843.4987,74044.18364,0,0,0,707827.3725,3121123.95,A,Mark_Otieno_Cajanus_cajan_Kenya_2009A
Mark_Otieno_Cajanus_cajan_Kenya_2009,Chyulu 1A,-2.436369838,37.96366406,Cajanus cajan,Kenya,8.111111111,NA,0,0,66953.34883,718803.3096,380950.3835,12107.67791,1380205.129,0,0,0,0,562154.9744,3121174.823,A,Mark_Otieno_Cajanus_cajan_Kenya_2009A
Mark_Otieno_Cajanus_cajan_Kenya_2009,Chyulu 1B,-2.454659633,37.97464007,Cajanus cajan,Kenya,4.888888889,NA,0,0,35115.62347,608101.2529,830859.7085,198.483345,388251.7161,0,0,0,0,1258646.317,3121173.101,A,Mark_Otieno_Cajanus_cajan_Kenya_2009A
Mark_Otieno_Cajanus_cajan_Kenya_2009,Kala 1A,-2.375613382,37.90949191,Cajanus cajan,Kenya,6,NA,0,0,87454.69556,1754272.609,447843.3453,14388.09406,297568.3148,5061.596931,0,0,0,514585.6816,3121174.337,A,Mark_Otieno_Cajanus_cajan_Kenya_2009A
Mark_Otieno_Cajanus_cajan_Kenya_2009,Kala 1B,-2.360958537,37.88541203,Cajanus cajan,Kenya,5.555555556,NA,0,0,114419.8394,737347.9647,461447.0557,5061.667709,21757.64129,0,0,0,0,1781124.818,3121158.987,A,Mark_Otieno_Cajanus_cajan_Kenya_2009A
Mark_Otieno_Cajanus_cajan_Kenya_2009,Kala 2A,-2.387592599,37.98377348,Cajanus cajan,Kenya,3.222222222,NA,0,0,59256.0307,982733.3873,689216.092,27373.04846,548133.1375,297.7403107,0,0,0,814159.4995,3121168.936,A,Mark_Otieno_Cajanus_cajan_Kenya_2009A
Mark_Otieno_Cajanus_cajan_Kenya_2009,Kala 2B,-2.386379269,37.95812622,Cajanus cajan,Kenya,2.333333333,NA,0,0,38488.5819,1767042.107,197196.806,1091.711731,242633.9673,0,0,0,0,874713.7807,3121166.955,A,Mark_Otieno_Cajanus_cajan_Kenya_2009A
Mark_Otieno_Cajanus_cajan_Kenya_2009,Kinyambu 1A,-2.510293688,38.01368481,Cajanus cajan,Kenya,3.222222222,NA,0,0,60188.03339,1524099.115,456102.1596,24213.99467,345775.1337,198.4748383,0,0,0,710598.6798,3121175.592,A,Mark_Otieno_Cajanus_cajan_Kenya_2009A
Mark_Otieno_Cajanus_cajan_Kenya_2009,Kinyambu 1B,-2.482655666,37.99760656,Cajanus cajan,Kenya,5.888888889,NA,0,0,166672.3312,1175747.854,396247.8483,1291.285849,135306.569,0,0,0,0,1245900.824,3121166.712,A,Mark_Otieno_Cajanus_cajan_Kenya_2009A
Mia_Park_Malus_domestica_USA_2009,BakersAcres,42.606647,-76.499462,Malus domestica,USA,0,NA,0,0,60225.38619,0,615292.7302,4045.596085,1140934.506,73.55778503,0,0,0,1322339.671,3142911.447,D,Mia_Park_Malus_domestica_USA_2009D
Mia_Park_Malus_domestica_USA_2009,Cornell01,42.444969,-76.461382,Malus domestica,USA,0,NA,0,0,680696.7425,0,1209487.007,1991.397087,1054155.359,811.1199188,0,0,0,195651.6679,3142793.294,D,Mia_Park_Malus_domestica_USA_2009D
Mia_Park_Malus_domestica_USA_2009,Cornell02,42.572777,-76.594966,Malus domestica,USA,0,NA,0,0,9473.095707,0,569396.6688,646.8176798,1795456.091,654426.9054,0,0,0,113274.5486,3142674.127,D,Mia_Park_Malus_domestica_USA_2009D
Mia_Park_Malus_domestica_USA_2009,Endres,43.249082,-77.045889,Malus domestica,USA,0,NA,0,0,14631.47423,0,1018079.676,291.2171173,2017263.024,0,0,0,0,93149.73348,3143415.126,D,Mia_Park_Malus_domestica_USA_2009D
Mia_Park_Malus_domestica_USA_2009,GrisamoreFarms,42.656582,-76.471825,Malus domestica,USA,0,NA,0,0,35832.42158,0,547443.5407,0,1395082.09,0,0,0,0,1164449.306,3142807.358,D,Mia_Park_Malus_domestica_USA_2009D
Mia_Park_Malus_domestica_USA_2009,IndianCreek,42.469951,-76.550223,Malus domestica,USA,0,NA,0,0,102034.8839,0,1013264.516,1415.154215,1566703.18,0,0,0,0,459503.2381,3142920.971,D,Mia_Park_Malus_domestica_USA_2009D
Mia_Park_Malus_domestica_USA_2009,LittleTree,42.351524,-76.564604,Malus domestica,USA,0,NA,0,0,23115.37855,0,836370.7004,0,2045327.101,664.7088013,0,0,590.8110809,235936.1463,3142004.846,D,Mia_Park_Malus_domestica_USA_2009D
Mia_Park_Malus_domestica_USA_2009,Merwin,42.552672,-76.657362,Malus domestica,USA,0,NA,0,0,22475.36908,0,859361.3719,0,1071180.359,883.4518433,0,0,147.2546234,1188965.066,3143012.872,D,Mia_Park_Malus_domestica_USA_2009D
Mia_Park_Malus_domestica_USA_2009,ReisingerOrchards,42.376591,-76.927016,Malus domestica,USA,0,NA,0,0,38856.0588,0,1116647.677,0,1245657.762,0,0,0,590.5821991,740987.7507,3142739.83,D,Mia_Park_Malus_domestica_USA_2009D
Mia_Park_Malus_domestica_USA_2009,Hemlock02,42.357827,-76.511712,Malus domestica,USA,0,NA,0,0,27619.4092,0,837572.0771,0,2073921.558,53.58067127,0,0,0,203695.5289,3142862.154,D,Mia_Park_Malus_domestica_USA_2009D
Mia_Park_Malus_domestica_USA_2009,WestHaven,42.445266,-76.536158,Malus domestica,USA,0,NA,0,0,74665.81992,0,867870.3749,663.6589584,1844074.369,884.8735046,0,0,442.4471283,354329.3241,3142930.867,D,Mia_Park_Malus_domestica_USA_2009D
Mia_Park_Malus_domestica_USA_2010,BartlesonAlton,43.210033,-76.985768,Malus domestica,USA,0,NA,0,0,150453.0886,0,600195.1723,18187.13603,2113190.86,25208.95233,0,0,9325.978409,226650.3036,3143211.492,D,Mia_Park_Malus_domestica_USA_2010D
Mia_Park_Malus_domestica_USA_2010,BartlesonHill,43.141205,-77.00617,Malus domestica,USA,0,NA,0,0,12849.08946,0,274761.6342,0,1980432.934,0,0,0,0,875397.2222,3143440.88,D,Mia_Park_Malus_domestica_USA_2010D
Mia_Park_Malus_domestica_USA_2010,BartlesonHome,43.215188,-77.018801,Malus domestica,USA,0,NA,0,0,125780.5178,0,713674.2575,437.1172714,2252508.695,8827.002756,0,0,1602.677284,39848.24928,3142678.517,D,Mia_Park_Malus_domestica_USA_2010D
Mia_Park_Malus_domestica_USA_2010,Cornell01,42.444969,-76.461382,Malus domestica,USA,0,NA,0,0,680696.7425,0,1209487.007,1991.397087,1054155.359,811.1199188,0,0,0,195651.6679,3142793.294,D,Mia_Park_Malus_domestica_USA_2010D
Mia_Park_Malus_domestica_USA_2010,Cornell02,42.572777,-76.594966,Malus domestica,USA,0,NA,0,0,9473.095707,0,569396.6688,646.8176798,1795456.091,654426.9054,0,0,0,113274.5486,3142674.127,D,Mia_Park_Malus_domestica_USA_2010D
Mia_Park_Malus_domestica_USA_2010,Endres,43.249082,-77.045889,Malus domestica,USA,0,NA,0,0,14631.47423,0,1018079.676,291.2171173,2017263.024,0,0,0,0,93149.73348,3143415.126,D,Mia_Park_Malus_domestica_USA_2010D
Mia_Park_Malus_domestica_USA_2010,LakeBreezeGates,43.282155,-77.121445,Malus domestica,USA,0,NA,0,0,23580.90171,0,1179212.574,145.5370331,1184305.115,658410.1198,0,0,0,97415.26983,3143069.518,D,Mia_Park_Malus_domestica_USA_2010D
Mia_Park_Malus_domestica_USA_2010,LittleTree,42.351524,-76.564604,Malus domestica,USA,0,NA,0,0,23115.37855,0,836370.7004,0,2045327.101,664.7088013,0,0,590.8110809,235936.1463,3142004.846,D,Mia_Park_Malus_domestica_USA_2010D
Mia_Park_Malus_domestica_USA_2010,Simpelaar,43.149056,-76.972796,Malus domestica,USA,0,NA,0,0,15886.19919,0,707896.9738,437.5080948,2251727.468,0,0,0,0,167542.5907,3143490.739,D,Mia_Park_Malus_domestica_USA_2010D
Mia_Park_Malus_domestica_USA_2011,BakersAcres,42.606647,-76.499462,Malus domestica,USA,0,NA,0,0,60225.38619,0,615292.7302,4045.596085,1140934.506,73.55778503,0,0,0,1322339.671,3142911.447,D,Mia_Park_Malus_domestica_USA_2011D
Mia_Park_Malus_domestica_USA_2011,BartlesonAlton,43.210033,-76.985768,Malus domestica,USA,0,NA,0,0,150453.0886,0,600195.1723,18187.13603,2113190.86,25208.95233,0,0,9325.978409,226650.3036,3143211.492,D,Mia_Park_Malus_domestica_USA_2011D
Mia_Park_Malus_domestica_USA_2011,BartlesonHome,43.215188,-77.018801,Malus domestica,USA,0,NA,0,0,125780.5178,0,713674.2575,437.1172714,2252508.695,8827.002756,0,0,1602.677284,39848.24928,3142678.517,D,Mia_Park_Malus_domestica_USA_2011D
Mia_Park_Malus_domestica_USA_2011,Cornell01,42.444969,-76.461382,Malus domestica,USA,0,NA,0,0,680696.7425,0,1209487.007,1991.397087,1054155.359,811.1199188,0,0,0,195651.6679,3142793.294,D,Mia_Park_Malus_domestica_USA_2011D
Mia_Park_Malus_domestica_USA_2011,Cornell02,42.572777,-76.594966,Malus domestica,USA,0,NA,0,0,9473.095707,0,569396.6688,646.8176798,1795456.091,654426.9054,0,0,0,113274.5486,3142674.127,D,Mia_Park_Malus_domestica_USA_2011D
Mia_Park_Malus_domestica_USA_2011,Endres,43.249082,-77.045889,Malus domestica,USA,0,NA,0,0,14631.47423,0,1018079.676,291.2171173,2017263.024,0,0,0,0,93149.73348,3143415.126,D,Mia_Park_Malus_domestica_USA_2011D
Mia_Park_Malus_domestica_USA_2011,GrisamoreFarms,42.656582,-76.471825,Malus domestica,USA,0,NA,0,0,35832.42158,0,547443.5407,0,1395082.09,0,0,0,0,1164449.306,3142807.358,D,Mia_Park_Malus_domestica_USA_2011D
Mia_Park_Malus_domestica_USA_2011,HomeSouth,42.853851,-77.021808,Malus domestica,USA,0,NA,0,0,479238.0095,0,753397.6245,30739.75418,759135.5537,0,0,0,25059.92655,1095679.101,3143249.97,D,Mia_Park_Malus_domestica_USA_2011D
Mia_Park_Malus_domestica_USA_2011,IndianCreek,42.469951,-76.550223,Malus domestica,USA,0,NA,0,0,102034.8839,0,1013264.516,1415.154215,1566703.18,0,0,0,0,459503.2381,3142920.971,D,Mia_Park_Malus_domestica_USA_2011D
Mia_Park_Malus_domestica_USA_2011,LakeBreezeGates,43.282155,-77.121445,Malus domestica,USA,0,NA,0,0,23580.90171,0,1179212.574,145.5370331,1184305.115,658410.1198,0,0,0,97415.26983,3143069.518,D,Mia_Park_Malus_domestica_USA_2011D
Mia_Park_Malus_domestica_USA_2011,LakeBreezeHome,43.275127,-77.088463,Malus domestica,USA,0,NA,0,0,46880.9073,0,1292172.991,7059.862595,1604499.593,35285.69672,0,0,0,157401.8975,3143300.949,D,Mia_Park_Malus_domestica_USA_2011D
Mia_Park_Malus_domestica_USA_2011,LakeFarm,42.83129,-76.984798,Malus domestica,USA,0,NA,0,0,84042.2857,0,1422533.575,732.9675446,1147889.879,266795.2325,0,0,0,220920.1984,3142914.138,D,Mia_Park_Malus_domestica_USA_2011D
Mia_Park_Malus_domestica_USA_2011,Merwin,42.552672,-76.657362,Malus domestica,USA,0,NA,0,0,22475.36908,0,859361.3719,0,1071180.359,883.4518433,0,0,147.2546234,1188965.066,3143012.872,D,Mia_Park_Malus_domestica_USA_2011D
Mia_Park_Malus_domestica_USA_2011,MWElectronics,43.185902,-77.188852,Malus domestica,USA,0,NA,0,0,37643.25593,0,742839.2764,0,2151002.773,72.87587738,0,0,7433.841652,204547.4159,3143539.439,D,Mia_Park_Malus_domestica_USA_2011D
Mia_Park_Malus_domestica_USA_2011,ReisingerOrchards,42.376591,-76.927016,Malus domestica,USA,0,NA,0,0,38856.0588,0,1116647.677,0,1245657.762,0,0,0,590.5821991,740987.7507,3142739.83,D,Mia_Park_Malus_domestica_USA_2011D
Mia_Park_Malus_domestica_USA_2011,RoseFarm,42.776499,-77.000925,Malus domestica,USA,0,NA,0,0,24926.89245,0,239539.401,0,781629.7779,0,0,0,0,2097090.566,3143186.638,D,Mia_Park_Malus_domestica_USA_2011D
Mia_Park_Malus_domestica_USA_2011,Hemlock02,42.357827,-76.511712,Malus domestica,USA,0,NA,0,0,27619.4092,0,837572.0771,0,2073921.558,53.58067127,0,0,0,203695.5289,3142862.154,D,Mia_Park_Malus_domestica_USA_2011D
Mia_Park_Malus_domestica_USA_2011,WestHaven,42.445266,-76.536158,Malus domestica,USA,0,NA,0,0,74665.81992,0,867870.3749,663.6589584,1844074.369,884.8735046,0,0,442.4471283,354329.3241,3142930.867,D,Mia_Park_Malus_domestica_USA_2011D
Natacha_Chacoff_Citrus_limon_Argentina_2015,B2CAS 2,-27.03133333,-65.54947222,Citrus limon,Argentina,6.486291486,6.984126984,0,0,0,7275.162476,317688.0878,0,2801050.635,0,0,0,0,4818.697822,3130832.583,C,Natacha_Chacoff_Citrus_limon_Argentina_2015C
Natacha_Chacoff_Citrus_limon_Argentina_2015,CA2CAS 3,-27.03308333,-65.53952778,Citrus limon,Argentina,6.150793651,0.854700855,0,0,0,7984.924751,306968.2751,0,2809117.897,0,0,0,0,6742.668869,3130813.766,C,Natacha_Chacoff_Citrus_limon_Argentina_2015C
Natacha_Chacoff_Citrus_limon_Argentina_2015,CA1CAS 5,-27.04441667,-65.54861111,Citrus limon,Argentina,2.225108225,4.391534392,0,0,0,8250.593079,724755.2691,0,2276327.877,0,0,0,0,121507.4134,3130841.153,C,Natacha_Chacoff_Citrus_limon_Argentina_2015C
Natacha_Chacoff_Citrus_limon_Argentina_2015,B4MON 1,-26.98786111,-65.43663889,Citrus limon,Argentina,6.992266992,4.55026455,0,0,0,1420.100311,471416.718,355.0255051,2597324.892,0,0,0,0,60272.46087,3130789.196,C,Natacha_Chacoff_Citrus_limon_Argentina_2015C
Natacha_Chacoff_Citrus_limon_Argentina_2015,CA4MON 2,-26.99533333,-65.42827778,Citrus limon,Argentina,4.62962963,12.31481481,0,0,16331.14437,710.0001068,347840.5879,532.5035019,2465681.508,0,0,0,0,299698.7175,3130794.461,C,Natacha_Chacoff_Citrus_limon_Argentina_2015C
Natacha_Chacoff_Citrus_limon_Argentina_2015,B1CAS 1,-27.02827778,-65.56722222,Citrus limon,Argentina,4.821844822,3.343989344,0,0,0,0,15269.55969,0,3115083.384,0,0,0,0,0,3130352.944,C,Natacha_Chacoff_Citrus_limon_Argentina_2015C
Natacha_Chacoff_Citrus_limon_Argentina_2015,CE1CAS 6,-27.04558333,-65.55297222,Citrus limon,Argentina,13.27380952,25.00992063,0,0,0,5056.75843,743424.6522,0,2369127.371,0,0,0,0,13222.74001,3130831.521,C,Natacha_Chacoff_Citrus_limon_Argentina_2015C
Natacha_Chacoff_Citrus_limon_Argentina_2015,CE2CAS 4,-27.03633333,-65.54263889,Citrus limon,Argentina,0,NA,0,0,0,11090.03652,437143.8416,0,2675856.712,0,0,0,0,6742.668869,3130833.259,C,Natacha_Chacoff_Citrus_limon_Argentina_2015C
Natacha_Chacoff_Citrus_limon_Argentina_2015,B3CAS 7,-27.0475,-65.51955556,Citrus limon,Argentina,0,NA,0,0,2395.130135,2572.723923,518058.9381,0,2576327.688,0,0,0,0,31479.42799,3130833.908,C,Natacha_Chacoff_Citrus_limon_Argentina_2015C
Natacha_Chacoff_Citrus_limon_Argentina_2015,CA3CAS 8,-27.05975,-65.50433333,Citrus limon,Argentina,0,NA,0,0,974.653802,5389.970004,1135920.639,0,1634761.129,0,0,0,0,353573.2095,3130619.601,C,Natacha_Chacoff_Citrus_limon_Argentina_2015C
Natacha_Chacoff_Citrus_limon_Argentina_2015,CE3CAS 9,-27.06586111,-65.50986111,Citrus limon,Argentina,1.851851852,2.380952381,0,0,975.6972961,3636.509575,1002312.334,0,1478598.662,0,0,0,0,645311.415,3130834.619,C,Natacha_Chacoff_Citrus_limon_Argentina_2015C
Natacha_Chacoff_Citrus_limon_Argentina_2015,CE4MON 3,-26.99533333,-65.42827778,Citrus limon,Argentina,10.08818342,3.174603175,0,0,16331.14437,710.0001068,347840.5879,532.5035019,2465681.508,0,0,0,0,299698.7175,3130794.461,C,Natacha_Chacoff_Citrus_limon_Argentina_2015C
Natacha_Chacoff_Citrus_paradisi_Argentina_2000,manero,-23.42597198,-64.44171906,Citrus paradisi,Argentina,4.932020118,NA,0,0,0,8951.349525,421047.7957,0,1523080.567,0,0,0,0,1175427.127,3128506.84,C,Natacha_Chacoff_Citrus_paradisi_Argentina_2000C
Natacha_Chacoff_Citrus_paradisi_Argentina_2001,citrus salta,-23.47105598,-64.40569305,Citrus paradisi,Argentina,6.455040131,NA,0,0,12143.75509,122715.3167,248006.3503,2830.51088,1851783.088,0,0,0,0,891032.3321,3128511.353,C,Natacha_Chacoff_Citrus_paradisi_Argentina_2001C
Natacha_Chacoff_Citrus_paradisi_Argentina_2001,manero,-23.42597198,-64.44171906,Citrus paradisi,Argentina,8.523252024,NA,0,0,0,8951.349525,421047.7957,0,1523080.567,0,0,0,0,1175427.127,3128506.84,C,Natacha_Chacoff_Citrus_paradisi_Argentina_2001C
Natacha_Chacoff_Citrus_paradisi_Argentina_2001,penia colorada,-22.79938889,-64.37016296,Citrus paradisi,Argentina,10.50964107,NA,0,0,279.5631424,60879.09169,120550.2249,0,2320562.326,91.75289917,0,0,0,625782.5146,3128145.473,C,Natacha_Chacoff_Citrus_paradisi_Argentina_2001C
Natacha_Chacoff_Citrus_paradisi_Argentina_2002,penia colorada,-22.79938889,-64.37016296,Citrus paradisi,Argentina,4.428543422,NA,0,0,279.5631424,60879.09169,120550.2249,0,2320562.326,91.75289917,0,0,0,625782.5146,3128145.473,C,Natacha_Chacoff_Citrus_paradisi_Argentina_2002C
Neal_Williams_Citrullus_lanatus_USA_2013,watermelon_ca_1_0,38.71022161,-122.0805734,Citrullus lanatus,USA,13.79555556,NA,10.05,0,46479.15336,7276.519795,1255218.704,9817.265717,801909.3677,65419.30547,0,0,0,953645.9961,3139766.312,C,Neal_Williams_Citrullus_lanatus_USA_2013C
Neal_Williams_Citrullus_lanatus_USA_2013,watermelon_ca_1_25,38.71022161,-122.0805734,Citrullus lanatus,USA,14.03333333,NA,8.95,0,46479.15336,7276.519795,1255218.704,9817.265717,801909.3677,65419.30547,0,0,0,953645.9961,3139766.312,C,Neal_Williams_Citrullus_lanatus_USA_2013C
Neal_Williams_Citrullus_lanatus_USA_2013,watermelon_ca_1_50,38.71022161,-122.0805734,Citrullus lanatus,USA,14.32666667,NA,9.45,0,46479.15336,7276.519795,1255218.704,9817.265717,801909.3677,65419.30547,0,0,0,953645.9961,3139766.312,C,Neal_Williams_Citrullus_lanatus_USA_2013C
Neal_Williams_Citrullus_lanatus_USA_2013,watermelon_ca_3_0,38.7590364,-122.0297199,Citrullus lanatus,USA,2.648888889,NA,1.3,0,23088.51611,20013.86554,461609.0712,22145.85433,984062.5376,1500.0627,0,0,0,1627389.196,3139809.104,C,Neal_Williams_Citrullus_lanatus_USA_2013C
Neal_Williams_Citrullus_lanatus_USA_2013,watermelon_ca_3_25,38.7590364,-122.0297199,Citrullus lanatus,USA,3.618888889,NA,1.7,0,23088.51611,20013.86554,461609.0712,22145.85433,984062.5376,1500.0627,0,0,0,1627389.196,3139809.104,C,Neal_Williams_Citrullus_lanatus_USA_2013C
Neal_Williams_Citrullus_lanatus_USA_2013,watermelon_ca_3_50,38.7590364,-122.0297199,Citrullus lanatus,USA,4.431666667,NA,1.95,0,23088.51611,20013.86554,461609.0712,22145.85433,984062.5376,1500.0627,0,0,0,1627389.196,3139809.104,C,Neal_Williams_Citrullus_lanatus_USA_2013C
Neal_Williams_Citrullus_lanatus_USA_2013,watermelon_ca_3_100,38.7590364,-122.0297199,Citrullus lanatus,USA,5.346666667,NA,2.175,0,23088.51611,20013.86554,461609.0712,22145.85433,984062.5376,1500.0627,0,0,0,1627389.196,3139809.104,C,Neal_Williams_Citrullus_lanatus_USA_2013C
Neal_Williams_Citrullus_lanatus_USA_2013,watermelon_ca_4_0,38.7521,-122.0404,Citrullus lanatus,USA,2.775555556,NA,1.175,0,35152.9001,9260.045905,698760.0332,40501.33402,143192.5311,2180.479477,0,0,0,2210753.291,3139800.615,C,Neal_Williams_Citrullus_lanatus_USA_2013C
Neal_Williams_Citrullus_lanatus_USA_2013,watermelon_ca_4_25,38.7521,-122.0404,Citrullus lanatus,USA,3.648888889,NA,1.65,0,35152.9001,9260.045905,698760.0332,40501.33402,143192.5311,2180.479477,0,0,0,2210753.291,3139800.615,C,Neal_Williams_Citrullus_lanatus_USA_2013C
Neal_Williams_Citrullus_lanatus_USA_2013,watermelon_ca_4_50,38.7521,-122.0404,Citrullus lanatus,USA,6.123333333,NA,2.65,0,35152.9001,9260.045905,698760.0332,40501.33402,143192.5311,2180.479477,0,0,0,2210753.291,3139800.615,C,Neal_Williams_Citrullus_lanatus_USA_2013C
Neal_Williams_Citrullus_lanatus_USA_2013,watermelon_ca_4_100,38.7521,-122.0404,Citrullus lanatus,USA,5.085555556,NA,2.375,0,35152.9001,9260.045905,698760.0332,40501.33402,143192.5311,2180.479477,0,0,0,2210753.291,3139800.615,C,Neal_Williams_Citrullus_lanatus_USA_2013C
Neal_Williams_Citrullus_lanatus_USA_2013,watermelon_ca_7_0,38.77465688,-121.7493077,Citrullus lanatus,USA,19.38444444,NA,7.3,0,5682.72747,10804.29813,95598.5055,36885.70044,3191.681213,0,0,0,0,2987612.691,3139775.604,C,Neal_Williams_Citrullus_lanatus_USA_2013C
Neal_Williams_Citrullus_lanatus_USA_2013,watermelon_ca_7_25,38.77465688,-121.7493077,Citrullus lanatus,USA,18.10666667,NA,7.6,0,5682.72747,10804.29813,95598.5055,36885.70044,3191.681213,0,0,0,0,2987612.691,3139775.604,C,Neal_Williams_Citrullus_lanatus_USA_2013C
Neal_Williams_Citrullus_lanatus_USA_2013,watermelon_ca_7_50,38.77465688,-121.7493077,Citrullus lanatus,USA,14.65333333,NA,6.05,0,5682.72747,10804.29813,95598.5055,36885.70044,3191.681213,0,0,0,0,2987612.691,3139775.604,C,Neal_Williams_Citrullus_lanatus_USA_2013C
Neal_Williams_Citrullus_lanatus_USA_2013,watermelon_ca_7_100,38.77465688,-121.7493077,Citrullus lanatus,USA,14.84666667,NA,6.55,0,5682.72747,10804.29813,95598.5055,36885.70044,3191.681213,0,0,0,0,2987612.691,3139775.604,C,Neal_Williams_Citrullus_lanatus_USA_2013C
Neal_Williams_Citrullus_lanatus_USA_2013,watermelon_ca_9_0,38.57583397,-121.7790453,Citrullus lanatus,USA,13.87777778,NA,9.85,0,81885.88977,23473.34943,333841.8767,16718.72486,320371.4672,78.05200195,0,0,0,2363276.834,3139646.194,C,Neal_Williams_Citrullus_lanatus_USA_2013C
Neal_Williams_Citrullus_lanatus_USA_2013,watermelon_ca_9_25,38.57583397,-121.7790453,Citrullus lanatus,USA,17.06,NA,11.65,0,81885.88977,23473.34943,333841.8767,16718.72486,320371.4672,78.05200195,0,0,0,2363276.834,3139646.194,C,Neal_Williams_Citrullus_lanatus_USA_2013C
Neal_Williams_Citrullus_lanatus_USA_2013,watermelon_ca_9_50,38.57583397,-121.7790453,Citrullus lanatus,USA,19.16666667,NA,11.3,0,81885.88977,23473.34943,333841.8767,16718.72486,320371.4672,78.05200195,0,0,0,2363276.834,3139646.194,C,Neal_Williams_Citrullus_lanatus_USA_2013C
Neal_Williams_Citrullus_lanatus_USA_2013,watermelon_ca_9_100,38.57583397,-121.7790453,Citrullus lanatus,USA,15.34666667,NA,11.6,0,81885.88977,23473.34943,333841.8767,16718.72486,320371.4672,78.05200195,0,0,0,2363276.834,3139646.194,C,Neal_Williams_Citrullus_lanatus_USA_2013C
Neal_Williams_Citrullus_lanatus_USA_2013,watermelon_ca_10_0,38.60629393,-121.7783968,Citrullus lanatus,USA,9.486666667,NA,8.85,0,50553.52214,1092.388435,56844.64689,390.1372299,1114355.922,0,0,0,0,1916438.391,3139675.007,C,Neal_Williams_Citrullus_lanatus_USA_2013C
Neal_Williams_Citrullus_lanatus_USA_2013,watermelon_ca_10_25,38.60629393,-121.7783968,Citrullus lanatus,USA,10.34444444,NA,12.95,0,50553.52214,1092.388435,56844.64689,390.1372299,1114355.922,0,0,0,0,1916438.391,3139675.007,C,Neal_Williams_Citrullus_lanatus_USA_2013C
Neal_Williams_Citrullus_lanatus_USA_2013,watermelon_ca_10_50,38.60629393,-121.7783968,Citrullus lanatus,USA,10.01777778,NA,12.3,0,50553.52214,1092.388435,56844.64689,390.1372299,1114355.922,0,0,0,0,1916438.391,3139675.007,C,Neal_Williams_Citrullus_lanatus_USA_2013C
Neal_Williams_Citrullus_lanatus_USA_2013,watermelon_ca_10_100,38.60629393,-121.7783968,Citrullus lanatus,USA,7.922222222,NA,10.7,0,50553.52214,1092.388435,56844.64689,390.1372299,1114355.922,0,0,0,0,1916438.391,3139675.007,C,Neal_Williams_Citrullus_lanatus_USA_2013C
Neal_Williams_Citrullus_lanatus_USA_2013,watermelon_ca_11_0,38.53319773,-121.8218892,Citrullus lanatus,USA,13.86222222,NA,13.45,0,27023.59766,15117.04758,271613.7987,8981.786591,531204.5553,0,0,0,0,2285667.828,3139608.614,C,Neal_Williams_Citrullus_lanatus_USA_2013C
Neal_Williams_Citrullus_lanatus_USA_2013,watermelon_ca_11_25,38.53319773,-121.8218892,Citrullus lanatus,USA,18.35111111,NA,14.55,0,27023.59766,15117.04758,271613.7987,8981.786591,531204.5553,0,0,0,0,2285667.828,3139608.614,C,Neal_Williams_Citrullus_lanatus_USA_2013C
Neal_Williams_Citrullus_lanatus_USA_2013,watermelon_ca_11_50,38.53319773,-121.8218892,Citrullus lanatus,USA,20.07777778,NA,16.4,0,27023.59766,15117.04758,271613.7987,8981.786591,531204.5553,0,0,0,0,2285667.828,3139608.614,C,Neal_Williams_Citrullus_lanatus_USA_2013C
Neal_Williams_Citrullus_lanatus_USA_2013,watermelon_ca_11_100,38.53319773,-121.8218892,Citrullus lanatus,USA,20.04666667,NA,15.9,0,27023.59766,15117.04758,271613.7987,8981.786591,531204.5553,0,0,0,0,2285667.828,3139608.614,C,Neal_Williams_Citrullus_lanatus_USA_2013C
Neal_Williams_Citrullus_lanatus_USA_2013,watermelon_ca_16_0,38.75977377,-121.8126246,Citrullus lanatus,USA,12.16555556,NA,9.8,0,46602.0679,81379.50546,187259.0679,168420.5751,168816.2876,0,0,0,0,2487331.817,3139809.321,C,Neal_Williams_Citrullus_lanatus_USA_2013C
Neal_Williams_Citrullus_lanatus_USA_2013,watermelon_ca_16_25,38.75977377,-121.8126246,Citrullus lanatus,USA,14.29777778,NA,11.7,0,46602.0679,81379.50546,187259.0679,168420.5751,168816.2876,0,0,0,0,2487331.817,3139809.321,C,Neal_Williams_Citrullus_lanatus_USA_2013C
Neal_Williams_Citrullus_lanatus_USA_2013,watermelon_ca_16_50,38.75977377,-121.8126246,Citrullus lanatus,USA,11.71333333,NA,11.8,0,46602.0679,81379.50546,187259.0679,168420.5751,168816.2876,0,0,0,0,2487331.817,3139809.321,C,Neal_Williams_Citrullus_lanatus_USA_2013C
Neal_Williams_Citrullus_lanatus_USA_2013,watermelon_ca_16_100,38.75977377,-121.8126246,Citrullus lanatus,USA,12.53111111,NA,11.45,0,46602.0679,81379.50546,187259.0679,168420.5751,168816.2876,0,0,0,0,2487331.817,3139809.321,C,Neal_Williams_Citrullus_lanatus_USA_2013C
Neal_Williams_Citrullus_lanatus_USA_2014,watermelon_ca_2_0,38.7355,-121.99,Citrullus lanatus,USA,14.12222222,NA,12.3,0,84579.65264,30344.7781,247096.5055,31037.30854,870487.7217,2648.403839,0,0,0,1873594.784,3139789.154,C,Neal_Williams_Citrullus_lanatus_USA_2014C
Neal_Williams_Citrullus_lanatus_USA_2014,watermelon_ca_2_25,38.7355,-121.99,Citrullus lanatus,USA,15.65555556,NA,14.05,0,84579.65264,30344.7781,247096.5055,31037.30854,870487.7217,2648.403839,0,0,0,1873594.784,3139789.154,C,Neal_Williams_Citrullus_lanatus_USA_2014C
Neal_Williams_Citrullus_lanatus_USA_2014,watermelon_ca_2_50,38.7355,-121.99,Citrullus lanatus,USA,12.71555556,NA,11.5,0,84579.65264,30344.7781,247096.5055,31037.30854,870487.7217,2648.403839,0,0,0,1873594.784,3139789.154,C,Neal_Williams_Citrullus_lanatus_USA_2014C
Neal_Williams_Citrullus_lanatus_USA_2014,watermelon_ca_2_100,38.7355,-121.99,Citrullus lanatus,USA,12.77111111,NA,11,0,84579.65264,30344.7781,247096.5055,31037.30854,870487.7217,2648.403839,0,0,0,1873594.784,3139789.154,C,Neal_Williams_Citrullus_lanatus_USA_2014C
Neal_Williams_Citrullus_lanatus_USA_2014,watermelon_ca_5_0,38.7521,-122.0404,Citrullus lanatus,USA,7.38,NA,4.65,0,35152.9001,9260.045905,698760.0332,40501.33402,143192.5311,2180.479477,0,0,0,2210753.291,3139800.615,C,Neal_Williams_Citrullus_lanatus_USA_2014C
Neal_Williams_Citrullus_lanatus_USA_2014,watermelon_ca_5_25,38.7521,-122.0404,Citrullus lanatus,USA,10.72222222,NA,5.85,0,35152.9001,9260.045905,698760.0332,40501.33402,143192.5311,2180.479477,0,0,0,2210753.291,3139800.615,C,Neal_Williams_Citrullus_lanatus_USA_2014C
Neal_Williams_Citrullus_lanatus_USA_2014,watermelon_ca_5_50,38.7521,-122.0404,Citrullus lanatus,USA,13.04444444,NA,7.4,0,35152.9001,9260.045905,698760.0332,40501.33402,143192.5311,2180.479477,0,0,0,2210753.291,3139800.615,C,Neal_Williams_Citrullus_lanatus_USA_2014C
Neal_Williams_Citrullus_lanatus_USA_2014,watermelon_ca_5_100,38.7521,-122.0404,Citrullus lanatus,USA,13.56222222,NA,7.5,0,35152.9001,9260.045905,698760.0332,40501.33402,143192.5311,2180.479477,0,0,0,2210753.291,3139800.615,C,Neal_Williams_Citrullus_lanatus_USA_2014C
Neal_Williams_Citrullus_lanatus_USA_2014,watermelon_ca_6_0,38.7652,-121.7945,Citrullus lanatus,USA,8.775555556,NA,3.55,0,28387.61007,10666.17772,380993.1806,30570.08305,965974.0323,0,0,0,0,1723214.798,3139805.882,C,Neal_Williams_Citrullus_lanatus_USA_2014C
Neal_Williams_Citrullus_lanatus_USA_2014,watermelon_ca_6_25,38.7652,-121.7945,Citrullus lanatus,USA,6.22,NA,3.15,0,28387.61007,10666.17772,380993.1806,30570.08305,965974.0323,0,0,0,0,1723214.798,3139805.882,C,Neal_Williams_Citrullus_lanatus_USA_2014C
Neal_Williams_Citrullus_lanatus_USA_2014,watermelon_ca_6_50,38.7652,-121.7945,Citrullus lanatus,USA,6.655555556,NA,3.35,0,28387.61007,10666.17772,380993.1806,30570.08305,965974.0323,0,0,0,0,1723214.798,3139805.882,C,Neal_Williams_Citrullus_lanatus_USA_2014C
Neal_Williams_Citrullus_lanatus_USA_2014,watermelon_ca_8_0,38.5586,-121.859,Citrullus lanatus,USA,19.45111111,NA,12.35,0,88703.68349,16220.05836,196839.7325,6480.583519,470816.8456,0,0,0,0,2360570.349,3139631.252,C,Neal_Williams_Citrullus_lanatus_USA_2014C
Neal_Williams_Citrullus_lanatus_USA_2014,watermelon_ca_8_25,38.5586,-121.859,Citrullus lanatus,USA,21.01111111,NA,11.6,0,88703.68349,16220.05836,196839.7325,6480.583519,470816.8456,0,0,0,0,2360570.349,3139631.252,C,Neal_Williams_Citrullus_lanatus_USA_2014C
Neal_Williams_Citrullus_lanatus_USA_2014,watermelon_ca_8_50,38.5586,-121.859,Citrullus lanatus,USA,23.33777778,NA,12,0,88703.68349,16220.05836,196839.7325,6480.583519,470816.8456,0,0,0,0,2360570.349,3139631.252,C,Neal_Williams_Citrullus_lanatus_USA_2014C
Neal_Williams_Citrullus_lanatus_USA_2014,watermelon_ca_8_100,38.5586,-121.859,Citrullus lanatus,USA,20.46444444,NA,10.65,0,88703.68349,16220.05836,196839.7325,6480.583519,470816.8456,0,0,0,0,2360570.349,3139631.252,C,Neal_Williams_Citrullus_lanatus_USA_2014C
Neal_Williams_Citrullus_lanatus_USA_2014,watermelon_ca_13_0,38.5715,-121.9536,Citrullus lanatus,USA,15.78888889,NA,8.55,0,102991.3526,11475.50494,417268.9525,36337.37219,213203.8096,0,0,0,0,2358006.916,3139283.908,C,Neal_Williams_Citrullus_lanatus_USA_2014C
Neal_Williams_Citrullus_lanatus_USA_2014,watermelon_ca_13_25,38.5715,-121.9536,Citrullus lanatus,USA,19.91333333,NA,12.45,0,102991.3526,11475.50494,417268.9525,36337.37219,213203.8096,0,0,0,0,2358006.916,3139283.908,C,Neal_Williams_Citrullus_lanatus_USA_2014C
Neal_Williams_Citrullus_lanatus_USA_2014,watermelon_ca_13_50,38.5715,-121.9536,Citrullus lanatus,USA,23.24888889,NA,13.45,0,102991.3526,11475.50494,417268.9525,36337.37219,213203.8096,0,0,0,0,2358006.916,3139283.908,C,Neal_Williams_Citrullus_lanatus_USA_2014C
Neal_Williams_Citrullus_lanatus_USA_2014,watermelon_ca_13_100,38.5715,-121.9536,Citrullus lanatus,USA,19.68222222,NA,11.35,0,102991.3526,11475.50494,417268.9525,36337.37219,213203.8096,0,0,0,0,2358006.916,3139283.908,C,Neal_Williams_Citrullus_lanatus_USA_2014C
Neal_Williams_Citrullus_lanatus_USA_2014,watermelon_ca_14_0,38.540061,-121.951469,Citrullus lanatus,USA,22.74444444,NA,9,0,325962.8243,18353.2406,428635.7863,37981.2936,712418.4968,0,0,0,0,1616257.644,3139609.285,C,Neal_Williams_Citrullus_lanatus_USA_2014C
Neal_Williams_Citrullus_lanatus_USA_2014,watermelon_ca_14_25,38.540061,-121.951469,Citrullus lanatus,USA,22.93777778,NA,11.3,0,325962.8243,18353.2406,428635.7863,37981.2936,712418.4968,0,0,0,0,1616257.644,3139609.285,C,Neal_Williams_Citrullus_lanatus_USA_2014C
Neal_Williams_Citrullus_lanatus_USA_2014,watermelon_ca_14_50,38.540061,-121.951469,Citrullus lanatus,USA,25.6,NA,12.45,0,325962.8243,18353.2406,428635.7863,37981.2936,712418.4968,0,0,0,0,1616257.644,3139609.285,C,Neal_Williams_Citrullus_lanatus_USA_2014C
Neal_Williams_Citrullus_lanatus_USA_2014,watermelon_ca_14_100,38.540061,-121.951469,Citrullus lanatus,USA,23.78666667,NA,12,0,325962.8243,18353.2406,428635.7863,37981.2936,712418.4968,0,0,0,0,1616257.644,3139609.285,C,Neal_Williams_Citrullus_lanatus_USA_2014C
Neal_Williams_Citrullus_lanatus_USA_2014,watermelon_ca_15_0,38.552739,-121.934286,Citrullus lanatus,USA,11.58,NA,3.4,0,14680.70471,11788.77606,215529.9994,7782.902118,1512086.653,4935.946133,0,0,0,1372836.678,3139641.659,C,Neal_Williams_Citrullus_lanatus_USA_2014C
Neal_Williams_Citrullus_lanatus_USA_2014,watermelon_ca_15_25,38.552739,-121.934286,Citrullus lanatus,USA,11.38222222,NA,3.4,0,14680.70471,11788.77606,215529.9994,7782.902118,1512086.653,4935.946133,0,0,0,1372836.678,3139641.659,C,Neal_Williams_Citrullus_lanatus_USA_2014C
Neal_Williams_Citrullus_lanatus_USA_2014,watermelon_ca_15_50,38.552739,-121.934286,Citrullus lanatus,USA,13.83333333,NA,4.35,0,14680.70471,11788.77606,215529.9994,7782.902118,1512086.653,4935.946133,0,0,0,1372836.678,3139641.659,C,Neal_Williams_Citrullus_lanatus_USA_2014C
Neal_Williams_Citrullus_lanatus_USA_2014,watermelon_ca_17_0,38.757283,-121.816181,Citrullus lanatus,USA,17.49555556,NA,8.45,0,45677.86212,91643.30833,217745.133,168271.517,384747.6697,0,0,0,0,2231722.808,3139808.298,C,Neal_Williams_Citrullus_lanatus_USA_2014C
Neal_Williams_Citrullus_lanatus_USA_2014,watermelon_ca_17_25,38.757283,-121.816181,Citrullus lanatus,USA,15.14222222,NA,9.95,0,45677.86212,91643.30833,217745.133,168271.517,384747.6697,0,0,0,0,2231722.808,3139808.298,C,Neal_Williams_Citrullus_lanatus_USA_2014C
Neal_Williams_Citrullus_lanatus_USA_2014,watermelon_ca_17_50,38.757283,-121.816181,Citrullus lanatus,USA,16.55555556,NA,10,0,45677.86212,91643.30833,217745.133,168271.517,384747.6697,0,0,0,0,2231722.808,3139808.298,C,Neal_Williams_Citrullus_lanatus_USA_2014C
Neal_Williams_Citrullus_lanatus_USA_2014,watermelon_ca_17_100,38.757283,-121.816181,Citrullus lanatus,USA,15.69555556,NA,9.25,0,45677.86212,91643.30833,217745.133,168271.517,384747.6697,0,0,0,0,2231722.808,3139808.298,C,Neal_Williams_Citrullus_lanatus_USA_2014C
Neal_Williams_Citrullus_lanatus_USA_2015,watermelon_ca_6_0,38.7652,-121.7945,Citrullus lanatus,USA,8.576388889,NA,4.75,0,28387.61007,10666.17772,380993.1806,30570.08305,965974.0323,0,0,0,0,1723214.798,3139805.882,C,Neal_Williams_Citrullus_lanatus_USA_2015C
Neal_Williams_Citrullus_lanatus_USA_2015,watermelon_ca_6_25,38.7652,-121.7945,Citrullus lanatus,USA,9.455611111,NA,7.25,0,28387.61007,10666.17772,380993.1806,30570.08305,965974.0323,0,0,0,0,1723214.798,3139805.882,C,Neal_Williams_Citrullus_lanatus_USA_2015C
Neal_Williams_Citrullus_lanatus_USA_2015,watermelon_ca_6_50,38.7652,-121.7945,Citrullus lanatus,USA,7.240138889,NA,4.8125,0,28387.61007,10666.17772,380993.1806,30570.08305,965974.0323,0,0,0,0,1723214.798,3139805.882,C,Neal_Williams_Citrullus_lanatus_USA_2015C
Neal_Williams_Citrullus_lanatus_USA_2015,watermelon_ca_12_0,38.545173,-121.870438,Citrullus lanatus,USA,14.64711111,NA,8.8,0,26529.77384,12450.78506,610418.4926,32124.95182,295520.7393,0,0,0,0,2161971.013,3139015.755,C,Neal_Williams_Citrullus_lanatus_USA_2015C
Neal_Williams_Citrullus_lanatus_USA_2015,watermelon_ca_12_25,38.545173,-121.870438,Citrullus lanatus,USA,18.39211111,NA,11.9,0,26529.77384,12450.78506,610418.4926,32124.95182,295520.7393,0,0,0,0,2161971.013,3139015.755,C,Neal_Williams_Citrullus_lanatus_USA_2015C
Neal_Williams_Citrullus_lanatus_USA_2015,watermelon_ca_12_50,38.545173,-121.870438,Citrullus lanatus,USA,17.91288889,NA,11.45,0,26529.77384,12450.78506,610418.4926,32124.95182,295520.7393,0,0,0,0,2161971.013,3139015.755,C,Neal_Williams_Citrullus_lanatus_USA_2015C
Neal_Williams_Citrullus_lanatus_USA_2015,watermelon_ca_12_100,38.545173,-121.870438,Citrullus lanatus,USA,15.70994444,NA,9.95,0,26529.77384,12450.78506,610418.4926,32124.95182,295520.7393,0,0,0,0,2161971.013,3139015.755,C,Neal_Williams_Citrullus_lanatus_USA_2015C
Nicolas_J_Vereecken_Brassica_napus_Belgium_2019,Flemalle,50.66625,4.643972,Brassica napus,Belgium,0,NA,0,0,538009.3704,0,904172.7278,2284.953461,539415.9695,0,0,0,0,1166077.023,3149960.044,C,Nicolas_J_Vereecken_Brassica_napus_Belgium_2019C
Nicolas_J_Vereecken_Brassica_napus_Belgium_2019,Freres_Delvaux,50.398343,4.7215,Brassica napus,Belgium,0,NA,0,0,95910.7018,0,468625.7845,1723.391544,476306.6277,3510.51643,0,0,0,2103099.269,3149176.291,C,Nicolas_J_Vereecken_Brassica_napus_Belgium_2019C
Nicolas_J_Vereecken_Brassica_napus_Belgium_2019,Pirmez,50.342707,4.731325,Brassica napus,Belgium,0,NA,0,0,150778.2311,0,766072.3487,0,634784.6375,0,0,0,0,1596667.623,3148302.84,C,Nicolas_J_Vereecken_Brassica_napus_Belgium_2019C
Nicolas_J_Vereecken_Brassica_napus_Belgium_2019,Schiepers,50.553917,5.207083,Brassica napus,Belgium,0,NA,0,0,103853.5535,0,856996.7927,0,1475211.421,7147.280666,0,0,0,706234.5185,3149443.566,C,Nicolas_J_Vereecken_Brassica_napus_Belgium_2019C
Nicolas_J_Vereecken_Brassica_napus_France_2016,Villebrun-Colza,49.22638,0.6455555,Brassica napus,France,0,NA,0,0,13987.95123,0,426295.5289,0,1971379.583,0,0,0,0,736836.853,3148499.916,C,Nicolas_J_Vereecken_Brassica_napus_France_2016C
Nicolas_J_Vereecken_Fragaria_x_ananassa_Belgium_2019,Coin_des_Champs,50.641649,4.577286,Fragaria x ananassa,Belgium,0,NA,0,0,249011.7227,0,301517.6205,0,1971771.776,37653.68336,0,0,0,589315.9473,3149270.75,C,Nicolas_J_Vereecken_Fragaria_x_ananassa_Belgium_2019C
Nicolas_J_Vereecken_Fragaria_x_ananassa_Belgium_2019,Ferme_du_Chateau,50.48925,4.933753,Fragaria x ananassa,Belgium,0,NA,0,0,101473.1094,0,640716.0854,0,1715136.337,0,0,0,0,692247.9285,3149573.46,C,Nicolas_J_Vereecken_Fragaria_x_ananassa_Belgium_2019C
Nicolas_J_Vereecken_Fragaria_x_ananassa_Belgium_2019,Fruits_du_Verger,50.528752,4.760494,Fragaria x ananassa,Belgium,0,NA,0,0,178408.7853,0,387247.2323,0,374260.4688,0,0,0,0,2209084.929,3149001.415,C,Nicolas_J_Vereecken_Fragaria_x_ananassa_Belgium_2019C
Nicolas_J_Vereecken_Fragaria_x_ananassa_Belgium_2019,Val-Notre-Dame,50.548723,5.21781,Fragaria x ananassa,Belgium,0,NA,0,0,265819.4737,0,889850.2497,0,1000501.922,0,0,0,0,993773.6445,3149945.289,C,Nicolas_J_Vereecken_Fragaria_x_ananassa_Belgium_2019C
Nicolas_J_Vereecken_Malus_domestica_Belgium_2016,Gasi_2016,50.684731,4.815881,Malus domestica,Belgium,0,NA,0,0,160090.0652,0,452779.834,0,418872.791,57475.79292,0,0,0,2060830.454,3150048.937,C,Nicolas_J_Vereecken_Malus_domestica_Belgium_2016C
Nicolas_J_Vereecken_Malus_domestica_Belgium_2016,Penteville_2016,50.551525,4.652258,Malus domestica,Belgium,0,NA,0,0,88519.80185,0,334954.8483,254.4839058,351655.4139,0,0,0,0,2373627.668,3149012.216,C,Nicolas_J_Vereecken_Malus_domestica_Belgium_2016C
Nicolas_J_Vereecken_Malus_domestica_Belgium_2017,Gasi_2017,50.687784,4.819336,Malus domestica,Belgium,0,NA,0,0,163964.3339,0,439550.4088,0,444536.0396,45636.30605,0,0,0,2056165.222,3149852.311,C,Nicolas_J_Vereecken_Malus_domestica_Belgium_2017C
Nicolas_J_Vereecken_Malus_domestica_Belgium_2017,Penteville_2017,50.552216,4.653305,Malus domestica,Belgium,0,NA,0,0,87240.83886,0,316762.9569,254.4839058,393073.0153,0,0,0,0,2352612.743,3149944.038,C,Nicolas_J_Vereecken_Malus_domestica_Belgium_2017C
Nicolas_J_Vereecken_Malus_domestica_Belgium_2017,Pommeraie_2017,50.557979,4.707042,Malus domestica,Belgium,0,NA,0,0,753751.1219,0,463493.448,0,668189.784,0,0,0,0,1264514.317,3149948.671,C,Nicolas_J_Vereecken_Malus_domestica_Belgium_2017C
Nicolas_J_Vereecken_Malus_domestica_Belgium_2019,Ballat,50.727846,5.73069,Malus domestica,Belgium,0,NA,0,0,116166.4,0,1603075.686,0,751234.6114,0,0,0,0,679289.408,3149766.105,C,Nicolas_J_Vereecken_Malus_domestica_Belgium_2019C
Nicolas_J_Vereecken_Malus_domestica_Belgium_2019,Bianca 18O,50.926274,4.945741,Malus domestica,Belgium,0,NA,0,0,106687.4748,0,1382965.364,0,624171.2954,0,0,0,0,1036413.393,3150237.528,C,Nicolas_J_Vereecken_Malus_domestica_Belgium_2019C
Nicolas_J_Vereecken_Malus_domestica_Belgium_2019,Bianca 20C,50.876635,4.904523,Malus domestica,Belgium,0,NA,0,0,158420.145,0,851485.3922,0,824812.3638,0,0,0,0,1314770.644,3149488.545,C,Nicolas_J_Vereecken_Malus_domestica_Belgium_2019C
Nicolas_J_Vereecken_Malus_domestica_Belgium_2019,Bianca 21C,50.853677,5.25143,Malus domestica,Belgium,0,NA,0,0,350882.9598,0,1161105.17,2465.296051,918534.5917,2781.33366,0,0,0,714389.0793,3150158.43,C,Nicolas_J_Vereecken_Malus_domestica_Belgium_2019C
Nicolas_J_Vereecken_Malus_domestica_Belgium_2019,Bianca 21O,50.92741,5.024766,Malus domestica,Belgium,0,NA,0,0,54917.15335,0,917598.966,0,881244.8202,0,0,0,0,1296472.19,3150233.13,C,Nicolas_J_Vereecken_Malus_domestica_Belgium_2019C
Nicolas_J_Vereecken_Malus_domestica_Belgium_2019,Gasi_malus_2019,50.687773,4.819197,Malus domestica,Belgium,6800,NA,0,0,165187.543,0,444246.9305,0,451024.2641,46690.1626,0,0,0,2042903.771,3150052.671,C,Nicolas_J_Vereecken_Malus_domestica_Belgium_2019C
Nicolas_J_Vereecken_Malus_domestica_Belgium_2019,Laduron,50.733162,5.786554,Malus domestica,Belgium,18000,NA,0,0,125717.3238,126.7699089,1579580.091,443.6601868,1138889.746,0,0,0,0,304477.4924,3149235.084,C,Nicolas_J_Vereecken_Malus_domestica_Belgium_2019C
Nicolas_J_Vereecken_Malus_domestica_Belgium_2019,Pommeraie_2019,50.558067,4.708504,Malus domestica,Belgium,40000,NA,0,0,663370.3677,0,472996.0896,0,618887.5023,0,0,0,0,1394620.464,3149874.424,C,Nicolas_J_Vereecken_Malus_domestica_Belgium_2019C
Nicolas_J_Vereecken_Malus_domestica_Belgium_2019,Vergers de Barry,50.58112,3.5445,Malus domestica,Belgium,0,NA,0,0,161542.971,0,977866.477,0,233140.0983,0,0,0,0,1776576.87,3149126.416,C,Nicolas_J_Vereecken_Malus_domestica_Belgium_2019C
Nicolas_J_Vereecken_Malus_domestica_Belgium_2019,Vergers de Brunehaut,50.506134,3.382844,Malus domestica,Belgium,30000,NA,0,0,247098.2539,0,740668.6089,0,1107499.532,24509.9411,0,0,254.7055511,1029110.431,3149141.473,C,Nicolas_J_Vereecken_Malus_domestica_Belgium_2019C
Nicolas_J_Vereecken_Malus_domestica_Belgium_2019,Vergers de la Vallee,50.59265,4.9507,Malus domestica,Belgium,40000,NA,0,0,157610.0531,0,662671.8994,0,367962.9746,0,0,0,0,1960745.688,3148990.615,C,Nicolas_J_Vereecken_Malus_domestica_Belgium_2019C
Nicolas_J_Vereecken_Malus_domestica_France_2016,Villebrun-Verger,49.255,0.629444,Malus domestica,France,0,NA,0,0,21299.89084,0,984233.2871,0,433901.8076,0,0,0,0,1708938.221,3148373.207,C,Nicolas_J_Vereecken_Malus_domestica_France_2016C
Nicolas_J_Vereecken_Malus_domestica_France_2019,Bois de la Borde,47.557031,0.553025,Malus domestica,France,60000,NA,0,0,209686.7455,0,562358.0652,0,607241.0155,28696.38542,0,0,0,1739011.994,3146994.205,C,Nicolas_J_Vereecken_Malus_domestica_France_2019C
Nicolas_J_Vereecken_Malus_domestica_France_2019,Dampleux,49.245781,3.150376,Malus domestica,France,0,NA,0,0,72144.46664,0,195887.4457,0,2114459.186,0,0,0,0,765861.5336,3148352.632,C,Nicolas_J_Vereecken_Malus_domestica_France_2019C
Nicolas_J_Vereecken_Malus_domestica_France_2019,Ferme de Canon,49.0803,-0.09375,Malus domestica,France,14000,NA,0,0,215793.3834,0,1272137.921,0,984311.7204,4327.089645,0,0,0,671698.8112,3148268.926,C,Nicolas_J_Vereecken_Malus_domestica_France_2019C
Nicolas_J_Vereecken_Malus_domestica_France_2019,Fontenay,49.10034,-0.353761,Malus domestica,France,37170,NA,0,0,415490.0916,0,548600.1607,65.54238129,386937.3538,4718.719025,0,0,0,1791731.942,3147543.81,C,Nicolas_J_Vereecken_Malus_domestica_France_2019C
Nicolas_J_Vereecken_Malus_domestica_France_2019,Innenheim,48.502409,7.557589,Malus domestica,France,0,NA,0,0,131765.6185,0,207657.7149,0,218419.4505,0,0,0,0,2589575.129,3147417.913,C,Nicolas_J_Vereecken_Malus_domestica_France_2019C
Nicolas_J_Vereecken_Malus_domestica_France_2019,Jeunes de la Motte,47.518982,0.468389,Malus domestica,France,65000,NA,0,0,165857.2629,0,868989.82,0,831566.6116,270.295372,0,0,0,1280449.757,3147133.747,C,Nicolas_J_Vereecken_Malus_domestica_France_2019C
Nicolas_J_Vereecken_Malus_domestica_France_2019,Le Plessis,49.183461,3.059649,Malus domestica,France,28500,NA,0,0,25256.44803,0,169248.0735,65.42047882,587746.6134,0,0,0,0,2366200.122,3148516.677,C,Nicolas_J_Vereecken_Malus_domestica_France_2019C
Nicolas_J_Vereecken_Malus_domestica_France_2019,Maillebois,46.115485,5.913749,Malus domestica,France,0,NA,0,0,152346.2691,0,1115298.008,0,1370598.362,72232.51576,0,0,0,434602.7367,3145077.891,C,Nicolas_J_Vereecken_Malus_domestica_France_2019C
Nicolas_J_Vereecken_Malus_domestica_France_2019,SCA de la Plesse,47.524699,-0.5062,Malus domestica,France,44570,NA,0,0,263594.0876,0,1061223.445,0,947797.4061,38776.09789,0,0,67.56781769,835594.5076,3147053.112,C,Nicolas_J_Vereecken_Malus_domestica_France_2019C
Nicolas_J_Vereecken_Malus_domestica_France_2019,SCA de Vauleard,47.564191,-0.627172,Malus domestica,France,69000,NA,0,0,32777.73904,0,717649.5223,135.0274811,796941.8378,155798.4779,0,0,1012.657127,1442639.052,3146954.313,C,Nicolas_J_Vereecken_Malus_domestica_France_2019C
Nicolas_J_Vereecken_Malus_domestica_France_2019,Tilly,46.107229,5.92304,Malus domestica,France,0,NA,0,0,371725.8948,0,1140778.486,0,955529.6233,2773.646599,0,0,0,675204.042,3146011.692,C,Nicolas_J_Vereecken_Malus_domestica_France_2019C
Nicolas_J_Vereecken_Malus_domestica_France_2019,Traenheim,48.590605,7.477028,Malus domestica,France,0,NA,0,0,271417.1819,0,971285.5657,132.3907928,653333.9771,0,0,0,0,1251639.201,3147808.316,C,Nicolas_J_Vereecken_Malus_domestica_France_2019C
Nicolas_J_Vereecken_Malus_domestica_France_2019,Vergers Ohey,50.443185,5.121998,Malus domestica,France,0,NA,0,0,310432.9337,0,910560.4792,191.304512,1227577.857,1084.008545,0,0,0,699725.4904,3149572.073,C,Nicolas_J_Vereecken_Malus_domestica_France_2019C
Nicolas_J_Vereecken_Pyrus_communis_Belgium_2019,Gasi_pyrus_2019,50.685186,4.814659,Pyrus communis,Belgium,0,NA,0,0,178738.7397,0,516992.5545,0,518649.9541,57539.22992,0,0,0,1877766.074,3149686.552,C,Nicolas_J_Vereecken_Pyrus_communis_Belgium_2019C
Nicolas_J_Vereecken_Pyrus_communis_Belgium_2019,Pommeraie_pyrus_2019,50.557463,4.70593,Pyrus communis,Belgium,0,NA,0,0,816059.765,0,449754.8759,0,721878.8932,0,0,0,0,1162251.411,3149944.945,C,Nicolas_J_Vereecken_Pyrus_communis_Belgium_2019C
Nicolas_J_Vereecken_Rubus_idaeus_Belgium_2017,La Framboiseraie de Redu,50.007962,5.156609,Rubus idaeus,Belgium,0,NA,0,0,109259.2693,0,1561328.783,0,1239002.84,0,0,0,0,239226.6948,3148817.587,C,Nicolas_J_Vereecken_Rubus_idaeus_Belgium_2017C
Nicolas_J_Vereecken_Vaccinium_corymbosum_Belgium_2017,Fredandberries,50.308921,5.883556,Vaccinium corymbosum,Belgium,2610,NA,0,0,12596.45872,0,500033.5247,0,2599098.455,63.93699646,0,0,0,37709.13165,3149501.508,C,Nicolas_J_Vereecken_Vaccinium_corymbosum_Belgium_2017C
Nicolas_J_Vereecken_Vaccinium_corymbosum_Belgium_2017,Myrtille de Chardeneux,50.368968,5.361766,Vaccinium corymbosum,Belgium,6980,NA,0,0,64251.83915,0,1456671.143,0,997854.3786,63.86264801,0,0,0,630894.2828,3149735.507,C,Nicolas_J_Vereecken_Vaccinium_corymbosum_Belgium_2017C
Nicolas_J_Vereecken_Vaccinium_corymbosum_Belgium_2017,P'tits Fruits d'Ici,50.57221,3.966101,Vaccinium corymbosum,Belgium,1200,NA,0,0,41717.79141,0,743293.7071,254.383049,157949.6184,0,0,0,0,2206606.692,3149822.192,C,Nicolas_J_Vereecken_Vaccinium_corymbosum_Belgium_2017C
Nikki_Rothwell_Prunus_cerasus_USA_2013,cherry_tart_mi_1_0,45.030369,-85.666803,Prunus cerasus,USA,0.215641758,NA,26,0,29431.66381,0,1095405.811,0,1919046.96,0,0,0,0,101106.4136,3144990.848,D,Nikki_Rothwell_Prunus_cerasus_USA_2013D
Nikki_Rothwell_Prunus_cerasus_USA_2013,cherry_tart_mi_1_25,45.030369,-85.666803,Prunus cerasus,USA,0.126060822,NA,11.5,0,29431.66381,0,1095405.811,0,1919046.96,0,0,0,0,101106.4136,3144990.848,D,Nikki_Rothwell_Prunus_cerasus_USA_2013D
Nikki_Rothwell_Prunus_cerasus_USA_2013,cherry_tart_mi_1_50,45.030369,-85.666803,Prunus cerasus,USA,0.204693383,NA,21,0,29431.66381,0,1095405.811,0,1919046.96,0,0,0,0,101106.4136,3144990.848,D,Nikki_Rothwell_Prunus_cerasus_USA_2013D
Nikki_Rothwell_Prunus_cerasus_USA_2013,cherry_tart_mi_1_100,45.030369,-85.666803,Prunus cerasus,USA,0.224074792,NA,25,0,29431.66381,0,1095405.811,0,1919046.96,0,0,0,0,101106.4136,3144990.848,D,Nikki_Rothwell_Prunus_cerasus_USA_2013D
Nikki_Rothwell_Prunus_cerasus_USA_2013,cherry_tart_mi_2_0,42.099178,-86.186167,Prunus cerasus,USA,0.353784645,NA,21.4,0,49108.55928,0,519815.7528,1038.145309,521900.553,57683.71773,0,0,78964.75311,1914106.907,3142618.388,D,Nikki_Rothwell_Prunus_cerasus_USA_2013D
Nikki_Rothwell_Prunus_cerasus_USA_2013,cherry_tart_mi_2_25,42.099178,-86.186167,Prunus cerasus,USA,0.317192391,NA,23.3,0,49108.55928,0,519815.7528,1038.145309,521900.553,57683.71773,0,0,78964.75311,1914106.907,3142618.388,D,Nikki_Rothwell_Prunus_cerasus_USA_2013D
Nikki_Rothwell_Prunus_cerasus_USA_2013,cherry_tart_mi_2_100,42.099178,-86.186167,Prunus cerasus,USA,0.256904623,NA,31.2,0,49108.55928,0,519815.7528,1038.145309,521900.553,57683.71773,0,0,78964.75311,1914106.907,3142618.388,D,Nikki_Rothwell_Prunus_cerasus_USA_2013D
Nikki_Rothwell_Prunus_cerasus_USA_2013,cherry_tart_mi_3_0,42.164797,-86.136244,Prunus cerasus,USA,0.289000707,NA,22.3,0,14444.02564,0,716526.5218,148.1420135,746746.0667,222.224205,0,0,370.3652802,1664235.279,3142692.625,D,Nikki_Rothwell_Prunus_cerasus_USA_2013D
Nikki_Rothwell_Prunus_cerasus_USA_2013,cherry_tart_mi_3_25,42.164797,-86.136244,Prunus cerasus,USA,0.339242333,NA,17.4,0,14444.02564,0,716526.5218,148.1420135,746746.0667,222.224205,0,0,370.3652802,1664235.279,3142692.625,D,Nikki_Rothwell_Prunus_cerasus_USA_2013D
Nikki_Rothwell_Prunus_cerasus_USA_2013,cherry_tart_mi_3_100,42.164797,-86.136244,Prunus cerasus,USA,0.278008253,NA,17.2,0,14444.02564,0,716526.5218,148.1420135,746746.0667,222.224205,0,0,370.3652802,1664235.279,3142692.625,D,Nikki_Rothwell_Prunus_cerasus_USA_2013D
Nikki_Rothwell_Prunus_cerasus_USA_2013,cherry_tart_mi_4_0,43.723864,-86.363289,Prunus cerasus,USA,0.165577654,NA,17.8,0,64093.84355,0,1024822.776,1461.895583,1286388.579,22833.19148,0,0,0,744182.8804,3143783.167,D,Nikki_Rothwell_Prunus_cerasus_USA_2013D
Nikki_Rothwell_Prunus_cerasus_USA_2013,cherry_tart_mi_4_25,43.723864,-86.363289,Prunus cerasus,USA,0.227436203,NA,21.9,0,64093.84355,0,1024822.776,1461.895583,1286388.579,22833.19148,0,0,0,744182.8804,3143783.167,D,Nikki_Rothwell_Prunus_cerasus_USA_2013D
Nikki_Rothwell_Prunus_cerasus_USA_2013,cherry_tart_mi_4_50,43.723864,-86.363289,Prunus cerasus,USA,0.139981586,NA,16.3,0,64093.84355,0,1024822.776,1461.895583,1286388.579,22833.19148,0,0,0,744182.8804,3143783.167,D,Nikki_Rothwell_Prunus_cerasus_USA_2013D
Nikki_Rothwell_Prunus_cerasus_USA_2013,cherry_tart_mi_4_100,43.723864,-86.363289,Prunus cerasus,USA,0.194384452,NA,21.9,0,64093.84355,0,1024822.776,1461.895583,1286388.579,22833.19148,0,0,0,744182.8804,3143783.167,D,Nikki_Rothwell_Prunus_cerasus_USA_2013D
Nikki_Rothwell_Prunus_cerasus_USA_2013,cherry_tart_mi_5_0,44.867769,-85.666767,Prunus cerasus,USA,0.079336321,NA,4.5,0,65410.64863,0,973876.5946,354.3976593,2019906.079,0,0,0,0,85114.84057,3144662.561,D,Nikki_Rothwell_Prunus_cerasus_USA_2013D
Nikki_Rothwell_Prunus_cerasus_USA_2013,cherry_tart_mi_5_25,44.867769,-85.666767,Prunus cerasus,USA,0.133291175,NA,9.8,0,65410.64863,0,973876.5946,354.3976593,2019906.079,0,0,0,0,85114.84057,3144662.561,D,Nikki_Rothwell_Prunus_cerasus_USA_2013D
Nikki_Rothwell_Prunus_cerasus_USA_2013,cherry_tart_mi_5_50,44.867769,-85.666767,Prunus cerasus,USA,0.231934996,NA,13,0,65410.64863,0,973876.5946,354.3976593,2019906.079,0,0,0,0,85114.84057,3144662.561,D,Nikki_Rothwell_Prunus_cerasus_USA_2013D
Nikki_Rothwell_Prunus_cerasus_USA_2013,cherry_tart_mi_5_100,44.867769,-85.666767,Prunus cerasus,USA,0.22061003,NA,18.1,0,65410.64863,0,973876.5946,354.3976593,2019906.079,0,0,0,0,85114.84057,3144662.561,D,Nikki_Rothwell_Prunus_cerasus_USA_2013D
Nikki_Rothwell_Prunus_cerasus_USA_2014,cherry_tart_mi_1_0,45.030369,-85.666803,Prunus cerasus,USA,0.256026051,NA,84.7,0,29431.66381,0,1095405.811,0,1919046.96,0,0,0,0,101106.4136,3144990.848,D,Nikki_Rothwell_Prunus_cerasus_USA_2014D
Nikki_Rothwell_Prunus_cerasus_USA_2014,cherry_tart_mi_1_25,45.030369,-85.666803,Prunus cerasus,USA,0.170184796,NA,78,0,29431.66381,0,1095405.811,0,1919046.96,0,0,0,0,101106.4136,3144990.848,D,Nikki_Rothwell_Prunus_cerasus_USA_2014D
Nikki_Rothwell_Prunus_cerasus_USA_2014,cherry_tart_mi_1_50,45.030369,-85.666803,Prunus cerasus,USA,0.22082677,NA,89.1,0,29431.66381,0,1095405.811,0,1919046.96,0,0,0,0,101106.4136,3144990.848,D,Nikki_Rothwell_Prunus_cerasus_USA_2014D
Nikki_Rothwell_Prunus_cerasus_USA_2014,cherry_tart_mi_1_100,45.030369,-85.666803,Prunus cerasus,USA,0.299804582,NA,104.8,0,29431.66381,0,1095405.811,0,1919046.96,0,0,0,0,101106.4136,3144990.848,D,Nikki_Rothwell_Prunus_cerasus_USA_2014D
Nikki_Rothwell_Prunus_cerasus_USA_2014,cherry_tart_mi_2_0,42.099178,-86.186167,Prunus cerasus,USA,0.299800317,NA,73.8,0,49108.55928,0,519815.7528,1038.145309,521900.553,57683.71773,0,0,78964.75311,1914106.907,3142618.388,D,Nikki_Rothwell_Prunus_cerasus_USA_2014D
Nikki_Rothwell_Prunus_cerasus_USA_2014,cherry_tart_mi_2_25,42.099178,-86.186167,Prunus cerasus,USA,0.270899116,NA,43.3,0,49108.55928,0,519815.7528,1038.145309,521900.553,57683.71773,0,0,78964.75311,1914106.907,3142618.388,D,Nikki_Rothwell_Prunus_cerasus_USA_2014D
Nikki_Rothwell_Prunus_cerasus_USA_2014,cherry_tart_mi_2_50,42.099178,-86.186167,Prunus cerasus,USA,0.411892056,NA,78.1,0,49108.55928,0,519815.7528,1038.145309,521900.553,57683.71773,0,0,78964.75311,1914106.907,3142618.388,D,Nikki_Rothwell_Prunus_cerasus_USA_2014D
Nikki_Rothwell_Prunus_cerasus_USA_2014,cherry_tart_mi_2_100,42.099178,-86.186167,Prunus cerasus,USA,0.435901027,NA,66.1,0,49108.55928,0,519815.7528,1038.145309,521900.553,57683.71773,0,0,78964.75311,1914106.907,3142618.388,D,Nikki_Rothwell_Prunus_cerasus_USA_2014D
Nikki_Rothwell_Prunus_cerasus_USA_2014,cherry_tart_mi_3_0,42.164797,-86.136244,Prunus cerasus,USA,0.269200359,NA,72.9,0,14444.02564,0,716526.5218,148.1420135,746746.0667,222.224205,0,0,370.3652802,1664235.279,3142692.625,D,Nikki_Rothwell_Prunus_cerasus_USA_2014D
Nikki_Rothwell_Prunus_cerasus_USA_2014,cherry_tart_mi_3_25,42.164797,-86.136244,Prunus cerasus,USA,0.479569315,NA,82.2,0,14444.02564,0,716526.5218,148.1420135,746746.0667,222.224205,0,0,370.3652802,1664235.279,3142692.625,D,Nikki_Rothwell_Prunus_cerasus_USA_2014D
Nikki_Rothwell_Prunus_cerasus_USA_2014,cherry_tart_mi_3_50,42.164797,-86.136244,Prunus cerasus,USA,0.580425815,NA,126.4,0,14444.02564,0,716526.5218,148.1420135,746746.0667,222.224205,0,0,370.3652802,1664235.279,3142692.625,D,Nikki_Rothwell_Prunus_cerasus_USA_2014D
Nikki_Rothwell_Prunus_cerasus_USA_2014,cherry_tart_mi_3_100,42.164797,-86.136244,Prunus cerasus,USA,0.378137092,NA,109.3,0,14444.02564,0,716526.5218,148.1420135,746746.0667,222.224205,0,0,370.3652802,1664235.279,3142692.625,D,Nikki_Rothwell_Prunus_cerasus_USA_2014D
Nikki_Rothwell_Prunus_cerasus_USA_2014,cherry_tart_mi_4_0,43.723864,-86.363289,Prunus cerasus,USA,0.115995973,NA,31.3,0,64093.84355,0,1024822.776,1461.895583,1286388.579,22833.19148,0,0,0,744182.8804,3143783.167,D,Nikki_Rothwell_Prunus_cerasus_USA_2014D
Nikki_Rothwell_Prunus_cerasus_USA_2014,cherry_tart_mi_4_25,43.723864,-86.363289,Prunus cerasus,USA,0.10856734,NA,40.7,0,64093.84355,0,1024822.776,1461.895583,1286388.579,22833.19148,0,0,0,744182.8804,3143783.167,D,Nikki_Rothwell_Prunus_cerasus_USA_2014D
Nikki_Rothwell_Prunus_cerasus_USA_2014,cherry_tart_mi_4_50,43.723864,-86.363289,Prunus cerasus,USA,0.147045232,NA,65.1,0,64093.84355,0,1024822.776,1461.895583,1286388.579,22833.19148,0,0,0,744182.8804,3143783.167,D,Nikki_Rothwell_Prunus_cerasus_USA_2014D
Nikki_Rothwell_Prunus_cerasus_USA_2014,cherry_tart_mi_4_100,43.723864,-86.363289,Prunus cerasus,USA,0.156525752,NA,65.3,0,64093.84355,0,1024822.776,1461.895583,1286388.579,22833.19148,0,0,0,744182.8804,3143783.167,D,Nikki_Rothwell_Prunus_cerasus_USA_2014D
Nikki_Rothwell_Prunus_cerasus_USA_2014,cherry_tart_mi_5_0,44.867769,-85.666767,Prunus cerasus,USA,0.13658564,NA,29.2,0,65410.64863,0,973876.5946,354.3976593,2019906.079,0,0,0,0,85114.84057,3144662.561,D,Nikki_Rothwell_Prunus_cerasus_USA_2014D
Nikki_Rothwell_Prunus_cerasus_USA_2014,cherry_tart_mi_5_25,44.867769,-85.666767,Prunus cerasus,USA,0.304052123,NA,78.2,0,65410.64863,0,973876.5946,354.3976593,2019906.079,0,0,0,0,85114.84057,3144662.561,D,Nikki_Rothwell_Prunus_cerasus_USA_2014D
Nikki_Rothwell_Prunus_cerasus_USA_2014,cherry_tart_mi_5_50,44.867769,-85.666767,Prunus cerasus,USA,0.315666497,NA,84.5,0,65410.64863,0,973876.5946,354.3976593,2019906.079,0,0,0,0,85114.84057,3144662.561,D,Nikki_Rothwell_Prunus_cerasus_USA_2014D
Nikki_Rothwell_Prunus_cerasus_USA_2014,cherry_tart_mi_5_100,44.867769,-85.666767,Prunus cerasus,USA,0.277633024,NA,163.5,0,65410.64863,0,973876.5946,354.3976593,2019906.079,0,0,0,0,85114.84057,3144662.561,D,Nikki_Rothwell_Prunus_cerasus_USA_2014D
Nikki_Rothwell_Prunus_cerasus_USA_2015,cherry_tart_mi_1_0,45.030369,-85.666803,Prunus cerasus,USA,0.182694223,NA,50.5,0,29431.66381,0,1095405.811,0,1919046.96,0,0,0,0,101106.4136,3144990.848,D,Nikki_Rothwell_Prunus_cerasus_USA_2015D
Nikki_Rothwell_Prunus_cerasus_USA_2015,cherry_tart_mi_1_25,45.030369,-85.666803,Prunus cerasus,USA,0.163772933,NA,61.6,0,29431.66381,0,1095405.811,0,1919046.96,0,0,0,0,101106.4136,3144990.848,D,Nikki_Rothwell_Prunus_cerasus_USA_2015D
Nikki_Rothwell_Prunus_cerasus_USA_2015,cherry_tart_mi_1_50,45.030369,-85.666803,Prunus cerasus,USA,0.180163482,NA,60.7,0,29431.66381,0,1095405.811,0,1919046.96,0,0,0,0,101106.4136,3144990.848,D,Nikki_Rothwell_Prunus_cerasus_USA_2015D
Nikki_Rothwell_Prunus_cerasus_USA_2015,cherry_tart_mi_1_100,45.030369,-85.666803,Prunus cerasus,USA,0.191945329,NA,70.9,0,29431.66381,0,1095405.811,0,1919046.96,0,0,0,0,101106.4136,3144990.848,D,Nikki_Rothwell_Prunus_cerasus_USA_2015D
Nikki_Rothwell_Prunus_cerasus_USA_2015,cherry_tart_mi_2_0,42.099178,-86.186167,Prunus cerasus,USA,0.271257705,NA,90.6,0,49108.55928,0,519815.7528,1038.145309,521900.553,57683.71773,0,0,78964.75311,1914106.907,3142618.388,D,Nikki_Rothwell_Prunus_cerasus_USA_2015D
Nikki_Rothwell_Prunus_cerasus_USA_2015,cherry_tart_mi_2_25,42.099178,-86.186167,Prunus cerasus,USA,0.264221765,NA,84.4,0,49108.55928,0,519815.7528,1038.145309,521900.553,57683.71773,0,0,78964.75311,1914106.907,3142618.388,D,Nikki_Rothwell_Prunus_cerasus_USA_2015D
Nikki_Rothwell_Prunus_cerasus_USA_2015,cherry_tart_mi_2_50,42.099178,-86.186167,Prunus cerasus,USA,0.264791775,NA,104.9,0,49108.55928,0,519815.7528,1038.145309,521900.553,57683.71773,0,0,78964.75311,1914106.907,3142618.388,D,Nikki_Rothwell_Prunus_cerasus_USA_2015D
Nikki_Rothwell_Prunus_cerasus_USA_2015,cherry_tart_mi_2_100,42.099178,-86.186167,Prunus cerasus,USA,0.256253688,NA,81.5,0,49108.55928,0,519815.7528,1038.145309,521900.553,57683.71773,0,0,78964.75311,1914106.907,3142618.388,D,Nikki_Rothwell_Prunus_cerasus_USA_2015D
Nikki_Rothwell_Prunus_cerasus_USA_2015,cherry_tart_mi_3_0,42.164797,-86.136244,Prunus cerasus,USA,0.382324442,NA,115.4444444,0,14444.02564,0,716526.5218,148.1420135,746746.0667,222.224205,0,0,370.3652802,1664235.279,3142692.625,D,Nikki_Rothwell_Prunus_cerasus_USA_2015D
Nikki_Rothwell_Prunus_cerasus_USA_2015,cherry_tart_mi_3_25,42.164797,-86.136244,Prunus cerasus,USA,0.360639749,NA,168.4,0,14444.02564,0,716526.5218,148.1420135,746746.0667,222.224205,0,0,370.3652802,1664235.279,3142692.625,D,Nikki_Rothwell_Prunus_cerasus_USA_2015D
Nikki_Rothwell_Prunus_cerasus_USA_2015,cherry_tart_mi_3_50,42.164797,-86.136244,Prunus cerasus,USA,0.308494989,NA,127.9,0,14444.02564,0,716526.5218,148.1420135,746746.0667,222.224205,0,0,370.3652802,1664235.279,3142692.625,D,Nikki_Rothwell_Prunus_cerasus_USA_2015D
Nikki_Rothwell_Prunus_cerasus_USA_2015,cherry_tart_mi_3_100,42.164797,-86.136244,Prunus cerasus,USA,0.3276808,NA,141,0,14444.02564,0,716526.5218,148.1420135,746746.0667,222.224205,0,0,370.3652802,1664235.279,3142692.625,D,Nikki_Rothwell_Prunus_cerasus_USA_2015D
Nikki_Rothwell_Prunus_cerasus_USA_2015,cherry_tart_mi_4_0,43.723864,-86.363289,Prunus cerasus,USA,0.014910044,NA,4.6,0,64093.84355,0,1024822.776,1461.895583,1286388.579,22833.19148,0,0,0,744182.8804,3143783.167,D,Nikki_Rothwell_Prunus_cerasus_USA_2015D
Nikki_Rothwell_Prunus_cerasus_USA_2015,cherry_tart_mi_4_25,43.723864,-86.363289,Prunus cerasus,USA,0.019906378,NA,9.8,0,64093.84355,0,1024822.776,1461.895583,1286388.579,22833.19148,0,0,0,744182.8804,3143783.167,D,Nikki_Rothwell_Prunus_cerasus_USA_2015D
Nikki_Rothwell_Prunus_cerasus_USA_2015,cherry_tart_mi_4_50,43.723864,-86.363289,Prunus cerasus,USA,0.031014802,NA,15.1,0,64093.84355,0,1024822.776,1461.895583,1286388.579,22833.19148,0,0,0,744182.8804,3143783.167,D,Nikki_Rothwell_Prunus_cerasus_USA_2015D
Nikki_Rothwell_Prunus_cerasus_USA_2015,cherry_tart_mi_4_100,43.723864,-86.363289,Prunus cerasus,USA,0.037809615,NA,13.5,0,64093.84355,0,1024822.776,1461.895583,1286388.579,22833.19148,0,0,0,744182.8804,3143783.167,D,Nikki_Rothwell_Prunus_cerasus_USA_2015D
Nikki_Rothwell_Prunus_cerasus_USA_2015,cherry_tart_mi_5_0,44.867769,-85.666767,Prunus cerasus,USA,0.179627714,NA,48,0,65410.64863,0,973876.5946,354.3976593,2019906.079,0,0,0,0,85114.84057,3144662.561,D,Nikki_Rothwell_Prunus_cerasus_USA_2015D
Nikki_Rothwell_Prunus_cerasus_USA_2015,cherry_tart_mi_5_25,44.867769,-85.666767,Prunus cerasus,USA,0.374966796,NA,36.4,0,65410.64863,0,973876.5946,354.3976593,2019906.079,0,0,0,0,85114.84057,3144662.561,D,Nikki_Rothwell_Prunus_cerasus_USA_2015D
Nikki_Rothwell_Prunus_cerasus_USA_2015,cherry_tart_mi_5_50,44.867769,-85.666767,Prunus cerasus,USA,0.246377121,NA,23,0,65410.64863,0,973876.5946,354.3976593,2019906.079,0,0,0,0,85114.84057,3144662.561,D,Nikki_Rothwell_Prunus_cerasus_USA_2015D
Nikki_Rothwell_Prunus_cerasus_USA_2015,cherry_tart_mi_5_100,44.867769,-85.666767,Prunus cerasus,USA,0.24511404,NA,49.2,0,65410.64863,0,973876.5946,354.3976593,2019906.079,0,0,0,0,85114.84057,3144662.561,D,Nikki_Rothwell_Prunus_cerasus_USA_2015D
Pablo_Cavigliasso_Vaccinium_corymbosum_Argentina_2016,AB,-31.3265,-58.08404444,Vaccinium corymbosum,Argentina,75.9,NA,0,0,91399.74961,0,1115371.075,0,1609556.575,14220.94878,0,0,255.4659958,302834.5475,3133638.362,C,Pablo_Cavigliasso_Vaccinium_corymbosum_Argentina_2016C
Pablo_Cavigliasso_Vaccinium_corymbosum_Argentina_2016,AR,-31.4065083,-58.12713056,Vaccinium corymbosum,Argentina,77.3,NA,0,0,21878.93854,680.7503204,1231479.179,8508.035942,1710933.569,0,0,0,222.544942,160237.3553,3133940.374,C,Pablo_Cavigliasso_Vaccinium_corymbosum_Argentina_2016C
Pablo_Cavigliasso_Vaccinium_corymbosum_Argentina_2016,BB,-31.4587111,-58.14964167,Vaccinium corymbosum,Argentina,75.3,NA,0,0,87343.10268,0,1541918.656,449.8430248,1387273.756,0,0,0,595.2708511,116214.8909,3133795.52,C,Pablo_Cavigliasso_Vaccinium_corymbosum_Argentina_2016C
Pablo_Cavigliasso_Vaccinium_corymbosum_Argentina_2016,BBR3,-31.2228194,-58.06592778,Vaccinium corymbosum,Argentina,72.6,NA,0,0,7075.846191,7798.242432,1460695.352,18420.67347,1601229.779,0,0,0,3324.841782,35174.67116,3133719.406,C,Pablo_Cavigliasso_Vaccinium_corymbosum_Argentina_2016C
Pablo_Cavigliasso_Vaccinium_corymbosum_Argentina_2016,BBR4,-31.2238583,-58.04071389,Vaccinium corymbosum,Argentina,68.1,NA,0,0,24481.00318,3289.498144,1981855.973,1362.930259,1014695.658,8439.618233,0,0,0,99673.28288,3133797.964,C,Pablo_Cavigliasso_Vaccinium_corymbosum_Argentina_2016C
Pablo_Cavigliasso_Vaccinium_corymbosum_Argentina_2016,BBR5,-31.2207528,-58.05311944,Vaccinium corymbosum,Argentina,62.4,NA,0,0,3068.91024,596.748085,1222683.903,0,1874054.46,15600.81469,0,0,0,17793.37384,3133798.209,C,Pablo_Cavigliasso_Vaccinium_corymbosum_Argentina_2016C
Pablo_Cavigliasso_Vaccinium_corymbosum_Argentina_2016,BM,-31.3840306,-58.14605556,Vaccinium corymbosum,Argentina,79.9,NA,0,0,37110.32023,4340.448708,1474562.531,3063.873276,1436188.741,3744.71122,0,0,0,174730.3563,3133740.981,C,Pablo_Cavigliasso_Vaccinium_corymbosum_Argentina_2016C
Pablo_Cavigliasso_Vaccinium_corymbosum_Argentina_2016,BSA,-31.1934417,-58.04826111,Vaccinium corymbosum,Argentina,77.4,NA,0,0,32035.57813,596.932518,1060395.477,426.3505707,1994229.226,0,0,0,0,46080.97812,3133764.542,C,Pablo_Cavigliasso_Vaccinium_corymbosum_Argentina_2016C
Pablo_Cavigliasso_Vaccinium_corymbosum_Argentina_2016,BSF,-31.1856028,-58.04411944,Vaccinium corymbosum,Argentina,74,NA,0,0,21234.51967,29.42872291,780341.4858,0,2319451.371,0,0,0,255.8589172,12450.82967,3133763.494,C,Pablo_Cavigliasso_Vaccinium_corymbosum_Argentina_2016C
Pablo_Cavigliasso_Vaccinium_corymbosum_Argentina_2016,PSE,-31.372975,-58.12293889,Vaccinium corymbosum,Argentina,75.4,25,0,0,36350.81707,3149.124252,1441028.779,1106.459946,1553660.79,7064.905914,0,0,0,91560.54613,3133921.422,C,Pablo_Cavigliasso_Vaccinium_corymbosum_Argentina_2016C
Pablo_Cavigliasso_Vaccinium_corymbosum_Argentina_2016,PSO,-31.3703806,-58.12677222,Vaccinium corymbosum,Argentina,68.1,NA,0,0,12604.12312,538.0886021,1044401.723,340.477478,2004631.262,7064.905914,0,0,0,64341.77206,3133922.353,C,Pablo_Cavigliasso_Vaccinium_corymbosum_Argentina_2016C
Pablo_Cavigliasso_Vaccinium_corymbosum_Argentina_2016,QM,-31.4951944,-58.16271944,Vaccinium corymbosum,Argentina,79.9,NA,0,0,67587.56399,255.0203781,1942997.297,1728.182726,887606.7508,0,0,0,0,233821.9696,3133996.785,C,Pablo_Cavigliasso_Vaccinium_corymbosum_Argentina_2016C
Pablo_Cavigliasso_Vaccinium_corymbosum_Argentina_2016,QT,-31.2615194,-58.08898333,Vaccinium corymbosum,Argentina,73.6,NA,0,0,26076.01041,0,1179449.728,0,1758195.727,8552.863587,0,0,426.0950623,160159.7233,3132860.147,C,Pablo_Cavigliasso_Vaccinium_corymbosum_Argentina_2016C
Rachael_Winfree_Capsicum_annuum_USA_2004,ced,40.334446,-75.355597,Capsicum annuum,USA,0,NA,0,0,91982.36974,0,1348237.102,0,1537437.272,0,0,0,0,163465.7861,3141122.53,C,Rachael_Winfree_Capsicum_annuum_USA_2004C
Rachael_Winfree_Capsicum_annuum_USA_2004,del,40.29578,-75.15059,Capsicum annuum,USA,0,NA,0,0,386877.2434,0,724199.3153,685.7110748,1919475.485,4647.685127,0,0,0,105196.6656,3141082.106,C,Rachael_Winfree_Capsicum_annuum_USA_2004C
Rachael_Winfree_Capsicum_annuum_USA_2004,map,40.110473,-75.269047,Capsicum annuum,USA,0,NA,0,0,689547.1954,0,585999.6664,68975.86933,1710189.049,4133.796902,0,0,0,81711.71418,3140557.291,C,Rachael_Winfree_Capsicum_annuum_USA_2004C
Rachael_Winfree_Capsicum_annuum_USA_2004,mis,40.537006,-74.920974,Capsicum annuum,USA,0,NA,0,0,28190.53762,0,1025371.03,151.8377991,1917318.02,0,0,0,0,170270.6571,3141302.083,C,Rachael_Winfree_Capsicum_annuum_USA_2004C
Rachael_Winfree_Capsicum_annuum_USA_2004,pen,40.436837,-75.173482,Capsicum annuum,USA,0,NA,0,0,34659.9861,0,1219040.181,912.2686768,1318256.537,0,0,0,0,568274.0306,3141143.003,C,Rachael_Winfree_Capsicum_annuum_USA_2004C
Rachael_Winfree_Capsicum_annuum_USA_2004,sny,40.557416,-74.962427,Capsicum annuum,USA,0,NA,0,0,24931.14792,0,1472115.054,88.99082935,641988.2947,2049.153526,0,0,0,1000092.237,3141264.878,C,Rachael_Winfree_Capsicum_annuum_USA_2004C
Rachael_Winfree_Capsicum_annuum_USA_2004,spr,40.381168,-74.757792,Capsicum annuum,USA,0,NA,0,0,100084.2185,0,769100.3386,304.3575745,2212013.054,684.8419113,0,0,0,58983.63693,3141170.447,C,Rachael_Winfree_Capsicum_annuum_USA_2004C
Rachael_Winfree_Capsicum_annuum_USA_2004,sun,40.305783,-75.404887,Capsicum annuum,USA,0,NA,0,0,50867.27642,0,1209797.884,4.182618205,964844.5134,0,0,0,0,914737.7017,3140251.558,C,Rachael_Winfree_Capsicum_annuum_USA_2004C
Rachael_Winfree_Capsicum_annuum_USA_2004,ter,40.328231,-74.727012,Capsicum annuum,USA,0,NA,0,0,51368.16312,0,1001539.219,1599.035927,1764529.789,76.145401,0,0,0,321952.46,3141064.812,C,Rachael_Winfree_Capsicum_annuum_USA_2004C
Rachael_Winfree_Capsicum_annuum_USA_2004,wil,40.193783,-75.369527,Capsicum annuum,USA,0,NA,0,0,35230.73015,0,1495678.064,1449.797928,1530027.558,381.5227509,0,0,0,78218.87871,3140986.552,C,Rachael_Winfree_Capsicum_annuum_USA_2004C
Rachael_Winfree_Citrullus_lanatus_USA_2004,ced,40.334556,-75.355869,Citrullus lanatus,USA,0,NA,0,0,88424.97403,0,1358878.74,0,1528349.621,0,0,0,0,165474.8374,3141128.173,C,Rachael_Winfree_Citrullus_lanatus_USA_2004C
Rachael_Winfree_Citrullus_lanatus_USA_2004,del,40.296316,-75.150671,Citrullus lanatus,USA,0,NA,0,0,408601.3164,0,703967.8889,685.7110748,1918014.566,4412.821144,0,0,0,105360.373,3141042.677,C,Rachael_Winfree_Citrullus_lanatus_USA_2004C
Rachael_Winfree_Citrullus_lanatus_USA_2004,ker,40.341541,-74.767837,Citrullus lanatus,USA,0,NA,0,0,217809.4335,0,1457081.905,456.8080292,1150655.162,29235.1591,0,0,0,285890.3663,3141128.834,C,Rachael_Winfree_Citrullus_lanatus_USA_2004C
Rachael_Winfree_Citrullus_lanatus_USA_2004,lee,40.26608,-74.56288,Citrullus lanatus,USA,0,NA,0,0,223687.1501,0,344021.0434,0,2408934.433,0,0,0,0,164392.4611,3141035.087,C,Rachael_Winfree_Citrullus_lanatus_USA_2004C
Rachael_Winfree_Citrullus_lanatus_USA_2004,lit,40.309244,-74.752274,Citrullus lanatus,USA,0,NA,0,0,188962.3348,0,1211800.064,0,1590792.305,0,0,0,0,149515.89,3141070.594,C,Rachael_Winfree_Citrullus_lanatus_USA_2004C
Rachael_Winfree_Citrullus_lanatus_USA_2004,map,40.11802,-75.269978,Citrullus lanatus,USA,0,NA,0,0,566060.0403,0,485454.6659,2979.0429,1992185.814,1451.070589,0,0,0,92808.02785,3140938.661,C,Rachael_Winfree_Citrullus_lanatus_USA_2004C
Rachael_Winfree_Citrullus_lanatus_USA_2004,phi,40.572188,-75.159774,Citrullus lanatus,USA,0,NA,0,0,145172.2475,0,877804.9418,4322.731892,1522301.958,263920.726,0,0,0,327697.428,3141220.033,D,Rachael_Winfree_Citrullus_lanatus_USA_2004D
Rachael_Winfree_Citrullus_lanatus_USA_2004,ter,40.328397,-74.726268,Citrullus lanatus,USA,0,NA,0,0,50101.15633,0,965547.9127,1599.035927,1807162.741,76.145401,0,0,0,316610.8798,3141097.871,C,Rachael_Winfree_Citrullus_lanatus_USA_2004C
Rachael_Winfree_Citrullus_lanatus_USA_2004,tra,40.565016,-75.183267,Citrullus lanatus,USA,0,NA,0,0,29749.4601,0,422393.1317,531.2145767,2052587.417,452747.8129,0,0,1040.426573,182227.8574,3141277.321,D,Rachael_Winfree_Citrullus_lanatus_USA_2004D
Rachael_Winfree_Citrullus_lanatus_USA_2004,wat,40.350566,-74.764343,Citrullus lanatus,USA,0,NA,0,0,138683.8899,0,853916.3796,76.12913513,2005289.507,86.88031631,0,0,0,143051.0216,3141103.807,C,Rachael_Winfree_Citrullus_lanatus_USA_2004C
Rachael_Winfree_Citrullus_lanatus_USA_2004,wil,40.193496,-75.369129,Citrullus lanatus,USA,0,NA,0,0,35054.54243,0,1497026.871,1449.797928,1522362.836,381.5227509,0,0,0,84293.62102,3140569.191,C,Rachael_Winfree_Citrullus_lanatus_USA_2004C
Rachael_Winfree_Citrullus_lanatus_USA_2005,anc,40.2758,-74.9987,Citrullus lanatus,USA,0,NA,0,0,82490.51594,0,865300.3047,1524.319878,1905831.424,0,0,0,0,285890.0343,3141036.599,C,Rachael_Winfree_Citrullus_lanatus_USA_2005C
Rachael_Winfree_Citrullus_lanatus_USA_2005,bar,40.1726,-75.4038,Citrullus lanatus,USA,0,NA,0,0,245512.3229,0,817088.805,8242.751518,1986089.047,0,0,0,0,84033.04565,3140965.972,C,Rachael_Winfree_Citrullus_lanatus_USA_2005C
Rachael_Winfree_Citrullus_lanatus_USA_2005,bra,40.3848,-75.2614,Citrullus lanatus,USA,0,NA,0,0,131781.2573,0,1347787.735,456.5301666,1289293.238,152.1782837,0,0,0,371663.2803,3141134.219,C,Rachael_Winfree_Citrullus_lanatus_USA_2005C
Rachael_Winfree_Citrullus_lanatus_USA_2005,bri,40.5273,-75.0688,Citrullus lanatus,USA,0,NA,0,0,156679.0051,0,447074.0156,6757.160423,1481961.491,646243.1306,0,0,0,401501.2491,3140216.052,D,Rachael_Winfree_Citrullus_lanatus_USA_2005D
Rachael_Winfree_Citrullus_lanatus_USA_2005,ced,40.3346,-75.3562,Citrullus lanatus,USA,0,NA,0,0,83437.01406,0,1375269.546,0,1515600.584,0,0,0,0,165897.0947,3140204.238,C,Rachael_Winfree_Citrullus_lanatus_USA_2005C
Rachael_Winfree_Citrullus_lanatus_USA_2005,che,40.3104,-74.7155,Citrullus lanatus,USA,0,NA,0,0,39534.77796,0,705831.3146,0,2081499.614,990.2761765,0,0,0,313188.9155,3141044.898,C,Rachael_Winfree_Citrullus_lanatus_USA_2005C
Rachael_Winfree_Citrullus_lanatus_USA_2005,del,40.2961,-75.1502,Citrullus lanatus,USA,0,NA,0,0,404753.0836,0,717663.5153,685.7110748,1910388.092,4642.30656,0,0,0,102964.7907,3141097.5,C,Rachael_Winfree_Citrullus_lanatus_USA_2005C
Rachael_Winfree_Citrullus_lanatus_USA_2005,ker,40.342,-74.7685,Citrullus lanatus,USA,0,NA,0,0,221134.3659,0,1417137.765,456.8080292,1182347.173,29332.49486,0,0,0,290706.3392,3141114.946,C,Rachael_Winfree_Citrullus_lanatus_USA_2005C
Rachael_Winfree_Citrullus_lanatus_USA_2005,kim,40.1428,-75.5832,Citrullus lanatus,USA,0,NA,0,0,40983.39941,0,1419430.03,76.3633728,1214647.741,0,0,0,0,465813.5629,3140951.097,C,Rachael_Winfree_Citrullus_lanatus_USA_2005C
Rachael_Winfree_Citrullus_lanatus_USA_2005,lee,40.2653,-74.5641,Citrullus lanatus,USA,0,NA,0,0,195486.415,0,319106.053,0,2461514.567,0,0,0,0,164944.8929,3141051.928,C,Rachael_Winfree_Citrullus_lanatus_USA_2005C
Rachael_Winfree_Citrullus_lanatus_USA_2005,lit,40.3088,-74.7546,Citrullus lanatus,USA,0,NA,0,0,233979.0252,0,1093969.935,9.559632544,1634081.956,0,0,0,0,179025.2358,3141065.711,C,Rachael_Winfree_Citrullus_lanatus_USA_2005C
Rachael_Winfree_Citrullus_lanatus_USA_2005,mapa,40.1187,-75.2738,Citrullus lanatus,USA,0,NA,0,0,738792.8,0,438166.575,10969.79549,1840852.855,1565.140749,0,0,0,110583.8374,3140931.004,C,Rachael_Winfree_Citrullus_lanatus_USA_2005C
Rachael_Winfree_Citrullus_lanatus_USA_2005,mapb,40.1115,-75.2697,Citrullus lanatus,USA,0,NA,0,0,719388.3444,0,557848.8915,48035.68178,1722569.74,993.1057892,0,0,0,92097.6138,3140933.377,C,Rachael_Winfree_Citrullus_lanatus_USA_2005C
Rachael_Winfree_Citrullus_lanatus_USA_2005,non,40.3173,-75.0579,Citrullus lanatus,USA,0,NA,0,0,115293.7444,0,798484.4098,76.15637207,1673414.693,0,0,0,380.7979431,553441.6514,3141091.452,C,Rachael_Winfree_Citrullus_lanatus_USA_2005C
Rachael_Winfree_Citrullus_lanatus_USA_2005,pea,40.6091,-74.943,Citrullus lanatus,USA,0,NA,0,0,39583.00888,0,1204906.769,1365.166206,1535839.223,6673.420654,0,0,0,352307.4711,3140675.059,C,Rachael_Winfree_Citrullus_lanatus_USA_2005C
Rachael_Winfree_Citrullus_lanatus_USA_2005,pen,40.4362,-75.1721,Citrullus lanatus,USA,0,NA,0,0,37099.28891,0,1259059.646,912.2686768,1313124.265,0,0,0,0,530974.1832,3141169.652,C,Rachael_Winfree_Citrullus_lanatus_USA_2005C
Rachael_Winfree_Citrullus_lanatus_USA_2005,phi,40.57,-75.1588,Citrullus lanatus,USA,0,NA,0,0,145337.6599,0,788928.3668,4097.787842,1549372.294,328191.5335,0,0,0,325294.7827,3141222.425,D,Rachael_Winfree_Citrullus_lanatus_USA_2005D
Rachael_Winfree_Citrullus_lanatus_USA_2005,ray,40.3189,-75.3741,Citrullus lanatus,USA,0,NA,0,0,207264.2903,0,1639956.963,5411.121633,911059.6202,685.4633331,0,0,0,376717.1444,3141094.603,C,Rachael_Winfree_Citrullus_lanatus_USA_2005C
Rachael_Winfree_Citrullus_lanatus_USA_2005,sanb,40.1472,-75.6046,Citrullus lanatus,USA,0,NA,0,0,22141.58862,0,1171680.434,0,1550702.351,5698.464377,0,0,0,390166.5664,3140389.405,C,Rachael_Winfree_Citrullus_lanatus_USA_2005C
Rachael_Winfree_Citrullus_lanatus_USA_2005,sun,40.3066,-75.4031,Citrullus lanatus,USA,0,NA,0,0,41016.99467,0,1268761.27,0,947773.3929,0,0,0,0,883543.8035,3141095.461,C,Rachael_Winfree_Citrullus_lanatus_USA_2005C
Rachael_Winfree_Citrullus_lanatus_USA_2005,ter,40.3282,-74.7261,Citrullus lanatus,USA,0,NA,0,0,48825.83193,0,955776.0309,1599.035927,1817616.474,76.145401,0,0,0,317201.6968,3141095.215,C,Rachael_Winfree_Citrullus_lanatus_USA_2005C
Rachael_Winfree_Citrullus_lanatus_USA_2005,tra,40.5651,-75.1816,Citrullus lanatus,USA,0,NA,0,0,29738.44756,0,354058.0594,531.2145767,2122220.854,468580.31,0,0,1593.677872,164573.6694,3141296.232,D,Rachael_Winfree_Citrullus_lanatus_USA_2005D
Rachael_Winfree_Citrullus_lanatus_USA_2005,wat,40.3512,-74.7697,Citrullus lanatus,USA,0,NA,0,0,196326.5133,0,870948.6383,76.12913513,1912155.36,29222.6193,0,0,0,132428.5152,3141157.775,C,Rachael_Winfree_Citrullus_lanatus_USA_2005C
Rachael_Winfree_Citrullus_lanatus_USA_2007,anc,40.2761,-74.9985,Citrullus lanatus,USA,0,NA,0,0,83842.19116,0,854500.599,1452.884939,1918212.563,0,0,0,0,283080.4555,3141088.694,C,Rachael_Winfree_Citrullus_lanatus_USA_2007C
Rachael_Winfree_Citrullus_lanatus_USA_2007,bar,40.1726,-75.4044,Citrullus lanatus,USA,0,NA,0,0,242426.6021,0,785618.9049,8242.751518,2020724.288,0,0,0,0,83956.71726,3140969.264,C,Rachael_Winfree_Citrullus_lanatus_USA_2007C
Rachael_Winfree_Citrullus_lanatus_USA_2007,ced,40.3339,-75.3556,Citrullus lanatus,USA,0,NA,0,0,99375.22892,0,1355386.812,0,1526766.462,0,0,0,0,159572.2755,3141100.778,C,Rachael_Winfree_Citrullus_lanatus_USA_2007C
Rachael_Winfree_Citrullus_lanatus_USA_2007,che,40.309,-74.7163,Citrullus lanatus,USA,0,NA,0,0,40537.86312,0,762009.6089,0,1998177.881,990.2761765,0,0,0,339373.365,3141088.994,C,Rachael_Winfree_Citrullus_lanatus_USA_2007C
Rachael_Winfree_Citrullus_lanatus_USA_2007,ker,40.3418,-74.7679,Citrullus lanatus,USA,0,NA,0,0,220018.9878,0,1436299.416,456.8080292,1168636.905,29235.1591,0,0,0,286485.5284,3141132.805,C,Rachael_Winfree_Citrullus_lanatus_USA_2007C
Rachael_Winfree_Citrullus_lanatus_USA_2007,kim,40.1432,-75.5836,Citrullus lanatus,USA,0,NA,0,0,40720.48853,0,1454592.685,76.3633728,1199352.312,0,0,0,0,446208.6486,3140950.498,C,Rachael_Winfree_Citrullus_lanatus_USA_2007C
Rachael_Winfree_Citrullus_lanatus_USA_2007,lit,40.3091,-74.7524,Citrullus lanatus,USA,0,NA,0,0,193042.7963,0,1195608.28,0,1603889.571,0,0,0,0,148573.825,3141114.472,C,Rachael_Winfree_Citrullus_lanatus_USA_2007C
Rachael_Winfree_Citrullus_lanatus_USA_2007,non,40.3173,-75.0571,Citrullus lanatus,USA,0,NA,0,0,110393.0742,0,805403.7813,440.8816738,1677210.525,0,0,0,380.7979431,547262.3926,3141091.453,C,Rachael_Winfree_Citrullus_lanatus_USA_2007C
Rachael_Winfree_Citrullus_lanatus_USA_2007,pea,40.6076,-74.9424,Citrullus lanatus,USA,0,NA,0,0,43462.26769,0,1218621.043,1585.569627,1525001.261,6673.420654,0,0,227.535675,345802.0227,3141373.12,C,Rachael_Winfree_Citrullus_lanatus_USA_2007C
Rachael_Winfree_Citrullus_lanatus_USA_2007,pen,40.4368,-75.1718,Citrullus lanatus,USA,0,NA,0,0,36994.70106,0,1247667.551,912.2686768,1346975.36,0,0,0,0,508582.8357,3141132.717,C,Rachael_Winfree_Citrullus_lanatus_USA_2007C
Rachael_Winfree_Citrullus_lanatus_USA_2007,phi,40.57,-75.1545,Citrullus lanatus,USA,0,NA,0,0,142638.9687,0,689717.8653,4023.984377,1640535.87,316342.4921,0,0,0,347967.1128,3141226.293,D,Rachael_Winfree_Citrullus_lanatus_USA_2007D
Rachael_Winfree_Citrullus_lanatus_USA_2007,ray,40.3185,-75.3746,Citrullus lanatus,USA,0,NA,0,0,207493.901,0,1618917.056,5254.934395,911471.4712,685.4633331,0,0,0,397298.2236,3141121.05,C,Rachael_Winfree_Citrullus_lanatus_USA_2007C
Rachael_Winfree_Citrullus_lanatus_USA_2007,san,40.1475,-75.5994,Citrullus lanatus,USA,0,NA,0,0,22594.95427,0,1355232.149,0,1540242.561,16.76940583,0,0,0,222873.8372,3140960.27,C,Rachael_Winfree_Citrullus_lanatus_USA_2007C
Rachael_Winfree_Citrullus_lanatus_USA_2007,sun,40.3061,-75.4036,Citrullus lanatus,USA,0,NA,0,0,38772.39463,0,1236664.105,0,947696.9221,0,0,0,0,917942.1814,3141075.603,C,Rachael_Winfree_Citrullus_lanatus_USA_2007C
Rachael_Winfree_Citrullus_lanatus_USA_2007,tra,40.5673,-75.1863,Citrullus lanatus,USA,0,NA,0,0,16328.58302,0,457100.8097,531.2145767,2052767.023,432796.8966,0,0,0,181805.9198,3141330.446,D,Rachael_Winfree_Citrullus_lanatus_USA_2007D
Rachael_Winfree_Citrullus_lanatus_USA_2007,wat,40.3509,-74.767,Citrullus lanatus,USA,0,NA,0,0,172755.3636,0,861869.9992,76.12913513,1947163.663,17419.21093,0,0,0,141783.5032,3141067.869,C,Rachael_Winfree_Citrullus_lanatus_USA_2007C
Rachael_Winfree_Citrullus_lanatus_USA_2008,anchor_run,40.2749,-74.9958,Citrullus lanatus,USA,0,NA,0,0,106025.2999,0,811535.4057,1676.754662,2008450.519,0,0,0,0,213380.5463,3141068.525,C,Rachael_Winfree_Citrullus_lanatus_USA_2008C
Rachael_Winfree_Citrullus_lanatus_USA_2008,barry_davis,40.1723,-75.4038,Citrullus lanatus,USA,0,NA,0,0,244175.2341,0,811425.048,8242.751518,1993038.25,0,0,0,0,84100.69364,3140981.978,C,Rachael_Winfree_Citrullus_lanatus_USA_2008C
Rachael_Winfree_Citrullus_lanatus_USA_2008,branch,40.3847,-75.2616,Citrullus lanatus,USA,0,NA,0,0,137292.6289,0,1330926.763,456.5301666,1301867.791,152.1782837,0,0,0,370411.7945,3141107.686,C,Rachael_Winfree_Citrullus_lanatus_USA_2008C
Rachael_Winfree_Citrullus_lanatus_USA_2008,cedar_ridge,40.3342,-75.3546,Citrullus lanatus,USA,0,NA,0,0,100306.6812,0,1318688.706,0,1564047.232,0,0,0,0,158048.7436,3141091.362,C,Rachael_Winfree_Citrullus_lanatus_USA_2008C
Rachael_Winfree_Citrullus_lanatus_USA_2008,cherry_grove,40.3102,-74.7161,Citrullus lanatus,USA,0,NA,0,0,39938.99908,0,710928.8574,0,2090126.886,990.2761765,0,0,0,299132.4971,3141117.516,C,Rachael_Winfree_Citrullus_lanatus_USA_2008C
Rachael_Winfree_Citrullus_lanatus_USA_2008,del_val,40.2932,-75.1561,Citrullus lanatus,USA,0,NA,0,0,261232.1546,0,919215.0374,809.4112935,1746404.694,5028.671852,0,0,0,208403.911,3141093.88,C,Rachael_Winfree_Citrullus_lanatus_USA_2008C
Rachael_Winfree_Citrullus_lanatus_USA_2008,kerrs,40.3411,-74.7685,Citrullus lanatus,USA,0,NA,0,0,219239.7649,0,1498542.303,456.8080292,1112412.791,29640.32671,0,0,0,280790.4842,3141082.478,C,Rachael_Winfree_Citrullus_lanatus_USA_2008C
Rachael_Winfree_Citrullus_lanatus_USA_2008,kimberton,40.1436,-75.5831,Citrullus lanatus,USA,0,NA,0,0,37843.35359,0,1458579.67,76.3633728,1210167.111,0,0,0,0,434293.8847,3140960.382,C,Rachael_Winfree_Citrullus_lanatus_USA_2008C
Rachael_Winfree_Citrullus_lanatus_USA_2008,lee,40.2658,-74.5648,Citrullus lanatus,USA,0,NA,0,0,218976.7181,0,333308.822,0,2423422.921,380.8250732,0,0,0,164944.8929,3141034.179,C,Rachael_Winfree_Citrullus_lanatus_USA_2008C
Rachael_Winfree_Citrullus_lanatus_USA_2008,little_acres,40.3088,-74.7542,Citrullus lanatus,USA,0,NA,0,0,230503.0794,0,1105482.271,0,1631482.291,0,0,0,0,173597.4719,3141065.113,C,Rachael_Winfree_Citrullus_lanatus_USA_2008C
Rachael_Winfree_Citrullus_lanatus_USA_2008,nonsuch,40.3187,-75.0589,Citrullus lanatus,USA,0,NA,0,0,133586.9938,0,824666.4026,76.15637207,1647032.157,0,0,0,380.7979431,535213.4441,3140955.952,C,Rachael_Winfree_Citrullus_lanatus_USA_2008C
Rachael_Winfree_Citrullus_lanatus_USA_2008,peaceful_valley,40.6088,-74.9425,Citrullus lanatus,USA,0,NA,0,0,40831.02685,0,1223492.319,1365.166206,1515815.347,6673.420654,0,0,227.535675,352938.0709,3141342.886,C,Rachael_Winfree_Citrullus_lanatus_USA_2008C
Rachael_Winfree_Citrullus_lanatus_USA_2008,pennvt,40.4377,-75.1743,Citrullus lanatus,USA,0,NA,0,0,33423.73371,0,1209103.259,912.2686768,1340017.674,0,0,0,0,557651.3501,3141108.286,C,Rachael_Winfree_Citrullus_lanatus_USA_2008C
Rachael_Winfree_Citrullus_lanatus_USA_2008,rays_greenhouse,40.3181,-75.3751,Citrullus lanatus,USA,0,NA,0,0,205784.6166,0,1593328.749,5254.934395,919161.3111,685.4633331,0,0,0,416858.0428,3141073.117,C,Rachael_Winfree_Citrullus_lanatus_USA_2008C
Rachael_Winfree_Citrullus_lanatus_USA_2008,sankanac,40.1465,-75.6027,Citrullus lanatus,USA,0,NA,0,0,26489.87226,0,1270983.377,0,1492999.722,5268.91906,0,0,0,345215.3352,3140957.225,C,Rachael_Winfree_Citrullus_lanatus_USA_2008C
Rachael_Winfree_Citrullus_lanatus_USA_2008,sunrise_sunflower,40.3062,-75.4037,Citrullus lanatus,USA,0,NA,0,0,39426.83104,0,1233620.753,0,951785.2826,0,0,0,0,916217.331,3141050.197,C,Rachael_Winfree_Citrullus_lanatus_USA_2008C
Rachael_Winfree_Citrullus_lanatus_USA_2008,traugers,40.5656,-75.1833,Citrullus lanatus,USA,0,NA,0,0,25532.54736,0,416597.4736,531.2145767,2060963.517,458130.8619,0,0,596.3986033,178924.2074,3141276.22,D,Rachael_Winfree_Citrullus_lanatus_USA_2008D
Rachael_Winfree_Citrullus_lanatus_USA_2008,watershed,40.3504,-74.7679,Citrullus lanatus,USA,0,NA,0,0,194727.9329,0,889155.2998,76.12913513,1879564.32,29171.86305,0,0,0,148446.8812,3141142.426,C,Rachael_Winfree_Citrullus_lanatus_USA_2008C
Rachael_Winfree_Citrullus_lanatus_USA_2010,anchor_run,40.275388,-74.997377,Citrullus lanatus,USA,0,NA,0,0,91302.73528,0,840755.912,1676.754662,1964073.075,0,0,0,0,243258.2419,3141066.719,C,Rachael_Winfree_Citrullus_lanatus_USA_2010C
Rachael_Winfree_Citrullus_lanatus_USA_2010,branch,40.385047,-75.261215,Citrullus lanatus,USA,0,NA,0,0,132238.0233,0,1360412.651,456.5301666,1272628.439,152.1782837,0,0,0,375213.1457,3141100.968,C,Rachael_Winfree_Citrullus_lanatus_USA_2010C
Rachael_Winfree_Citrullus_lanatus_USA_2010,bridge,40.527283,-75.067753,Citrullus lanatus,USA,0,NA,0,0,161882.4675,0,417551.9097,6757.160423,1515233.027,646228.7329,0,0,0,393511.7406,3141165.038,D,Rachael_Winfree_Citrullus_lanatus_USA_2010D
Rachael_Winfree_Citrullus_lanatus_USA_2010,cedar_ridge,40.333679,-75.354272,Citrullus lanatus,USA,0,NA,0,0,110217.6773,0,1328957.369,0,1553907.236,0,0,0,0,148028.5105,3141110.792,C,Rachael_Winfree_Citrullus_lanatus_USA_2010C
Rachael_Winfree_Citrullus_lanatus_USA_2010,cherry_grove,40.310974,-74.715943,Citrullus lanatus,USA,0,NA,0,0,40610.28042,0,688646.7447,0,2146685.284,990.2761765,0,0,0,264149.3094,3141081.894,C,Rachael_Winfree_Citrullus_lanatus_USA_2010C
Rachael_Winfree_Citrullus_lanatus_USA_2010,del_val,40.292457,-75.157907,Citrullus lanatus,USA,0,NA,0,0,248584.9673,0,933074.6949,838.0918427,1717687.153,5028.671852,0,0,0,235588.3896,3140801.969,C,Rachael_Winfree_Citrullus_lanatus_USA_2010C
Rachael_Winfree_Citrullus_lanatus_USA_2010,lee,40.264446,-74.564646,Citrullus lanatus,USA,0,NA,0,0,150426.651,0,304347.4624,0,2514629.084,6347.887145,0,0,0,165291.0486,3141042.133,C,Rachael_Winfree_Citrullus_lanatus_USA_2010C
Rachael_Winfree_Citrullus_lanatus_USA_2010,maple_acresa,40.117531,-75.27392,Citrullus lanatus,USA,0,NA,0,0,821412.2792,0,448013.7183,12426.22163,1764057.647,1915.661898,0,0,0,92731.646,3140557.174,C,Rachael_Winfree_Citrullus_lanatus_USA_2010C
Rachael_Winfree_Citrullus_lanatus_USA_2010,nonsuch,40.31655,-75.058671,Citrullus lanatus,USA,0,NA,0,0,105960.9735,0,768711.6263,76.15637207,1699135.617,152.3394775,0,0,380.7979431,566634.767,3141052.278,C,Rachael_Winfree_Citrullus_lanatus_USA_2010C
Rachael_Winfree_Citrullus_lanatus_USA_2010,peaceful_valley,40.607056,-74.942469,Citrullus lanatus,USA,0,NA,0,0,43115.88715,0,1223443.732,1668.55571,1522562.719,4495.452757,0,0,227.535675,345794.2876,3141308.171,C,Rachael_Winfree_Citrullus_lanatus_USA_2010C
Rachael_Winfree_Citrullus_lanatus_USA_2010,pennvt,40.438283,-75.172678,Citrullus lanatus,USA,0,NA,0,0,32715.18105,0,1240856.645,912.2686768,1375301.297,380.0971222,0,0,0,491064.6243,3141230.114,C,Rachael_Winfree_Citrullus_lanatus_USA_2010C
Rachael_Winfree_Citrullus_lanatus_USA_2010,phillips,40.573935,-75.15572,Citrullus lanatus,USA,0,NA,0,0,113587.9682,0,956467.6601,3642.470108,1448208.825,247029.8499,0,0,0,372382.2122,3141318.985,D,Rachael_Winfree_Citrullus_lanatus_USA_2010D
Rachael_Winfree_Citrullus_lanatus_USA_2010,rays_greenhouse,40.318691,-75.373816,Citrullus lanatus,USA,0,NA,0,0,206904.2408,0,1648155.175,5254.934395,892446.7814,685.4633331,0,0,0,387660.8932,3141107.488,C,Rachael_Winfree_Citrullus_lanatus_USA_2010C
Rachael_Winfree_Citrullus_lanatus_USA_2010,sankanac,40.151131,-75.600248,Citrullus lanatus,USA,0,NA,0,0,18436.29756,0,1120309.411,0,1658514.58,992.4555588,0,0,0,342710.3776,3140963.122,C,Rachael_Winfree_Citrullus_lanatus_USA_2010C
Rachael_Winfree_Citrullus_lanatus_USA_2010,sunrise_sunflower,40.306172,-75.40366,Citrullus lanatus,USA,0,NA,0,0,39225.81319,0,1234926.586,0,950270.2825,0,0,0,0,916685.2077,3141107.89,C,Rachael_Winfree_Citrullus_lanatus_USA_2010C
Rachael_Winfree_Citrullus_lanatus_USA_2010,terhune,40.325611,-74.729656,Citrullus lanatus,USA,0,NA,0,0,42758.1103,0,1127888.605,609.2409439,1615421.615,76.145401,0,0,0,354303.4838,3141057.201,C,Rachael_Winfree_Citrullus_lanatus_USA_2010C
Rachael_Winfree_Citrullus_lanatus_USA_2010,traugers,40.566949,-75.18573,Citrullus lanatus,USA,0,NA,0,0,18107.15533,0,455381.7084,531.2145767,2050349.161,435961.5035,0,0,0,180938.6018,3141269.345,D,Rachael_Winfree_Citrullus_lanatus_USA_2010D
Rachael_Winfree_Citrullus_lanatus_USA_2010,watershed,40.350815,-74.76637,Citrullus lanatus,USA,0,NA,0,0,163109.3958,0,860161.2526,76.12913513,1962064.21,12986.17036,0,0,0,142731.626,3141128.784,C,Rachael_Winfree_Citrullus_lanatus_USA_2010C
Rachael_Winfree_Citrullus_lanatus_USA_2011,anchor_run,40.27597961,-74.99485973,Citrullus lanatus,USA,0,NA,0,0,87324.65925,0,790194.9037,1676.754662,2027529.053,0,0,0,0,234313.8331,3141039.204,C,Rachael_Winfree_Citrullus_lanatus_USA_2011C
Rachael_Winfree_Citrullus_lanatus_USA_2011,branch,40.38700725,-75.26350234,Citrullus lanatus,USA,0,NA,0,0,215617.6123,0,1320146.56,3651.917015,1211801.575,152.1782837,0,0,0,389763.5987,3141133.442,C,Rachael_Winfree_Citrullus_lanatus_USA_2011C
Rachael_Winfree_Citrullus_lanatus_USA_2011,bridge,40.52718049,-75.06815849,Citrullus lanatus,USA,0,NA,0,0,160469.9224,0,429997.2766,6757.160423,1497939.426,644151.8364,0,0,0,401861.8883,3141177.51,D,Rachael_Winfree_Citrullus_lanatus_USA_2011D
Rachael_Winfree_Citrullus_lanatus_USA_2011,cedar_ridge,40.33338362,-75.35478994,Citrullus lanatus,USA,0,NA,0,0,112766.591,0,1345831.695,0,1536941.507,0,0,0,0,145540.2854,3141080.078,C,Rachael_Winfree_Citrullus_lanatus_USA_2011C
Rachael_Winfree_Citrullus_lanatus_USA_2011,cherry_grove,40.31052669,-74.71696506,Citrullus lanatus,USA,0,NA,0,0,42684.84069,0,694256.0726,0,2146297.446,990.2761765,0,0,0,256890.4066,3141119.042,C,Rachael_Winfree_Citrullus_lanatus_USA_2011C
Rachael_Winfree_Citrullus_lanatus_USA_2011,lee,40.26551069,-74.56198119,Citrullus lanatus,USA,0,NA,0,0,190341.1397,0,333603.6657,0,2452388.211,0,0,0,0,164725.1762,3141058.192,C,Rachael_Winfree_Citrullus_lanatus_USA_2011C
Rachael_Winfree_Citrullus_lanatus_USA_2011,little_acres,40.30897351,-74.75486554,Citrullus lanatus,USA,0,NA,0,0,229332.322,0,1102087.136,75.87958332,1626690.456,0,0,0,0,182865.5862,3141051.38,C,Rachael_Winfree_Citrullus_lanatus_USA_2011C
Rachael_Winfree_Citrullus_lanatus_USA_2011,maple_acresa,40.11530644,-75.27321159,Citrullus lanatus,USA,0,NA,0,0,869997.2506,0,481198.6229,14920.57686,1680632.112,1451.406815,0,0,0,92731.646,3140931.616,C,Rachael_Winfree_Citrullus_lanatus_USA_2011C
Rachael_Winfree_Citrullus_lanatus_USA_2011,maple_acresb,40.11124367,-75.26912357,Citrullus lanatus,USA,0,NA,0,0,684523.1488,0,576502.5094,57312.72394,1729430.404,2216.365162,0,0,0,90940.80804,3140925.96,C,Rachael_Winfree_Citrullus_lanatus_USA_2011C
Rachael_Winfree_Citrullus_lanatus_USA_2011,nonsuch,40.31639912,-75.05796544,Citrullus lanatus,USA,0,NA,0,0,105879.3324,0,778511.7612,476.4283039,1693193.629,152.0407727,0,0,380.7979431,562527.3667,3141121.356,C,Rachael_Winfree_Citrullus_lanatus_USA_2011C
Rachael_Winfree_Citrullus_lanatus_USA_2011,pennvt,40.43797438,-75.17116709,Citrullus lanatus,USA,0,NA,0,0,32770.33928,0,1259208.822,912.2686768,1414533.168,380.0971222,0,0,0,433378.1463,3141182.841,C,Rachael_Winfree_Citrullus_lanatus_USA_2011C
Rachael_Winfree_Citrullus_lanatus_USA_2011,phillips,40.57100868,-75.15314646,Citrullus lanatus,USA,0,NA,0,0,120460.5686,0,737916.3963,4021.901215,1613971.944,309905.8793,0,0,0,354969.1869,3141245.877,D,Rachael_Winfree_Citrullus_lanatus_USA_2011D
Rachael_Winfree_Citrullus_lanatus_USA_2011,rays_greenhouse,40.31874618,-75.3739808,Citrullus lanatus,USA,0,NA,0,0,206976.0501,0,1642175.229,5254.934395,900961.408,685.4633331,0,0,0,385057.6282,3141110.713,C,Rachael_Winfree_Citrullus_lanatus_USA_2011C
Rachael_Winfree_Citrullus_lanatus_USA_2011,sankanac,40.1516642,-75.59961853,Citrullus lanatus,USA,0,NA,0,0,13055.50479,0,1113380.663,0,1671567.408,992.4555588,0,0,0,341966.5862,3140962.618,C,Rachael_Winfree_Citrullus_lanatus_USA_2011C
Rachael_Winfree_Citrullus_lanatus_USA_2011,sunrise_sunflower,40.30630289,-75.40389661,Citrullus lanatus,USA,0,NA,0,0,40244.04254,0,1228499.202,0,959398.5225,0,0,0,0,912966.2732,3141108.04,C,Rachael_Winfree_Citrullus_lanatus_USA_2011C
Rachael_Winfree_Citrullus_lanatus_USA_2011,terhune,40.33306482,-74.73076247,Citrullus lanatus,USA,0,NA,0,0,50450.56695,0,1204095.517,1675.141716,1769294.832,76.145401,0,0,0,115542.6099,3141134.813,C,Rachael_Winfree_Citrullus_lanatus_USA_2011C
Rachael_Winfree_Citrullus_lanatus_USA_2011,traugers,40.56562158,-75.18387204,Citrullus lanatus,USA,0,NA,0,0,24279.16209,0,434265.6814,531.2145767,2048584.231,450972.5565,0,0,0,182590.1659,3141223.011,D,Rachael_Winfree_Citrullus_lanatus_USA_2011D
Rachael_Winfree_Citrullus_lanatus_USA_2011,watershed,40.35254504,-74.76483511,Citrullus lanatus,USA,0,NA,0,0,120717.1621,0,750783.7225,76.12913513,2146020.48,0,0,0,0,123548.9841,3141146.478,C,Rachael_Winfree_Citrullus_lanatus_USA_2011C
Rachael_Winfree_Citrullus_lanatus_USA_2012,anchor_run,40.27724,-74.99669,Citrullus lanatus,USA,0,NA,0,0,85118.06449,0,819526.932,589.6897238,1950421.839,0,0,0,0,285377.5694,3141034.095,C,Rachael_Winfree_Citrullus_lanatus_USA_2012C
Rachael_Winfree_Citrullus_lanatus_USA_2012,branch,40.38629,-75.26111,Citrullus lanatus,USA,0,NA,0,0,154156.9792,0,1362084.475,1236.729092,1221784.411,152.1782837,0,0,0,401486.372,3140901.144,C,Rachael_Winfree_Citrullus_lanatus_USA_2012C
Rachael_Winfree_Citrullus_lanatus_USA_2012,bridge,40.52696,-75.0678,Citrullus lanatus,USA,0,NA,0,0,160990.8352,0,424373.9797,6757.160423,1503470.426,637999.0415,0,0,0,407605.2909,3141196.734,D,Rachael_Winfree_Citrullus_lanatus_USA_2012D
Rachael_Winfree_Citrullus_lanatus_USA_2012,cedar_ridge,40.33428,-75.35266,Citrullus lanatus,USA,0,NA,0,0,105701.8679,0,1236837.495,0,1646628.188,609.1436462,0,0,0,151219.9122,3140996.606,C,Rachael_Winfree_Citrullus_lanatus_USA_2012C
Rachael_Winfree_Citrullus_lanatus_USA_2012,cherry_grove,40.30947,-74.71561,Citrullus lanatus,USA,0,NA,0,0,38404.29978,0,748481.6461,0,2004489.207,990.2761765,0,0,0,348734.1889,3141099.618,C,Rachael_Winfree_Citrullus_lanatus_USA_2012C
Rachael_Winfree_Citrullus_lanatus_USA_2012,del_val,40.29355,-75.15457,Citrullus lanatus,USA,0,NA,0,0,286836.6442,0,842012.0731,761.9091339,1850019.054,5028.671852,0,0,0,156416.4189,3141074.772,C,Rachael_Winfree_Citrullus_lanatus_USA_2012C
Rachael_Winfree_Citrullus_lanatus_USA_2012,lee,40.26545,-74.56628,Citrullus lanatus,USA,0,NA,0,0,195446.4393,0,357863.0121,152.4477386,2407489.802,13034.43237,0,0,0,166850.5252,3140836.659,C,Rachael_Winfree_Citrullus_lanatus_USA_2012C
Rachael_Winfree_Citrullus_lanatus_USA_2012,little_acres,40.30871,-74.75495,Citrullus lanatus,USA,0,NA,0,0,240022.9591,0,1071442.478,76.17832184,1647481.706,0,0,0,0,181383.8327,3140407.154,C,Rachael_Winfree_Citrullus_lanatus_USA_2012C
Rachael_Winfree_Citrullus_lanatus_USA_2012,maple_acres,40.11767,-75.27371,Citrullus lanatus,USA,0,NA,0,0,803235.3296,0,446495.9378,11975.05978,1784589.758,1909.671196,0,0,0,92731.646,3140937.402,C,Rachael_Winfree_Citrullus_lanatus_USA_2012C
Rachael_Winfree_Citrullus_lanatus_USA_2012,nonsuch,40.31782,-75.05854,Citrullus lanatus,USA,0,NA,0,0,128276.2274,0,799687.1435,76.15637207,1662363.785,0,0,0,380.7979431,550297.9886,3141082.099,C,Rachael_Winfree_Citrullus_lanatus_USA_2012C
Rachael_Winfree_Citrullus_lanatus_USA_2012,pennvt,40.4376,-75.17202,Citrullus lanatus,USA,0,NA,0,0,33908.23843,0,1244102.847,912.2686768,1383517.403,0,0,0,0,478687.1509,3141127.908,C,Rachael_Winfree_Citrullus_lanatus_USA_2012C
Rachael_Winfree_Citrullus_lanatus_USA_2012,phillips,40.57288,-75.15137,Citrullus lanatus,USA,0,NA,0,0,61932.07199,0,780398.6488,910.6122131,1658981.257,307197.3745,0,0,0,331654.7654,3141074.73,D,Rachael_Winfree_Citrullus_lanatus_USA_2012D
Rachael_Winfree_Citrullus_lanatus_USA_2012,rays_greenhouse,40.31858,-75.37421,Citrullus lanatus,USA,0,NA,0,0,207123.2395,0,1635644.909,5254.934395,899583.7806,685.4633331,0,0,0,392802.0457,3141094.372,C,Rachael_Winfree_Citrullus_lanatus_USA_2012C
Rachael_Winfree_Citrullus_lanatus_USA_2012,sankanac,40.15194,-75.60048,Citrullus lanatus,USA,0,NA,0,0,16663.46298,0,1058742.017,0,1677783.873,992.4555588,0,0,0,386778.4036,3140960.212,C,Rachael_Winfree_Citrullus_lanatus_USA_2012C
Rachael_Winfree_Citrullus_lanatus_USA_2012,sunrise_sunflower,40.30632,-75.40308,Citrullus lanatus,USA,0,NA,0,0,39310.00764,0,1268777.774,0,935189.2812,0,0,0,0,897815.4251,3141092.488,C,Rachael_Winfree_Citrullus_lanatus_USA_2012C
Rachael_Winfree_Citrullus_lanatus_USA_2012,terhune,40.32594,-74.72892,Citrullus lanatus,USA,0,NA,0,0,46598.15354,0,1075963.634,609.2409439,1671607.625,76.145401,0,0,0,346196.7482,3141051.548,C,Rachael_Winfree_Citrullus_lanatus_USA_2012C
Rachael_Winfree_Citrullus_lanatus_USA_2012,traugers,40.56475,-75.18383,Citrullus lanatus,USA,0,NA,0,0,30065.55024,0,450003.1621,531.2145767,2035332.868,442420.6479,0,0,288.973623,182664.2327,3141306.649,D,Rachael_Winfree_Citrullus_lanatus_USA_2012D
Rachael_Winfree_Citrullus_lanatus_USA_2012,watershed,40.353,-74.76606,Citrullus lanatus,USA,0,NA,0,0,126752.3834,0,750189.4302,76.12913513,2140508.533,0,0,0,0,123548.9841,3141075.46,C,Rachael_Winfree_Citrullus_lanatus_USA_2012C
Rachael_Winfree_Cucumis_melo_USA_2004,bar,40.171578,-75.403945,Cucumis melo,USA,0,NA,0,0,247805.8049,0,808734.8413,8611.547036,1991568.623,0,0,0,0,84262.04083,3140982.857,C,Rachael_Winfree_Cucumis_melo_USA_2004C
Rachael_Winfree_Cucumis_melo_USA_2004,del,40.296256,-75.150598,Cucumis melo,USA,0,NA,0,0,406502.6555,0,706680.2741,685.7110748,1917456.876,4512.324526,0,0,0,105256.9967,3141094.838,C,Rachael_Winfree_Cucumis_melo_USA_2004C
Rachael_Winfree_Cucumis_melo_USA_2004,ker,40.341596,-74.767972,Cucumis melo,USA,0,NA,0,0,219139.7614,0,1456833.758,456.8080292,1148940.007,29235.1591,0,0,0,286488.3388,3141093.832,C,Rachael_Winfree_Cucumis_melo_USA_2004C
Rachael_Winfree_Cucumis_melo_USA_2004,lee,40.266198,-74.563116,Cucumis melo,USA,0,NA,0,0,230788.5416,0,342753.2388,0,2403129.42,0,0,0,0,164362.2683,3141033.469,C,Rachael_Winfree_Cucumis_melo_USA_2004C
Rachael_Winfree_Cucumis_melo_USA_2004,lit,40.30949,-74.752612,Cucumis melo,USA,0,NA,0,0,183741.046,0,1221555.479,0,1580801.065,0,0,0,0,154945.3424,3141042.933,C,Rachael_Winfree_Cucumis_melo_USA_2004C
Rachael_Winfree_Cucumis_melo_USA_2004,map,40.118056,-75.270109,Cucumis melo,USA,0,NA,0,0,572875.0955,0,482121.6783,2979.0429,1988700.326,1451.370171,0,0,0,92808.02785,3140935.541,C,Rachael_Winfree_Cucumis_melo_USA_2004C
Rachael_Winfree_Cucumis_melo_USA_2004,non,40.318046,-75.058363,Cucumis melo,USA,0,NA,0,0,126942.248,0,808412.9015,76.15637207,1660265.466,0,0,0,380.7979431,544981.5688,3141059.139,C,Rachael_Winfree_Cucumis_melo_USA_2004C
Rachael_Winfree_Cucumis_melo_USA_2004,pen,40.436941,-75.173595,Cucumis melo,USA,0,NA,0,0,34666.53435,0,1217852.388,912.2686768,1324275.379,0,0,0,0,563514.4105,3141220.98,C,Rachael_Winfree_Cucumis_melo_USA_2004C
Rachael_Winfree_Cucumis_melo_USA_2004,phi,40.572263,-75.159815,Cucumis melo,USA,0,NA,0,0,145326.972,0,879909.0019,4325.409798,1524014.965,260047.2193,0,0,0,327708.1345,3141331.702,D,Rachael_Winfree_Cucumis_melo_USA_2004D
Rachael_Winfree_Cucumis_melo_USA_2004,ray,40.318463,-75.374531,Cucumis melo,USA,0,NA,0,0,207300.1417,0,1622029.98,5254.934395,906649.0147,685.4633331,0,0,0,399185.8252,3141105.359,C,Rachael_Winfree_Cucumis_melo_USA_2004C
Rachael_Winfree_Cucumis_melo_USA_2004,spr,40.381194,-74.758451,Cucumis melo,USA,0,NA,0,0,104940.7662,0,755385.5906,304.3575745,2223230.506,684.8419113,0,0,0,56539.29291,3141085.356,C,Rachael_Winfree_Cucumis_melo_USA_2004C
Rachael_Winfree_Cucumis_melo_USA_2004,ter,40.328383,-74.726315,Cucumis melo,USA,0,NA,0,0,50352.29857,0,967218.7695,1599.035927,1804862.663,76.145401,0,0,0,317014.6618,3141123.574,C,Rachael_Winfree_Cucumis_melo_USA_2004C
Rachael_Winfree_Cucumis_melo_USA_2004,tra,40.565136,-75.184283,Cucumis melo,USA,0,NA,0,0,29199.7072,0,457016.9605,531.2145767,2028500.823,439570.1804,0,0,0,186422.2137,3141241.099,D,Rachael_Winfree_Cucumis_melo_USA_2004D
Rachael_Winfree_Malus_Domestica_USA_2004,1,40.32,-74.72,Malus domestica,USA,0,NA,0,0,96823.38278,0,561072.7756,1278.823195,2204683.337,76.16575623,0,0,0,277113.756,3141048.24,C,Rachael_Winfree_Malus_Domestica_USA_2004C
Rachael_Winfree_Malus_Domestica_USA_2004,2,40.33,-74.73,Malus domestica,USA,0,NA,0,0,51730.70897,0,1146251.425,2132.066513,1679629.748,76.145401,0,0,0,261286.9519,3141107.046,C,Rachael_Winfree_Malus_Domestica_USA_2004C
Rachael_Winfree_Malus_Domestica_USA_2004,3,40.4,-74.68,Malus domestica,USA,0,NA,0,0,36248.49526,0,859426.4125,0,2021941.823,76.06681061,0,0,0,223320.1365,3141012.934,C,Rachael_Winfree_Malus_Domestica_USA_2004C
Rachael_Winfree_Malus_Domestica_USA_2004,4,40.423,-74.462,Malus domestica,USA,0,NA,0,0,40097.2224,0,635547.986,0,2312577.794,13018.97446,0,0,228.1153641,138809.4586,3140279.551,C,Rachael_Winfree_Malus_Domestica_USA_2004C
Rachael_Winfree_Malus_Domestica_USA_2004,5,40.53,-74.11,Malus domestica,USA,0,NA,0,0,0,0,0,0,0,3140653.547,0,0,0,0,3140653.547,C,Rachael_Winfree_Malus_Domestica_USA_2004C
Rachael_Winfree_Malus_Domestica_USA_2004,6,40.555,-74.96,Malus domestica,USA,0,NA,0,0,100250.0662,0,1557846.656,2960.137291,494644.1429,1669.690628,0,0,0,983860.2707,3141230.963,C,Rachael_Winfree_Malus_Domestica_USA_2004C
Rachael_Winfree_Malus_Domestica_USA_2004,7,40.56,-74.96,Malus domestica,USA,0,NA,0,0,51450.93157,0,1367896.465,1262.56732,892072.2826,1669.690628,0,0,0,826970.8567,3141322.794,C,Rachael_Winfree_Malus_Domestica_USA_2004C
Rachael_Winfree_Malus_Domestica_USA_2004,8,40.568,-74.966,Malus domestica,USA,0,NA,0,0,50495.39599,0,1083387.811,0,1394775.34,886.7771687,0,0,0,611691.1562,3141236.481,C,Rachael_Winfree_Malus_Domestica_USA_2004C
Rachael_Winfree_Malus_Domestica_USA_2004,9,40.57,-74.97,Malus domestica,USA,0,NA,0,0,78523.0883,0,1212615.541,197.2986477,1373734.72,531.1237259,0,0,0,475567.0887,3141168.861,C,Rachael_Winfree_Malus_Domestica_USA_2004C
Rachael_Winfree_Malus_Domestica_USA_2004,10,40.63,-75.113,Malus domestica,USA,0,NA,0,0,12358.58541,0,360317.211,75.81768799,2477725.387,16298.63348,0,0,0,274524.2936,3141299.928,D,Rachael_Winfree_Malus_Domestica_USA_2004D
Rachael_Winfree_Malus_Domestica_USA_2004,11,40.67,-74.75,Malus domestica,USA,0,NA,0,0,72857.00939,0,1125299.499,54201.03991,1351700.15,9926.429092,0,0,3485.324409,523769.5648,3141239.016,C,Rachael_Winfree_Malus_Domestica_USA_2004C
Rachael_Winfree_Malus_Domestica_USA_2004,12,40.69,-74.45,Malus domestica,USA,0,NA,0,0,125151.3763,0,196285.3984,1122.691172,2816691.197,75.75489807,0,0,0,1211.895073,3140538.313,C,Rachael_Winfree_Malus_Domestica_USA_2004C
Rachael_Winfree_Malus_Domestica_USA_2004,13,40.73,-74.84,Malus domestica,USA,0,NA,0,0,91531.29399,0,854676.8595,75.70692444,1856548.698,529.9274597,0,0,0,337876.025,3141238.511,C,Rachael_Winfree_Malus_Domestica_USA_2004C
Rachael_Winfree_Malus_Domestica_USA_2004,14,40.734,-74.837,Malus domestica,USA,0,NA,0,0,63039.79691,0,962292.0246,529.8259048,1714784.787,529.9274597,0,0,0,400113.4208,3141289.783,C,Rachael_Winfree_Malus_Domestica_USA_2004C
Rachael_Winfree_Malus_Domestica_USA_2004,15,40.738,-74.539,Malus domestica,USA,0,NA,0,0,203181.5855,0,282456.0446,7569.800514,2593949.978,6888.593681,0,0,0,47383.77013,3141429.773,C,Rachael_Winfree_Malus_Domestica_USA_2004C
Rachael_Winfree_Malus_Domestica_USA_2004,16,40.74,-74.54,Malus domestica,USA,0,NA,0,0,184210.8983,0,232379.5574,7569.800514,2669097.204,6888.593681,0,0,0,40579.75365,3140725.808,C,Rachael_Winfree_Malus_Domestica_USA_2004C
Rachael_Winfree_Solanum_lycopersicum_USA_2004,aun,40.393329,-74.745286,Solanum lycopersicum,USA,0,NA,0,0,66214.69172,0,1522241.525,1217.290581,1340345.068,4412.48468,0,0,0,206740.5555,3141171.616,C,Rachael_Winfree_Solanum_lycopersicum_USA_2004C
Rachael_Winfree_Solanum_lycopersicum_USA_2004,bar,40.171394,-75.405438,Solanum lycopersicum,USA,0,NA,0,0,237508.1595,0,748888.9885,8624.418968,2061272.081,0,0,0,0,84109.38396,3140403.032,C,Rachael_Winfree_Solanum_lycopersicum_USA_2004C
Rachael_Winfree_Solanum_lycopersicum_USA_2004,che,40.311069,-74.716323,Solanum lycopersicum,USA,0,NA,0,0,40780.50125,0,685728.5045,0,2167036.45,990.2761765,0,0,0,246575.0354,3141110.767,C,Rachael_Winfree_Solanum_lycopersicum_USA_2004C
Rachael_Winfree_Solanum_lycopersicum_USA_2004,del,40.295893,-75.150872,Solanum lycopersicum,USA,0,NA,0,0,389593.1125,0,718058.1403,685.7110748,1922707.456,4647.685127,0,0,0,105377.1298,3141069.235,C,Rachael_Winfree_Solanum_lycopersicum_USA_2004C
Rachael_Winfree_Solanum_lycopersicum_USA_2004,hop,40.399062,-74.759854,Solanum lycopersicum,USA,0,NA,0,0,84301.97641,0,850082.6667,1024.252484,2162326.445,0,0,0,0,43392.18992,3141127.531,C,Rachael_Winfree_Solanum_lycopersicum_USA_2004C
Rachael_Winfree_Solanum_lycopersicum_USA_2004,ker,40.341842,-74.768246,Solanum lycopersicum,USA,0,NA,0,0,221200.3559,0,1434674.691,456.8080292,1167372.606,29235.1591,0,0,0,288185.7652,3141125.385,C,Rachael_Winfree_Solanum_lycopersicum_USA_2004C
Rachael_Winfree_Solanum_lycopersicum_USA_2004,mis,40.53801,-74.921152,Solanum lycopersicum,USA,0,NA,0,0,28499.20161,0,1022287.687,151.8377991,1932198.864,0,0,0,0,158081.8455,3141219.435,C,Rachael_Winfree_Solanum_lycopersicum_USA_2004C
Rachael_Winfree_Solanum_lycopersicum_USA_2004,pen,40.437309,-75.172804,Solanum lycopersicum,USA,0,NA,0,0,33908.23843,0,1227819.631,912.2686768,1347321.07,0,0,0,0,531192.2581,3141153.466,C,Rachael_Winfree_Solanum_lycopersicum_USA_2004C
Rachael_Winfree_Solanum_lycopersicum_USA_2004,phi,40.572189,-75.153653,Solanum lycopersicum,USA,0,NA,0,0,115811.9997,0,859634.337,3743.056161,1499305.328,296119.6768,0,0,0,366604.7432,3141219.14,D,Rachael_Winfree_Solanum_lycopersicum_USA_2004D
Rachael_Winfree_Solanum_lycopersicum_USA_2004,ray,40.318942,-75.374323,Solanum lycopersicum,USA,0,NA,0,0,207763.257,0,1632585.354,5511.762197,920872.6455,685.4633331,0,0,0,373653.3719,3141071.854,C,Rachael_Winfree_Solanum_lycopersicum_USA_2004C
Rachael_Winfree_Solanum_lycopersicum_USA_2004,sny,40.55734,-74.962348,Solanum lycopersicum,USA,0,NA,0,0,25039.4983,0,1476399.165,75.89524841,636583.5499,2049.153526,0,0,0,1001158.029,3141305.291,C,Rachael_Winfree_Solanum_lycopersicum_USA_2004C
Rachael_Winfree_Solanum_lycopersicum_USA_2004,sun,40.305742,-75.404814,Solanum lycopersicum,USA,0,NA,0,0,50749.62313,0,1208447.24,1.195033773,963995.5203,0,0,0,0,917913.2954,3141106.874,C,Rachael_Winfree_Solanum_lycopersicum_USA_2004C
Rachael_Winfree_Solanum_lycopersicum_USA_2004,trad,40.630643,-75.111375,Solanum lycopersicum,USA,0,NA,0,0,9750.321407,0,368582.9868,75.81768799,2396283.862,16298.63348,0,0,0,350382.3309,3141373.952,D,Rachael_Winfree_Solanum_lycopersicum_USA_2004D
Rachael_Winfree_Solanum_lycopersicum_USA_2004,wat,40.349836,-74.766848,Solanum lycopersicum,USA,0,NA,0,0,189574.3138,0,917089.0852,76.12913513,1850823.378,28762.23055,0,0,0,154757.8634,3141083,C,Rachael_Winfree_Solanum_lycopersicum_USA_2004C
Rachael_Winfree_Solanum_lycopersicum_USA_2004,wil,40.19379,-75.369415,Solanum lycopersicum,USA,0,NA,0,0,35452.44475,0,1494395.3,1449.797928,1530807.972,381.5227509,0,0,0,78505.89525,3140992.932,C,Rachael_Winfree_Solanum_lycopersicum_USA_2004C
Rachael_Winfree_Solanum_lycopersicum_USA_2005,bar,40.1726,-75.4038,Solanum lycopersicum,USA,0,NA,0,0,245512.3229,0,817088.805,8242.751518,1986089.047,0,0,0,0,84033.04565,3140965.972,C,Rachael_Winfree_Solanum_lycopersicum_USA_2005C
Rachael_Winfree_Solanum_lycopersicum_USA_2005,bra,40.3848,-75.2614,Solanum lycopersicum,USA,0,NA,0,0,131781.2573,0,1347787.735,456.5301666,1289293.238,152.1782837,0,0,0,371663.2803,3141134.219,C,Rachael_Winfree_Solanum_lycopersicum_USA_2005C
Rachael_Winfree_Solanum_lycopersicum_USA_2005,bri,40.5273,-75.0688,Solanum lycopersicum,USA,0,NA,0,0,156679.0051,0,447074.0156,6757.160423,1481961.491,646243.1306,0,0,0,401501.2491,3140216.052,D,Rachael_Winfree_Solanum_lycopersicum_USA_2005D
Rachael_Winfree_Solanum_lycopersicum_USA_2005,ker,40.342,-74.7685,Solanum lycopersicum,USA,0,NA,0,0,221134.3659,0,1417137.765,456.8080292,1182347.173,29332.49486,0,0,0,290706.3392,3141114.946,C,Rachael_Winfree_Solanum_lycopersicum_USA_2005C
Rachael_Winfree_Solanum_lycopersicum_USA_2005,kim,40.1428,-75.5832,Solanum lycopersicum,USA,0,NA,0,0,40983.39941,0,1419430.03,76.3633728,1214647.741,0,0,0,0,465813.5629,3140951.097,C,Rachael_Winfree_Solanum_lycopersicum_USA_2005C
Rachael_Winfree_Solanum_lycopersicum_USA_2005,lee,40.2653,-74.5641,Solanum lycopersicum,USA,0,NA,0,0,195486.415,0,319106.053,0,2461514.567,0,0,0,0,164944.8929,3141051.928,C,Rachael_Winfree_Solanum_lycopersicum_USA_2005C
Rachael_Winfree_Solanum_lycopersicum_USA_2005,lit,40.3088,-74.7546,Solanum lycopersicum,USA,0,NA,0,0,233979.0252,0,1093969.935,9.559632544,1634081.956,0,0,0,0,179025.2358,3141065.711,C,Rachael_Winfree_Solanum_lycopersicum_USA_2005C
Rachael_Winfree_Solanum_lycopersicum_USA_2005,pen,40.4362,-75.1721,Solanum lycopersicum,USA,0,NA,0,0,37099.28891,0,1259059.646,912.2686768,1313124.265,0,0,0,0,530974.1832,3141169.652,C,Rachael_Winfree_Solanum_lycopersicum_USA_2005C
Rachael_Winfree_Solanum_lycopersicum_USA_2005,phi,40.57,-75.1588,Solanum lycopersicum,USA,0,NA,0,0,145337.6599,0,788928.3668,4097.787842,1549372.294,328191.5335,0,0,0,325294.7827,3141222.425,D,Rachael_Winfree_Solanum_lycopersicum_USA_2005D
Rachael_Winfree_Solanum_lycopersicum_USA_2005,ray,40.3189,-75.3741,Solanum lycopersicum,USA,0,NA,0,0,207264.2903,0,1639956.963,5411.121633,911059.6202,685.4633331,0,0,0,376717.1444,3141094.603,C,Rachael_Winfree_Solanum_lycopersicum_USA_2005C
Rachael_Winfree_Solanum_lycopersicum_USA_2005,ter,40.3282,-74.7261,Solanum lycopersicum,USA,0,NA,0,0,48825.83193,0,955776.0309,1599.035927,1817616.474,76.145401,0,0,0,317201.6968,3141095.215,C,Rachael_Winfree_Solanum_lycopersicum_USA_2005C
Rachael_Winfree_Solanum_lycopersicum_USA_2005,tra,40.5651,-75.1816,Solanum lycopersicum,USA,0,NA,0,0,29738.44756,0,354058.0594,531.2145767,2122220.854,468580.31,0,0,1593.677872,164573.6694,3141296.232,D,Rachael_Winfree_Solanum_lycopersicum_USA_2005D
Rachael_Winfree_Solanum_lycopersicum_USA_2005,wat,40.3512,-74.7697,Solanum lycopersicum,USA,0,NA,0,0,196326.5133,0,870948.6383,76.12913513,1912155.36,29222.6193,0,0,0,132428.5152,3141157.775,C,Rachael_Winfree_Solanum_lycopersicum_USA_2005C
Rachael_Winfree_Vaccinium_corymbosum_USA_2010,AH,39.547799,-74.780821,Vaccinium corymbosum,USA,0,NA,0,0,108122.6497,0,1273366.817,12475.5177,474466.4719,0,0,0,0,1271737.01,3140168.467,C,Rachael_Winfree_Vaccinium_corymbosum_USA_2010C
Rachael_Winfree_Vaccinium_corymbosum_USA_2010,AML,39.478388,-74.727364,Vaccinium corymbosum,USA,0,NA,0,0,108228.0185,0,1850954.593,21627.03384,985738.9268,56722.92676,0,0,77.08040619,116910.7055,3140259.285,C,Rachael_Winfree_Vaccinium_corymbosum_USA_2010C
Rachael_Winfree_Vaccinium_corymbosum_USA_2010,BER,39.611428,-74.818625,Vaccinium corymbosum,USA,0,NA,0,0,370366.9639,0,1177894.339,47238.35644,1207640.933,43856.37587,0,0,0,293477.1347,3140474.103,C,Rachael_Winfree_Vaccinium_corymbosum_USA_2010C
Rachael_Winfree_Vaccinium_corymbosum_USA_2010,DEL,39.644322,-74.751574,Vaccinium corymbosum,USA,0,NA,0,0,99680.68337,0,1978482.135,13126.95666,269334.6946,0,0,0,153.8002167,779787.5136,3140565.783,C,Rachael_Winfree_Vaccinium_corymbosum_USA_2010C
Rachael_Winfree_Vaccinium_corymbosum_USA_2010,DEM,39.663066,-74.733103,Vaccinium corymbosum,USA,0,NA,0,0,2027.717292,0,509469.2412,16837.99921,2234465.587,0,0,0,76.88565063,377684.3216,3140561.752,C,Rachael_Winfree_Vaccinium_corymbosum_USA_2010C
Rachael_Winfree_Vaccinium_corymbosum_USA_2010,DH,39.662869,-74.771815,Vaccinium corymbosum,USA,0,NA,0,0,215657.4668,0,1178277.513,32142.30805,890011.0522,8850.360206,0,0,0,815636.048,3140574.748,C,Rachael_Winfree_Vaccinium_corymbosum_USA_2010C
Rachael_Winfree_Vaccinium_corymbosum_USA_2010,DON,39.64897,-74.737931,Vaccinium corymbosum,USA,0,NA,0,0,70943.14495,0,1747147.855,12262.41274,613668.1298,6229.024635,0,0,1768.605461,688546.2193,3140565.391,C,Rachael_Winfree_Vaccinium_corymbosum_USA_2010C
Rachael_Winfree_Vaccinium_corymbosum_USA_2010,GLO,39.653023,-74.762916,Vaccinium corymbosum,USA,0,NA,0,0,76136.45579,0,1442930.667,76970.96182,330911.2526,0,0,0,845.848053,1212773.256,3140568.442,C,Rachael_Winfree_Vaccinium_corymbosum_USA_2010C
Rachael_Winfree_Vaccinium_corymbosum_USA_2010,GRA,39.684197,-74.816985,Vaccinium corymbosum,USA,0,NA,0,0,37782.39971,0,1128093.677,21374.45527,899901.6821,0,0,0,3381.723022,1050051.258,3140585.196,C,Rachael_Winfree_Vaccinium_corymbosum_USA_2010C
Rachael_Winfree_Vaccinium_corymbosum_USA_2010,LEE,39.783986,-74.847539,Vaccinium corymbosum,USA,0,NA,0,0,43320.70056,0,616029.7204,1918.864548,2055934.831,8749.261551,0,0,0,414387.0149,3140340.393,C,Rachael_Winfree_Vaccinium_corymbosum_USA_2010C
Rachael_Winfree_Vaccinium_corymbosum_USA_2010,MAC,39.706868,-74.756514,Vaccinium corymbosum,USA,0,NA,0,0,40980.60906,0,538502.8383,67461.55902,2194084.936,3995.509201,0,0,0,295584.3762,3140609.828,C,Rachael_Winfree_Vaccinium_corymbosum_USA_2010C
Rachael_Winfree_Vaccinium_corymbosum_USA_2010,MBR,39.644437,-74.768434,Vaccinium corymbosum,USA,0,NA,0,0,185409.7854,0,1486726.478,92371.28114,544384.8429,76.91023254,0,0,748.7491312,830838.6338,3140556.681,C,Rachael_Winfree_Vaccinium_corymbosum_USA_2010C
Rachael_Winfree_Vaccinium_corymbosum_USA_2010,MIL,39.791671,-74.784838,Vaccinium corymbosum,USA,0,NA,0,0,50169.72281,0,444955.9735,1074.359322,2622685.807,1304.726311,0,0,0,20140.85469,3140331.444,C,Rachael_Winfree_Vaccinium_corymbosum_USA_2010C
Rachael_Winfree_Vaccinium_corymbosum_USA_2010,MOO,39.81459,-74.641169,Vaccinium corymbosum,USA,0,NA,0,0,28846.41215,0,820975.4836,37018.70167,2004904.428,105795.568,0,0,15727.56094,127128.1103,3140396.264,C,Rachael_Winfree_Vaccinium_corymbosum_USA_2010C
Rachael_Winfree_Vaccinium_corymbosum_USA_2010,RS,39.564237,-74.683863,Vaccinium corymbosum,USA,0,NA,0,0,82995.34842,0,664445.0855,33414.45136,2312370.805,0,0,0,0,47273.59223,3140499.283,C,Rachael_Winfree_Vaccinium_corymbosum_USA_2010C
Rachael_Winfree_Vaccinium_corymbosum_USA_2010,WHA,39.764943,-74.729036,Vaccinium corymbosum,USA,0,NA,0,0,51486.60951,0,607088.1042,383.8832779,2295856.4,26387.72175,0,0,17814.32209,141636.3602,3140653.401,C,Rachael_Winfree_Vaccinium_corymbosum_USA_2010C
Rachael_Winfree_Vaccinium_corymbosum_USA_2011,AH,39.547799,-74.780821,Vaccinium corymbosum,USA,0,NA,0,0,108122.6497,0,1273366.817,12475.5177,474466.4719,0,0,0,0,1271737.01,3140168.467,C,Rachael_Winfree_Vaccinium_corymbosum_USA_2011C
Rachael_Winfree_Vaccinium_corymbosum_USA_2011,AML,39.478388,-74.727364,Vaccinium corymbosum,USA,0,NA,0,0,108228.0185,0,1850954.593,21627.03384,985738.9268,56722.92676,0,0,77.08040619,116910.7055,3140259.285,C,Rachael_Winfree_Vaccinium_corymbosum_USA_2011C
Rachael_Winfree_Vaccinium_corymbosum_USA_2011,BER,39.611428,-74.818625,Vaccinium corymbosum,USA,0,NA,0,0,370366.9639,0,1177894.339,47238.35644,1207640.933,43856.37587,0,0,0,293477.1347,3140474.103,C,Rachael_Winfree_Vaccinium_corymbosum_USA_2011C
Rachael_Winfree_Vaccinium_corymbosum_USA_2011,DEL,39.644322,-74.751574,Vaccinium corymbosum,USA,0,NA,0,0,99680.68337,0,1978482.135,13126.95666,269334.6946,0,0,0,153.8002167,779787.5136,3140565.783,C,Rachael_Winfree_Vaccinium_corymbosum_USA_2011C
Rachael_Winfree_Vaccinium_corymbosum_USA_2011,DEM,39.663066,-74.733103,Vaccinium corymbosum,USA,0,NA,0,0,2027.717292,0,509469.2412,16837.99921,2234465.587,0,0,0,76.88565063,377684.3216,3140561.752,C,Rachael_Winfree_Vaccinium_corymbosum_USA_2011C
Rachael_Winfree_Vaccinium_corymbosum_USA_2011,DH,39.662869,-74.771815,Vaccinium corymbosum,USA,0,NA,0,0,215657.4668,0,1178277.513,32142.30805,890011.0522,8850.360206,0,0,0,815636.048,3140574.748,C,Rachael_Winfree_Vaccinium_corymbosum_USA_2011C
Rachael_Winfree_Vaccinium_corymbosum_USA_2011,DON,39.64897,-74.737931,Vaccinium corymbosum,USA,0,NA,0,0,70943.14495,0,1747147.855,12262.41274,613668.1298,6229.024635,0,0,1768.605461,688546.2193,3140565.391,C,Rachael_Winfree_Vaccinium_corymbosum_USA_2011C
Rachael_Winfree_Vaccinium_corymbosum_USA_2011,GLO,39.653023,-74.762916,Vaccinium corymbosum,USA,0,NA,0,0,76136.45579,0,1442930.667,76970.96182,330911.2526,0,0,0,845.848053,1212773.256,3140568.442,C,Rachael_Winfree_Vaccinium_corymbosum_USA_2011C
Rachael_Winfree_Vaccinium_corymbosum_USA_2011,GRA,39.684197,-74.816985,Vaccinium corymbosum,USA,0,NA,0,0,37782.39971,0,1128093.677,21374.45527,899901.6821,0,0,0,3381.723022,1050051.258,3140585.196,C,Rachael_Winfree_Vaccinium_corymbosum_USA_2011C
Rachael_Winfree_Vaccinium_corymbosum_USA_2011,LEE,39.783986,-74.847539,Vaccinium corymbosum,USA,0,NA,0,0,43320.70056,0,616029.7204,1918.864548,2055934.831,8749.261551,0,0,0,414387.0149,3140340.393,C,Rachael_Winfree_Vaccinium_corymbosum_USA_2011C
Rachael_Winfree_Vaccinium_corymbosum_USA_2011,MAC,39.706868,-74.756514,Vaccinium corymbosum,USA,0,NA,0,0,40980.60906,0,538502.8383,67461.55902,2194084.936,3995.509201,0,0,0,295584.3762,3140609.828,C,Rachael_Winfree_Vaccinium_corymbosum_USA_2011C
Rachael_Winfree_Vaccinium_corymbosum_USA_2011,MBR,39.644437,-74.768434,Vaccinium corymbosum,USA,0,NA,0,0,185409.7854,0,1486726.478,92371.28114,544384.8429,76.91023254,0,0,748.7491312,830838.6338,3140556.681,C,Rachael_Winfree_Vaccinium_corymbosum_USA_2011C
Rachael_Winfree_Vaccinium_corymbosum_USA_2011,MIL,39.791671,-74.784838,Vaccinium corymbosum,USA,0,NA,0,0,50169.72281,0,444955.9735,1074.359322,2622685.807,1304.726311,0,0,0,20140.85469,3140331.444,C,Rachael_Winfree_Vaccinium_corymbosum_USA_2011C
Rachael_Winfree_Vaccinium_corymbosum_USA_2011,MOO,39.81459,-74.641169,Vaccinium corymbosum,USA,0,NA,0,0,28846.41215,0,820975.4836,37018.70167,2004904.428,105795.568,0,0,15727.56094,127128.1103,3140396.264,C,Rachael_Winfree_Vaccinium_corymbosum_USA_2011C
Rachael_Winfree_Vaccinium_corymbosum_USA_2011,RS,39.564237,-74.683863,Vaccinium corymbosum,USA,0,NA,0,0,82995.34842,0,664445.0855,33414.45136,2312370.805,0,0,0,0,47273.59223,3140499.283,C,Rachael_Winfree_Vaccinium_corymbosum_USA_2011C
Rachael_Winfree_Vaccinium_corymbosum_USA_2011,WHA,39.764943,-74.729036,Vaccinium corymbosum,USA,0,NA,0,0,51486.60951,0,607088.1042,383.8832779,2295856.4,26387.72175,0,0,17814.32209,141636.3602,3140653.401,C,Rachael_Winfree_Vaccinium_corymbosum_USA_2011C
Rachael_Winfree_Vaccinium_macrocarpon_USA_2009,BU,39.908426,-74.694853,Vaccinium macrocarpon,USA,0,NA,0,0,46435.42973,0,1039881.394,1302.390083,1043666.889,192897.8181,0,0,108335.844,707213.2853,3139733.051,C,Rachael_Winfree_Vaccinium_macrocarpon_USA_2009C
Rachael_Winfree_Vaccinium_macrocarpon_USA_2009,HC,39.724777,-74.544536,Vaccinium macrocarpon,USA,0,NA,0,0,12611.84492,0,759166.3325,230.4574432,2285994.203,5991.382843,0,0,14518.98034,61981.42254,3140494.623,C,Rachael_Winfree_Vaccinium_macrocarpon_USA_2009C
Rachael_Winfree_Vaccinium_macrocarpon_USA_2009,HN,39.763725,-74.519458,Vaccinium macrocarpon,USA,0,NA,0,0,3280.149497,0,930578.4,30889.08455,1747426.894,141253.4799,0,0,52056.52648,235181.9637,3140666.498,C,Rachael_Winfree_Vaccinium_macrocarpon_USA_2009C
Rachael_Winfree_Vaccinium_macrocarpon_USA_2009,HP,39.74966,-74.521564,Vaccinium macrocarpon,USA,0,NA,0,0,32612.53304,0,1243449.238,43983.6967,1471079.346,72203.2732,0,0,27697.10768,249612.4157,3140637.61,C,Rachael_Winfree_Vaccinium_macrocarpon_USA_2009C
Rachael_Winfree_Vaccinium_macrocarpon_USA_2009,HR,39.736335,-74.539535,Vaccinium macrocarpon,USA,0,NA,0,0,16124.15875,0,1104452.72,8609.827057,1750922.561,65820.32046,0,0,73233.02112,121468.3886,3140630.997,C,Rachael_Winfree_Vaccinium_macrocarpon_USA_2009C
Rachael_Winfree_Vaccinium_macrocarpon_USA_2009,HS,39.72873,-74.532794,Vaccinium macrocarpon,USA,0,NA,0,0,14498.54903,0,1734112.11,3225.999664,1126687.486,14133.10899,0,0,27727.7421,220233.2629,3140618.258,C,Rachael_Winfree_Vaccinium_macrocarpon_USA_2009C
Rachael_Winfree_Vaccinium_macrocarpon_USA_2009,HU,39.739291,-74.521881,Vaccinium macrocarpon,USA,0,NA,0,0,34370.58091,0,1344736.693,3778.663967,1392347.089,157064.3003,0,0,10790.71505,197552.5342,3140640.577,C,Rachael_Winfree_Vaccinium_macrocarpon_USA_2009C
Rachael_Winfree_Vaccinium_macrocarpon_USA_2009,JE,39.940202,-74.485499,Vaccinium macrocarpon,USA,0,NA,0,0,22043.49294,0,629816.559,6254.217922,1818699.754,219088.4184,0,0,1837.980225,443058.1079,3140798.531,C,Rachael_Winfree_Vaccinium_macrocarpon_USA_2009C
Rachael_Winfree_Vaccinium_macrocarpon_USA_2009,JN,39.95018,-74.502903,Vaccinium macrocarpon,USA,0,NA,0,0,56146.00069,0,951862.1087,15161.39375,1868383.077,41238.89701,0,0,5722.434072,202178.6588,3140692.57,C,Rachael_Winfree_Vaccinium_macrocarpon_USA_2009C
Rachael_Winfree_Vaccinium_macrocarpon_USA_2009,JW,39.938123,-74.500473,Vaccinium macrocarpon,USA,0,NA,0,0,49592.53853,0,566712.8926,7799.049721,2222310.795,0,0,0,0,294373.4131,3140788.689,C,Rachael_Winfree_Vaccinium_macrocarpon_USA_2009C
Rachael_Winfree_Vaccinium_macrocarpon_USA_2009,LC,39.654163,-74.506836,Vaccinium macrocarpon,USA,0,NA,0,0,21598.27581,0,294752.1138,3333.057876,2807873.344,0,0,0,2448.079552,10226.56728,3140231.438,C,Rachael_Winfree_Vaccinium_macrocarpon_USA_2009C
Rachael_Winfree_Vaccinium_macrocarpon_USA_2009,LE,39.753874,-74.543119,Vaccinium macrocarpon,USA,0,NA,0,0,26618.84022,0,819090.233,12269.86742,2153654.764,13904.32363,0,0,12208.92226,102893.7113,3140640.662,C,Rachael_Winfree_Vaccinium_macrocarpon_USA_2009C
Rachael_Winfree_Vaccinium_macrocarpon_USA_2009,MO,39.81314,-74.651381,Vaccinium macrocarpon,USA,0,NA,0,0,17413.15607,0,614061.2457,2148.12439,2363835.864,43423.24675,0,0,16801.36142,82127.96432,3139810.963,C,Rachael_Winfree_Vaccinium_macrocarpon_USA_2009C
Rachael_Winfree_Vaccinium_macrocarpon_USA_2009,TH,39.926812,-74.628863,Vaccinium macrocarpon,USA,0,NA,0,0,10908.19115,0,410084.4671,229.7761078,2334808.641,183450.2892,0,0,84255.06142,117043.3688,3140779.795,C,Rachael_Winfree_Vaccinium_macrocarpon_USA_2009C
Rachael_Winfree_Vaccinium_macrocarpon_USA_2009,UC,39.68076,-74.498111,Vaccinium macrocarpon,USA,0,NA,0,0,0,0,395863.717,1690.937904,2614053.874,112141.4116,0,0,15679.4542,1152.929886,3140582.325,C,Rachael_Winfree_Vaccinium_macrocarpon_USA_2009C
Rachael_Winfree_Vaccinium_macrocarpon_USA_2009,WH,39.763911,-74.726513,Vaccinium macrocarpon,USA,0,NA,0,0,42860.16435,0,643694.0302,383.8832779,2312914.526,4582.35408,0,0,21189.09938,114857.804,3140481.861,C,Rachael_Winfree_Vaccinium_macrocarpon_USA_2009C
Rachael_Winfree_Vaccinium_macrocarpon_USA_2010,BU,39.908426,-74.694853,Vaccinium macrocarpon,USA,0,NA,0,0,46435.42973,0,1039881.394,1302.390083,1043666.889,192897.8181,0,0,108335.844,707213.2853,3139733.051,C,Rachael_Winfree_Vaccinium_macrocarpon_USA_2010C
Rachael_Winfree_Vaccinium_macrocarpon_USA_2010,HC,39.724777,-74.544536,Vaccinium macrocarpon,USA,0,NA,0,0,12611.84492,0,759166.3325,230.4574432,2285994.203,5991.382843,0,0,14518.98034,61981.42254,3140494.623,C,Rachael_Winfree_Vaccinium_macrocarpon_USA_2010C
Rachael_Winfree_Vaccinium_macrocarpon_USA_2010,HN,39.763725,-74.519458,Vaccinium macrocarpon,USA,0,NA,0,0,3280.149497,0,930578.4,30889.08455,1747426.894,141253.4799,0,0,52056.52648,235181.9637,3140666.498,C,Rachael_Winfree_Vaccinium_macrocarpon_USA_2010C
Rachael_Winfree_Vaccinium_macrocarpon_USA_2010,HP,39.74966,-74.521564,Vaccinium macrocarpon,USA,0,NA,0,0,32612.53304,0,1243449.238,43983.6967,1471079.346,72203.2732,0,0,27697.10768,249612.4157,3140637.61,C,Rachael_Winfree_Vaccinium_macrocarpon_USA_2010C
Rachael_Winfree_Vaccinium_macrocarpon_USA_2010,HR,39.736335,-74.539535,Vaccinium macrocarpon,USA,0,NA,0,0,16124.15875,0,1104452.72,8609.827057,1750922.561,65820.32046,0,0,73233.02112,121468.3886,3140630.997,C,Rachael_Winfree_Vaccinium_macrocarpon_USA_2010C
Rachael_Winfree_Vaccinium_macrocarpon_USA_2010,HS,39.72873,-74.532794,Vaccinium macrocarpon,USA,0,NA,0,0,14498.54903,0,1734112.11,3225.999664,1126687.486,14133.10899,0,0,27727.7421,220233.2629,3140618.258,C,Rachael_Winfree_Vaccinium_macrocarpon_USA_2010C
Rachael_Winfree_Vaccinium_macrocarpon_USA_2010,HU,39.739291,-74.521881,Vaccinium macrocarpon,USA,0,NA,0,0,34370.58091,0,1344736.693,3778.663967,1392347.089,157064.3003,0,0,10790.71505,197552.5342,3140640.577,C,Rachael_Winfree_Vaccinium_macrocarpon_USA_2010C
Rachael_Winfree_Vaccinium_macrocarpon_USA_2010,JE,39.940202,-74.485499,Vaccinium macrocarpon,USA,0,NA,0,0,22043.49294,0,629816.559,6254.217922,1818699.754,219088.4184,0,0,1837.980225,443058.1079,3140798.531,C,Rachael_Winfree_Vaccinium_macrocarpon_USA_2010C
Rachael_Winfree_Vaccinium_macrocarpon_USA_2010,JN,39.95018,-74.502903,Vaccinium macrocarpon,USA,0,NA,0,0,56146.00069,0,951862.1087,15161.39375,1868383.077,41238.89701,0,0,5722.434072,202178.6588,3140692.57,C,Rachael_Winfree_Vaccinium_macrocarpon_USA_2010C
Rachael_Winfree_Vaccinium_macrocarpon_USA_2010,JW,39.938123,-74.500473,Vaccinium macrocarpon,USA,0,NA,0,0,49592.53853,0,566712.8926,7799.049721,2222310.795,0,0,0,0,294373.4131,3140788.689,C,Rachael_Winfree_Vaccinium_macrocarpon_USA_2010C
Rachael_Winfree_Vaccinium_macrocarpon_USA_2010,LC,39.654163,-74.506836,Vaccinium macrocarpon,USA,0,NA,0,0,21598.27581,0,294752.1138,3333.057876,2807873.344,0,0,0,2448.079552,10226.56728,3140231.438,C,Rachael_Winfree_Vaccinium_macrocarpon_USA_2010C
Rachael_Winfree_Vaccinium_macrocarpon_USA_2010,LE,39.753874,-74.543119,Vaccinium macrocarpon,USA,0,NA,0,0,26618.84022,0,819090.233,12269.86742,2153654.764,13904.32363,0,0,12208.92226,102893.7113,3140640.662,C,Rachael_Winfree_Vaccinium_macrocarpon_USA_2010C
Rachael_Winfree_Vaccinium_macrocarpon_USA_2010,MO,39.81314,-74.651381,Vaccinium macrocarpon,USA,0,NA,0,0,17413.15607,0,614061.2457,2148.12439,2363835.864,43423.24675,0,0,16801.36142,82127.96432,3139810.963,C,Rachael_Winfree_Vaccinium_macrocarpon_USA_2010C
Rachael_Winfree_Vaccinium_macrocarpon_USA_2010,TH,39.926812,-74.628863,Vaccinium macrocarpon,USA,0,NA,0,0,10908.19115,0,410084.4671,229.7761078,2334808.641,183450.2892,0,0,84255.06142,117043.3688,3140779.795,C,Rachael_Winfree_Vaccinium_macrocarpon_USA_2010C
Rachael_Winfree_Vaccinium_macrocarpon_USA_2010,UC,39.68076,-74.498111,Vaccinium macrocarpon,USA,0,NA,0,0,0,0,395863.717,1690.937904,2614053.874,112141.4116,0,0,15679.4542,1152.929886,3140582.325,C,Rachael_Winfree_Vaccinium_macrocarpon_USA_2010C
Rachael_Winfree_Vaccinium_macrocarpon_USA_2010,WH,39.763911,-74.726513,Vaccinium macrocarpon,USA,0,NA,0,0,42860.16435,0,643694.0302,383.8832779,2312914.526,4582.35408,0,0,21189.09938,114857.804,3140481.861,C,Rachael_Winfree_Vaccinium_macrocarpon_USA_2010C
Rachel_Mallinger_Malus_domestica_USA_2012,mall01_AB,43.039377,-89.613873,Malus domestica,USA,6.5219269,0,0,0,51457.87152,0,500977.8871,584.4510727,787423.7322,0,0,0,0,1802877.035,3143320.977,D,Rachel_Mallinger_Malus_domestica_USA_2012D
Rachel_Mallinger_Malus_domestica_USA_2012,mall01_AH,42.675,-87.961,Malus domestica,USA,1.3336953,0,0,0,278304.5888,0,443244.6365,1043.152561,854598.6588,7714.069005,0,0,73.47566223,1557590.064,3142568.646,D,Rachel_Mallinger_Malus_domestica_USA_2012D
Rachel_Mallinger_Malus_domestica_USA_2012,mall01_BR,42.64427,-88.1624,Malus domestica,USA,11.9368955,2.5,0,0,31260.30984,0,249964.4422,0,988342.5981,19230.52206,0,0,921.5249278,1852945.434,3142664.831,D,Rachel_Mallinger_Malus_domestica_USA_2012D
Rachel_Mallinger_Malus_domestica_USA_2012,mall01_CO,43.31,-89.417,Malus domestica,USA,17.8236465,2.4,0,0,39752.24607,0,113957.5593,0,122630.1613,0,0,0,0,2867211.55,3143551.517,D,Rachel_Mallinger_Malus_domestica_USA_2012D
Rachel_Mallinger_Malus_domestica_USA_2012,mall01_DC,43.02506,-89.2236,Malus domestica,USA,19.9470813,0.3,0,0,20030.59809,0,876531.0184,438.4636612,1104544.094,0,0,0,2411.345131,1138814.332,3142769.852,D,Rachel_Mallinger_Malus_domestica_USA_2012D
Rachel_Mallinger_Malus_domestica_USA_2012,mall01_EL,42.745,-88.2306,Malus domestica,USA,0.3074074,0,0,0,385331.4068,0,806374.9027,1761.452118,1845565.391,73149.49686,0,0,20624.63344,10349.01227,3143156.295,D,Rachel_Mallinger_Malus_domestica_USA_2012D
Rachel_Mallinger_Malus_domestica_USA_2012,mall01_HK,42.80000403,-88.94999723,Malus domestica,USA,27.530892,0,0,0,37387.59004,0,461043.7265,660.0695877,980157.9263,15106.54007,0,0,10779.89061,1637576.872,3142712.615,D,Rachel_Mallinger_Malus_domestica_USA_2012D
Rachel_Mallinger_Malus_domestica_USA_2012,mall01_HO,43.87,-91.44,Malus domestica,USA,19.6000506,0.2,0,0,11645.82548,0,461719.0504,0,2259242.562,1513.469139,0,0,0,409673.0629,3143793.97,D,Rachel_Mallinger_Malus_domestica_USA_2012D
Rachel_Mallinger_Malus_domestica_USA_2012,mall01_HR,42.562,-88.33,Malus domestica,USA,0.3869097,0,0,0,34677.44861,0,435320.1364,393.9897374,645657.5065,120644.7528,0,0,92859.79946,1813428.127,3142981.76,D,Rachel_Mallinger_Malus_domestica_USA_2012D
Rachel_Mallinger_Malus_domestica_USA_2012,mall01_J,43.14300921,-89.20600045,Malus domestica,USA,6.7056184,1,0,0,136008.7449,0,415188.2128,218.7988358,452440.2332,0,0,0,0,2139432.445,3143288.435,D,Rachel_Mallinger_Malus_domestica_USA_2012D
Rachel_Mallinger_Malus_domestica_USA_2012,mall01_KA,43.01700798,-89.04000034,Malus domestica,USA,8.5355377,0.8,0,0,98773.8603,0,378278.3875,3012.410147,199675.1929,0,0,0,73.07095337,2462815.872,3142628.793,D,Rachel_Mallinger_Malus_domestica_USA_2012D
Rachel_Mallinger_Malus_domestica_USA_2012,mall01_KI,43.32900917,-90.79999955,Malus domestica,USA,19.0795351,2,0,0,50104.04148,0,655864.1657,72.71622467,1778201.904,0,0,0,0,658477.0556,3142719.883,D,Rachel_Mallinger_Malus_domestica_USA_2012D
Rachel_Mallinger_Malus_domestica_USA_2012,mall01_MH,43.392,-89.92,Malus domestica,USA,1.4466367,0.6,0,0,19668.19442,0,311555.6428,0,2567219.513,0,0,0,0,244632.4703,3143075.821,D,Rachel_Mallinger_Malus_domestica_USA_2012D
Rachel_Mallinger_Malus_domestica_USA_2012,mall01_PB,43.193,-88.31,Malus domestica,USA,0.6446312,0.7,0,0,50710.52463,0,656112.3687,1967.576691,648507.1793,72.87228394,0,0,0,1785310.438,3142680.96,D,Rachel_Mallinger_Malus_domestica_USA_2012D
Rachel_Mallinger_Malus_domestica_USA_2012,mall01_QU,42.7259,-88.551149,Malus domestica,USA,1.0436204,0.6,0,0,294704.2948,0,1132390.246,6028.516578,974848.4243,40749.54063,0,0,73.41984558,694122.1629,3142916.606,D,Rachel_Mallinger_Malus_domestica_USA_2012D
Rachel_Mallinger_Malus_domestica_USA_2012,mall01_SB,43.957789,-91.152361,Malus domestica,USA,12.0426977,NA,0,0,23776.68324,0,460372.5446,0,2524108.098,0,0,0,0,135177.2563,3143434.582,D,Rachel_Mallinger_Malus_domestica_USA_2012D
Rachel_Mallinger_Malus_domestica_USA_2012,mall01_TR,43.134,-89.401,Malus domestica,USA,36.7353115,0,0,0,395602.3887,0,648032.9183,72.93885803,1403389.646,676728.9272,0,0,364.6810913,18714.91167,3142906.411,D,Rachel_Mallinger_Malus_domestica_USA_2012D
Rachel_Mallinger_Malus_domestica_USA_2013,mall01_AB,43.039377,-89.613873,Malus domestica,USA,17.29480828,2.609848485,0,0,51457.87152,0,500977.8871,584.4510727,787423.7322,0,0,0,0,1802877.035,3143320.977,D,Rachel_Mallinger_Malus_domestica_USA_2013D
Rachel_Mallinger_Malus_domestica_USA_2013,mall01_AH,42.675,-87.961,Malus domestica,USA,9.724746374,0,0,0,278304.5888,0,443244.6365,1043.152561,854598.6588,7714.069005,0,0,73.47566223,1557590.064,3142568.646,D,Rachel_Mallinger_Malus_domestica_USA_2013D
Rachel_Mallinger_Malus_domestica_USA_2013,mall01_BR,42.64427,-88.1624,Malus domestica,USA,16.60146962,0,0,0,31260.30984,0,249964.4422,0,988342.5981,19230.52206,0,0,921.5249278,1852945.434,3142664.831,D,Rachel_Mallinger_Malus_domestica_USA_2013D
Rachel_Mallinger_Malus_domestica_USA_2013,mall01_CF,42.843,-89.953,Malus domestica,USA,15.95674509,2.516594517,0,0,18811.12943,0,705048.0935,0,1399919.2,0,0,0,0,1018516.897,3142295.321,D,Rachel_Mallinger_Malus_domestica_USA_2013D
Rachel_Mallinger_Malus_domestica_USA_2013,mall01_CO,43.31,-89.417,Malus domestica,USA,12.19839081,0.623219373,0,0,39752.24607,0,113957.5593,0,122630.1613,0,0,0,0,2867211.55,3143551.517,D,Rachel_Mallinger_Malus_domestica_USA_2013D
Rachel_Mallinger_Malus_domestica_USA_2013,mall01_DC,43.02506,-89.2236,Malus domestica,USA,13.84504424,1.419753086,0,0,20030.59809,0,876531.0184,438.4636612,1104544.094,0,0,0,2411.345131,1138814.332,3142769.852,D,Rachel_Mallinger_Malus_domestica_USA_2013D
Rachel_Mallinger_Malus_domestica_USA_2013,mall01_EL,42.745,-88.2306,Malus domestica,USA,5.581076658,0,0,0,385331.4068,0,806374.9027,1761.452118,1845565.391,73149.49686,0,0,20624.63344,10349.01227,3143156.295,D,Rachel_Mallinger_Malus_domestica_USA_2013D
Rachel_Mallinger_Malus_domestica_USA_2013,mall01_GG,42.983089,-89.329,Malus domestica,USA,10.70091774,2.245002939,0,0,115588.0404,0,1051355.138,0,929007.7959,25756.02409,0,0,584.8914185,1020167.838,3142459.728,D,Rachel_Mallinger_Malus_domestica_USA_2013D
Rachel_Mallinger_Malus_domestica_USA_2013,mall01_HO,43.87,-91.44,Malus domestica,USA,10.69807809,0.238095238,0,0,11645.82548,0,461719.0504,0,2259242.562,1513.469139,0,0,0,409673.0629,3143793.97,D,Rachel_Mallinger_Malus_domestica_USA_2013D
Rachel_Mallinger_Malus_domestica_USA_2013,mall01_HR,42.562,-88.33,Malus domestica,USA,7.496817838,0,0,0,34677.44861,0,435320.1364,393.9897374,645657.5065,120644.7528,0,0,92859.79946,1813428.127,3142981.76,D,Rachel_Mallinger_Malus_domestica_USA_2013D
Rachel_Mallinger_Malus_domestica_USA_2013,mall01_J,43.14300921,-89.20600045,Malus domestica,USA,7.675330731,0.565843621,0,0,136008.7449,0,415188.2128,218.7988358,452440.2332,0,0,0,0,2139432.445,3143288.435,D,Rachel_Mallinger_Malus_domestica_USA_2013D
Rachel_Mallinger_Malus_domestica_USA_2013,mall01_KA,43.01700798,-89.04000034,Malus domestica,USA,9.355918784,0.439814815,0,0,98773.8603,0,378278.3875,3012.410147,199675.1929,0,0,0,73.07095337,2462815.872,3142628.793,D,Rachel_Mallinger_Malus_domestica_USA_2013D
Rachel_Mallinger_Malus_domestica_USA_2013,mall01_KI,43.32900917,-90.79999955,Malus domestica,USA,11.76006569,0.654761905,0,0,50104.04148,0,655864.1657,72.71622467,1778201.904,0,0,0,0,658477.0556,3142719.883,D,Rachel_Mallinger_Malus_domestica_USA_2013D
Rachel_Mallinger_Malus_domestica_USA_2013,mall01_KLE,42.83233,-87.9772,Malus domestica,USA,10.99251285,2.666666667,0,0,122174.2626,0,1091488.351,1026.134956,661615.4224,1539.426445,0,0,0,1265193.868,3143037.465,D,Rachel_Mallinger_Malus_domestica_USA_2013D
Rachel_Mallinger_Malus_domestica_USA_2013,mall01_MH,43.392,-89.92,Malus domestica,USA,9.874117187,1.666666667,0,0,19668.19442,0,311555.6428,0,2567219.513,0,0,0,0,244632.4703,3143075.821,D,Rachel_Mallinger_Malus_domestica_USA_2013D
Rachel_Mallinger_Malus_domestica_USA_2013,mall01_MR,43.799,-90.859,Malus domestica,USA,17.70360811,0,0,0,16092.8491,0,215259.2014,0,1893246.696,0,0,0,0,1019038.977,3143637.724,D,Rachel_Mallinger_Malus_domestica_USA_2013D
Rachel_Mallinger_Malus_domestica_USA_2013,mall01_PB,43.193,-88.31,Malus domestica,USA,11.2317789,0.277777778,0,0,50710.52463,0,656112.3687,1967.576691,648507.1793,72.87228394,0,0,0,1785310.438,3142680.96,D,Rachel_Mallinger_Malus_domestica_USA_2013D
Rachel_Mallinger_Malus_domestica_USA_2013,mall01_QU,42.7259,-88.551149,Malus domestica,USA,13.08573032,0,0,0,294704.2948,0,1132390.246,6028.516578,974848.4243,40749.54063,0,0,73.41984558,694122.1629,3142916.606,D,Rachel_Mallinger_Malus_domestica_USA_2013D
Rachel_Mallinger_Malus_domestica_USA_2013,mall01_SB,43.957789,-91.152361,Malus domestica,USA,14.60261886,0,0,0,23776.68324,0,460372.5446,0,2524108.098,0,0,0,0,135177.2563,3143434.582,D,Rachel_Mallinger_Malus_domestica_USA_2013D
Rebecca_Steward_Fragaria_ananassa_Sweden_2014,pond1,55.44251667,13.79133333,Fragaria x ananassa,Sweden,37,NA,3.538519197,0,613723.0097,0,515569.5418,345.6523941,464186.8717,23992.21503,0,0,0,1535339.601,3153156.891,C,Rebecca_Steward_Fragaria_ananassa_Sweden_2014C
Rebecca_Steward_Fragaria_ananassa_Sweden_2014,seminatural1,55.44251667,13.79133333,Fragaria x ananassa,Sweden,22,NA,4.390968124,0,613723.0097,0,515569.5418,345.6523941,464186.8717,23992.21503,0,0,0,1535339.601,3153156.891,C,Rebecca_Steward_Fragaria_ananassa_Sweden_2014C
Rebecca_Steward_Fragaria_ananassa_Sweden_2014,control1,55.44251667,13.79133333,Fragaria x ananassa,Sweden,17,NA,3.146742882,0,613723.0097,0,515569.5418,345.6523941,464186.8717,23992.21503,0,0,0,1535339.601,3153156.891,C,Rebecca_Steward_Fragaria_ananassa_Sweden_2014C
Rebecca_Steward_Fragaria_ananassa_Sweden_2014,pond2,55.445,13.81853333,Fragaria x ananassa,Sweden,26,NA,4.244892512,0,636249.0881,0,765191.1178,1364.397636,596290.6221,4796.147442,0,0,0,1150235.084,3154126.457,C,Rebecca_Steward_Fragaria_ananassa_Sweden_2014C
Rebecca_Steward_Fragaria_ananassa_Sweden_2014,seminatural2,55.445,13.81853333,Fragaria x ananassa,Sweden,27,NA,3.724063105,0,636249.0881,0,765191.1178,1364.397636,596290.6221,4796.147442,0,0,0,1150235.084,3154126.457,C,Rebecca_Steward_Fragaria_ananassa_Sweden_2014C
Rebecca_Steward_Fragaria_ananassa_Sweden_2014,control2,55.445,13.81853333,Fragaria x ananassa,Sweden,20,NA,2.681446057,0,636249.0881,0,765191.1178,1364.397636,596290.6221,4796.147442,0,0,0,1150235.084,3154126.457,C,Rebecca_Steward_Fragaria_ananassa_Sweden_2014C
Rebecca_Steward_Fragaria_ananassa_Sweden_2014,pond3,55.44475,13.8136,Fragaria x ananassa,Sweden,37,NA,4.542380151,0,642479.3833,0,792111.8612,1364.397636,659350.6407,15805.67515,0,0,0,1042976.667,3154088.625,C,Rebecca_Steward_Fragaria_ananassa_Sweden_2014C
Rebecca_Steward_Fragaria_ananassa_Sweden_2014,seminatural3,55.44475,13.8136,Fragaria x ananassa,Sweden,20,NA,2.937453477,0,642479.3833,0,792111.8612,1364.397636,659350.6407,15805.67515,0,0,0,1042976.667,3154088.625,C,Rebecca_Steward_Fragaria_ananassa_Sweden_2014C
Rebecca_Steward_Fragaria_ananassa_Sweden_2014,control3,55.44475,13.8136,Fragaria x ananassa,Sweden,15,NA,2.304122516,0,642479.3833,0,792111.8612,1364.397636,659350.6407,15805.67515,0,0,0,1042976.667,3154088.625,C,Rebecca_Steward_Fragaria_ananassa_Sweden_2014C
Rebecca_Steward_Fragaria_ananassa_Sweden_2014,pond4,55.44811667,13.71875,Fragaria x ananassa,Sweden,17,NA,3.520503899,0,74834.57785,0,409656.5298,0,330466.9112,1420.651012,0,0,61066.92302,2276617.25,3154062.843,C,Rebecca_Steward_Fragaria_ananassa_Sweden_2014C
Rebecca_Steward_Fragaria_ananassa_Sweden_2014,seminatural4,55.44811667,13.71875,Fragaria x ananassa,Sweden,12,NA,3.500852804,0,74834.57785,0,409656.5298,0,330466.9112,1420.651012,0,0,61066.92302,2276617.25,3154062.843,C,Rebecca_Steward_Fragaria_ananassa_Sweden_2014C
Rebecca_Steward_Fragaria_ananassa_Sweden_2014,control4,55.44811667,13.71875,Fragaria x ananassa,Sweden,20,NA,2.619285352,0,74834.57785,0,409656.5298,0,330466.9112,1420.651012,0,0,61066.92302,2276617.25,3154062.843,C,Rebecca_Steward_Fragaria_ananassa_Sweden_2014C
Rebecca_Steward_Fragaria_ananassa_Sweden_2014,pond5,55.44488333,13.67211667,Fragaria x ananassa,Sweden,24,NA,3.663952364,0,77185.50395,0,494813.8067,1478.164959,229130.3568,5571.011993,0,0,0,2345894.494,3154073.339,C,Rebecca_Steward_Fragaria_ananassa_Sweden_2014C
Rebecca_Steward_Fragaria_ananassa_Sweden_2014,seminatural5,55.44488333,13.67211667,Fragaria x ananassa,Sweden,26,NA,3.145748178,0,77185.50395,0,494813.8067,1478.164959,229130.3568,5571.011993,0,0,0,2345894.494,3154073.339,C,Rebecca_Steward_Fragaria_ananassa_Sweden_2014C
Rebecca_Steward_Fragaria_ananassa_Sweden_2014,control5,55.44488333,13.67211667,Fragaria x ananassa,Sweden,12,NA,2.848728505,0,77185.50395,0,494813.8067,1478.164959,229130.3568,5571.011993,0,0,0,2345894.494,3154073.339,C,Rebecca_Steward_Fragaria_ananassa_Sweden_2014C
Rebecca_Steward_Fragaria_ananassa_Sweden_2014,pond6,55.4503,13.67155,Fragaria x ananassa,Sweden,18,NA,3.544427625,0,23185.6982,0,765378.5969,1591.819508,276001.5061,10893.12678,0,0,0,2076685.576,3153736.324,C,Rebecca_Steward_Fragaria_ananassa_Sweden_2014C
Rebecca_Steward_Fragaria_ananassa_Sweden_2014,seminatural6,55.4503,13.67155,Fragaria x ananassa,Sweden,22,NA,2.512853006,0,23185.6982,0,765378.5969,1591.819508,276001.5061,10893.12678,0,0,0,2076685.576,3153736.324,C,Rebecca_Steward_Fragaria_ananassa_Sweden_2014C
Rebecca_Steward_Fragaria_ananassa_Sweden_2014,control6,55.4503,13.67155,Fragaria x ananassa,Sweden,9,NA,2.616373519,0,23185.6982,0,765378.5969,1591.819508,276001.5061,10893.12678,0,0,0,2076685.576,3153736.324,C,Rebecca_Steward_Fragaria_ananassa_Sweden_2014C
Rebecca_Steward_Fragaria_ananassa_Sweden_2014,pond7,55.44781667,13.68856667,Fragaria x ananassa,Sweden,15,NA,4.370325384,0,31609.53935,0,544654.3727,1421.304451,471338.6046,4389.242954,0,0,56.85101318,2100647.828,3154117.743,C,Rebecca_Steward_Fragaria_ananassa_Sweden_2014C
Rebecca_Steward_Fragaria_ananassa_Sweden_2014,seminatural7,55.44781667,13.68856667,Fragaria x ananassa,Sweden,19,NA,4.005155928,0,31609.53935,0,544654.3727,1421.304451,471338.6046,4389.242954,0,0,56.85101318,2100647.828,3154117.743,C,Rebecca_Steward_Fragaria_ananassa_Sweden_2014C
Rebecca_Steward_Fragaria_ananassa_Sweden_2014,control7,55.44781667,13.68856667,Fragaria x ananassa,Sweden,11,NA,2.61652848,0,31609.53935,0,544654.3727,1421.304451,471338.6046,4389.242954,0,0,56.85101318,2100647.828,3154117.743,C,Rebecca_Steward_Fragaria_ananassa_Sweden_2014C
Rebecca_Steward_Fragaria_ananassa_Sweden_2014,pond8,55.66531667,13.20378333,Fragaria x ananassa,Sweden,0,NA,2.884292965,0,66422.35027,0,689848.9859,113.0718765,42942.86044,2544.774151,0,0,3618.790058,2348257.217,3153748.05,C,Rebecca_Steward_Fragaria_ananassa_Sweden_2014C
Rebecca_Steward_Fragaria_ananassa_Sweden_2014,seminatural8,55.66531667,13.20378333,Fragaria x ananassa,Sweden,0,NA,4.019230769,0,66422.35027,0,689848.9859,113.0718765,42942.86044,2544.774151,0,0,3618.790058,2348257.217,3153748.05,C,Rebecca_Steward_Fragaria_ananassa_Sweden_2014C
Rebecca_Steward_Fragaria_ananassa_Sweden_2014,control8,55.66531667,13.20378333,Fragaria x ananassa,Sweden,0,NA,0,0,66422.35027,0,689848.9859,113.0718765,42942.86044,2544.774151,0,0,3618.790058,2348257.217,3153748.05,C,Rebecca_Steward_Fragaria_ananassa_Sweden_2014C
Rebecca_Steward_Fragaria_ananassa_Sweden_2014,pond9,55.72186667,13.22333333,Fragaria x ananassa,Sweden,0,NA,3.28540305,0,1485493.43,0,704641.9594,41932.62644,616835.2532,903.2197876,0,0,0,304374.2595,3154180.748,C,Rebecca_Steward_Fragaria_ananassa_Sweden_2014C
Rebecca_Steward_Fragaria_ananassa_Sweden_2014,seminatural9,55.72186667,13.22333333,Fragaria x ananassa,Sweden,0,NA,0,0,1485493.43,0,704641.9594,41932.62644,616835.2532,903.2197876,0,0,0,304374.2595,3154180.748,C,Rebecca_Steward_Fragaria_ananassa_Sweden_2014C
Rebecca_Steward_Fragaria_ananassa_Sweden_2014,control9,55.72186667,13.22333333,Fragaria x ananassa,Sweden,0,NA,0,0,1485493.43,0,704641.9594,41932.62644,616835.2532,903.2197876,0,0,0,304374.2595,3154180.748,C,Rebecca_Steward_Fragaria_ananassa_Sweden_2014C
Rebecca_Steward_Fragaria_ananassa_Sweden_2014,pond10,55.73848333,13.24893333,Fragaria x ananassa,Sweden,21,NA,2.693807696,0,417991.9411,0,375334.8133,10780.54015,14699.29433,6039.025433,0,0,1128.670704,2328401.815,3154376.1,C,Rebecca_Steward_Fragaria_ananassa_Sweden_2014C
Rebecca_Steward_Fragaria_ananassa_Sweden_2014,seminatural10,55.73848333,13.24893333,Fragaria x ananassa,Sweden,7,NA,3.522058722,0,417991.9411,0,375334.8133,10780.54015,14699.29433,6039.025433,0,0,1128.670704,2328401.815,3154376.1,C,Rebecca_Steward_Fragaria_ananassa_Sweden_2014C
Rebecca_Steward_Fragaria_ananassa_Sweden_2014,control10,55.73848333,13.24893333,Fragaria x ananassa,Sweden,2,NA,3.58908046,0,417991.9411,0,375334.8133,10780.54015,14699.29433,6039.025433,0,0,1128.670704,2328401.815,3154376.1,C,Rebecca_Steward_Fragaria_ananassa_Sweden_2014C
Robert_Gillespie_Prunus_avium_USA_2013,cherry_sweet_wa_5_0,47.33462,-120.3023,Prunus avium,USA,98.75286,NA,0,0,21481.79863,0,2229476.776,8199.896569,850747.7575,32278.66879,0,0,0,4925.493353,3147110.391,C,Robert_Gillespie_Prunus_avium_USA_2013C
Robert_Gillespie_Prunus_avium_USA_2013,cherry_sweet_wa_5_25,47.33462,-120.3023,Prunus avium,USA,142.686,NA,0,0,21481.79863,0,2229476.776,8199.896569,850747.7575,32278.66879,0,0,0,4925.493353,3147110.391,C,Robert_Gillespie_Prunus_avium_USA_2013C
Robert_Gillespie_Prunus_avium_USA_2013,cherry_sweet_wa_5_50,47.33462,-120.3023,Prunus avium,USA,95.42,NA,0,0,21481.79863,0,2229476.776,8199.896569,850747.7575,32278.66879,0,0,0,4925.493353,3147110.391,C,Robert_Gillespie_Prunus_avium_USA_2013C
Robert_Gillespie_Prunus_avium_USA_2013,cherry_sweet_wa_5_100,47.33462,-120.3023,Prunus avium,USA,109.57,NA,0,0,21481.79863,0,2229476.776,8199.896569,850747.7575,32278.66879,0,0,0,4925.493353,3147110.391,C,Robert_Gillespie_Prunus_avium_USA_2013C
Robert_Gillespie_Prunus_avium_USA_2013,cherry_sweet_wa_6_0,47.34105,-120.31092,Prunus avium,USA,0,NA,0,0,75694.41658,0,2193924.286,4935.859209,730961.5099,1417.369235,0,0,0,139325.1867,3146258.627,C,Robert_Gillespie_Prunus_avium_USA_2013C
Robert_Gillespie_Prunus_avium_USA_2013,cherry_sweet_wa_6_25,47.34105,-120.31092,Prunus avium,USA,0,NA,0,0,75694.41658,0,2193924.286,4935.859209,730961.5099,1417.369235,0,0,0,139325.1867,3146258.627,C,Robert_Gillespie_Prunus_avium_USA_2013C
Robert_Gillespie_Prunus_avium_USA_2013,cherry_sweet_wa_6_50,47.34105,-120.31092,Prunus avium,USA,0,NA,0,0,75694.41658,0,2193924.286,4935.859209,730961.5099,1417.369235,0,0,0,139325.1867,3146258.627,C,Robert_Gillespie_Prunus_avium_USA_2013C
Robert_Gillespie_Prunus_avium_USA_2013,cherry_sweet_wa_6_100,47.34105,-120.31092,Prunus avium,USA,0,NA,0,0,75694.41658,0,2193924.286,4935.859209,730961.5099,1417.369235,0,0,0,139325.1867,3146258.627,C,Robert_Gillespie_Prunus_avium_USA_2013C
Robert_Gillespie_Prunus_avium_USA_2014,cherry_sweet_wa_5_0,47.33462,-120.3023,Prunus avium,USA,196.06125,NA,0.8848963,0,21481.79863,0,2229476.776,8199.896569,850747.7575,32278.66879,0,0,0,4925.493353,3147110.391,C,Robert_Gillespie_Prunus_avium_USA_2014C
Robert_Gillespie_Prunus_avium_USA_2014,cherry_sweet_wa_5_25,47.33462,-120.3023,Prunus avium,USA,237.9425,NA,0.8687503,0,21481.79863,0,2229476.776,8199.896569,850747.7575,32278.66879,0,0,0,4925.493353,3147110.391,C,Robert_Gillespie_Prunus_avium_USA_2014C
Robert_Gillespie_Prunus_avium_USA_2014,cherry_sweet_wa_6_0,47.34105,-120.31092,Prunus avium,USA,195.05714,NA,0.9308639,0,75694.41658,0,2193924.286,4935.859209,730961.5099,1417.369235,0,0,0,139325.1867,3146258.627,C,Robert_Gillespie_Prunus_avium_USA_2014C
Robert_Gillespie_Prunus_avium_USA_2014,cherry_sweet_wa_6_25,47.34105,-120.31092,Prunus avium,USA,288.7975,NA,1,0,75694.41658,0,2193924.286,4935.859209,730961.5099,1417.369235,0,0,0,139325.1867,3146258.627,C,Robert_Gillespie_Prunus_avium_USA_2014C
Robert_Gillespie_Prunus_avium_USA_2014,cherry_sweet_wa_6_100,47.34105,-120.31092,Prunus avium,USA,133.535,NA,0.7265625,0,75694.41658,0,2193924.286,4935.859209,730961.5099,1417.369235,0,0,0,139325.1867,3146258.627,C,Robert_Gillespie_Prunus_avium_USA_2014C
Robert_Gillespie_Prunus_avium_USA_2014,cherry_sweet_wa_7_0,47.32318,-120.25283,Prunus avium,USA,173.98889,NA,0.9453727,0,30586.79763,0,1260470.794,6673.238838,1818392.385,11597.2771,0,0,0,19387.23389,3147107.726,C,Robert_Gillespie_Prunus_avium_USA_2014C
Robert_Gillespie_Prunus_avium_USA_2014,cherry_sweet_wa_7_25,47.32318,-120.25283,Prunus avium,USA,140.12,NA,0.7624633,0,30586.79763,0,1260470.794,6673.238838,1818392.385,11597.2771,0,0,0,19387.23389,3147107.726,C,Robert_Gillespie_Prunus_avium_USA_2014C
Robert_Gillespie_Prunus_avium_USA_2014,cherry_sweet_wa_7_100,47.32318,-120.25283,Prunus avium,USA,0,NA,0,0,30586.79763,0,1260470.794,6673.238838,1818392.385,11597.2771,0,0,0,19387.23389,3147107.726,C,Robert_Gillespie_Prunus_avium_USA_2014C
Robert_Gillespie_Prunus_avium_USA_2014,cherry_sweet_wa_8_0,47.34703,-120.24495,Prunus avium,USA,571.16222,NA,0.965921,0,52059.94198,0,2324710.926,30005.71865,660910.4763,3888.665436,0,0,0,75538.69241,3147114.421,C,Robert_Gillespie_Prunus_avium_USA_2014C
Robert_Gillespie_Prunus_avium_USA_2014,cherry_sweet_wa_8_25,47.34703,-120.24495,Prunus avium,USA,710.985,NA,0.9282321,0,52059.94198,0,2324710.926,30005.71865,660910.4763,3888.665436,0,0,0,75538.69241,3147114.421,C,Robert_Gillespie_Prunus_avium_USA_2014C
Robert_Gillespie_Prunus_avium_USA_2014,cherry_sweet_wa_8_100,47.34703,-120.24495,Prunus avium,USA,587.506,NA,0.9538738,0,52059.94198,0,2324710.926,30005.71865,660910.4763,3888.665436,0,0,0,75538.69241,3147114.421,C,Robert_Gillespie_Prunus_avium_USA_2014C
Ruan_Veldtman_Helianthus_annuus_South_Africa_2011,A1,-24.99804,28.54212,Helianthus annuus,South Africa,0.824843506,NA,0,0,0,0,97091.04466,90.24256134,0,0,0,0,0,3032357.775,3129539.062,B,Ruan_Veldtman_Helianthus_annuus_South_Africa_2011B
Ruan_Veldtman_Helianthus_annuus_South_Africa_2011,A2,-25.0084,28.54034,Helianthus annuus,South Africa,0.863314094,NA,0,0,0,0,164782.1625,0,0,0,0,0,0,2964753.627,3129535.79,B,Ruan_Veldtman_Helianthus_annuus_South_Africa_2011B
Ruan_Veldtman_Helianthus_annuus_South_Africa_2011,A3,-25.03055,28.50256,Helianthus annuus,South Africa,0.607193742,NA,0,0,0,1142.702003,2318.688492,0,0,0,0,0,0,3126087.975,3129549.366,B,Ruan_Veldtman_Helianthus_annuus_South_Africa_2011B
Ruan_Veldtman_Helianthus_annuus_South_Africa_2011,A4,-25.01007,28.39907,Helianthus annuus,South Africa,0.591020406,NA,0,0,29653.91041,146076.5125,504322.7991,5955.450058,8025.45355,0,0,0,0,2434834.736,3128868.862,B,Ruan_Veldtman_Helianthus_annuus_South_Africa_2011B
Ruan_Veldtman_Helianthus_annuus_South_Africa_2011,A5,-25.03486,28.40107,Helianthus annuus,South Africa,0.810013372,NA,0,0,992.3636398,451.0745773,542556.1658,0,3879.240028,0,0,0,0,2581673.689,3129552.533,B,Ruan_Veldtman_Helianthus_annuus_South_Africa_2011B
Ruan_Veldtman_Helianthus_annuus_South_Africa_2011,N1,-25.01626,28.48907,Helianthus annuus,South Africa,0.939672879,NA,0,0,0,56585.43691,316765.4858,992.5607224,0,0,0,0,0,2755193.466,3129536.949,B,Ruan_Veldtman_Helianthus_annuus_South_Africa_2011B
Ruan_Veldtman_Helianthus_annuus_South_Africa_2011,N2,-24.94432,28.46757,Helianthus annuus,South Africa,0.49344627,NA,0,0,23664.02316,570335.3442,737556.7749,0,30004.06964,0,0,0,0,1767936.594,3129496.806,B,Ruan_Veldtman_Helianthus_annuus_South_Africa_2011B
Ruan_Veldtman_Helianthus_annuus_South_Africa_2011,N3,-24.94365,28.4476,Helianthus annuus,South Africa,0.727066673,NA,0,0,33360.53468,746140.7113,245739.6181,0,53058.46786,0,0,0,0,2051044.86,3129344.192,B,Ruan_Veldtman_Helianthus_annuus_South_Africa_2011B
Ruan_Veldtman_Helianthus_annuus_South_Africa_2011,N4,-24.92749,28.50247,Helianthus annuus,South Africa,0.709847257,NA,0,0,48572.78689,1117043.428,444780.226,12487.39229,62810.93772,2979.708931,0,0,0,1440822.834,3129497.313,B,Ruan_Veldtman_Helianthus_annuus_South_Africa_2011B
Ruan_Veldtman_Helianthus_annuus_South_Africa_2011,N5,-24.9285,28.56098,Helianthus annuus,South Africa,0.427209913,NA,0,0,2708.647316,102408.3756,805962.0754,361.1532364,14717.17025,0,0,0,0,2203340.61,3129498.032,B,Ruan_Veldtman_Helianthus_annuus_South_Africa_2011B
Ruan_Veldtman_Malus_domestica_South_Africa_2011,Deepdale Farm - far,-34.20679,19.07202,Malus domestica,South Africa,0,NA,0,0,24442.05613,125699.3565,687578.6395,401.4763916,1999067.377,44464.73804,0,0,0,254441.7574,3136095.401,C,Ruan_Veldtman_Malus_domestica_South_Africa_2011C
Ruan_Veldtman_Malus_domestica_South_Africa_2011,Graymead - far,-34.04225,19.12177,Malus domestica,South Africa,0,NA,0,0,24062.8831,255712.1755,205664.1537,5041.836441,2270178.895,128842.8391,0,0,0,246172.4927,3135675.276,C,Ruan_Veldtman_Malus_domestica_South_Africa_2011C
Ruan_Veldtman_Malus_domestica_South_Africa_2011,Monteith 1 - near,-34.26931,19.03437,Malus domestica,South Africa,0,NA,0,0,3627.253983,399571.8447,1942876.428,494.6228638,676847.1349,10470.10656,0,0,0,102232.3987,3136119.79,C,Ruan_Veldtman_Malus_domestica_South_Africa_2011C
Ruan_Veldtman_Malus_domestica_South_Africa_2011,Monteith 2 - near,-34.26404,19.03297,Malus domestica,South Africa,0,NA,0,0,4649.026794,519911.6281,1688368.819,2225.991928,790852.1811,11541.91549,0,0,0,118597.3362,3136146.898,C,Ruan_Veldtman_Malus_domestica_South_Africa_2011C
Ruan_Veldtman_Malus_domestica_South_Africa_2011,Riverside - far,-34.00231,19.29695,Malus domestica,South Africa,0,NA,0,0,246921.4841,216375.4203,336038.5147,5714.884174,1229983.88,18407.17465,0,0,0,1082415.688,3135857.046,C,Ruan_Veldtman_Malus_domestica_South_Africa_2011C
Ruan_Veldtman_Malus_domestica_South_Africa_2011,Rosenhof - far,-34.23093,19.08172,Malus domestica,South Africa,0,NA,0,0,50069.9852,387887.5636,1249889.611,4861.177109,1059566.464,106780.4576,0,0,0,277050.1055,3136105.365,C,Ruan_Veldtman_Malus_domestica_South_Africa_2011C
Ruan_Veldtman_Malus_domestica_South_Africa_2011,Southfield - far,-33.96964,19.30815,Malus domestica,South Africa,0,NA,0,0,71212.30867,63596.87606,306278.0955,5370.928663,2001623.913,38912.33273,0,0,0,648936.7566,3135931.212,C,Ruan_Veldtman_Malus_domestica_South_Africa_2011C
Ruan_Veldtman_Malus_domestica_South_Africa_2011,Transpalmiet Ratel - near,-34.23869,19.02767,Malus domestica,South Africa,0,NA,0,0,1896.698051,754441.0326,1559013.675,1319.365067,736610.4553,0,0,0,0,82823.75607,3136104.982,C,Ruan_Veldtman_Malus_domestica_South_Africa_2011C
Ruan_Veldtman_Malus_domestica_South_Africa_2011,Transpalmiet Water site - near,-34.243978,19.02399,Malus domestica,South Africa,0,NA,0,0,18318.41784,783504.6769,1403303.194,2556.203125,695554.8148,69179.89656,0,0,0,163647.0029,3136064.206,C,Ruan_Veldtman_Malus_domestica_South_Africa_2011C
Ruan_Veldtman_Malus_domestica_South_Africa_2011,Vredelust Farm  - near,-34.02232,19.3026,Malus domestica,South Africa,0,NA,0,0,48459.71501,587030.1667,1224016.594,3316.271008,1014713.046,5456.6698,0,0,0,252926.3344,3135918.797,C,Ruan_Veldtman_Malus_domestica_South_Africa_2011C
Sandra_Lindstrom_Brassica_napus_Sweden_2011,1,55.596337,14.066991,Brassica napus,Sweden,5.437202,NA,0,0,102907.1251,0,1079260.125,623.0099144,404800.3601,0,0,0,0,1566660.689,3154251.309,C,Sandra_Lindstrom_Brassica_napus_Sweden_2011C
Sandra_Lindstrom_Brassica_napus_Sweden_2011,2,55.589944,14.018528,Brassica napus,Sweden,2.691751,NA,0,0,75064.60611,0,1208268.676,56.64834595,191307.4495,113.283577,0,0,0,1679431.184,3154241.847,C,Sandra_Lindstrom_Brassica_napus_Sweden_2011C
Sandra_Lindstrom_Brassica_napus_Sweden_2011,5,55.893511,14.130531,Brassica napus,Sweden,3.385553,NA,0,0,25527.73845,0,762702.5785,224.8881989,241599.3689,0,0,0,0,2124333.352,3154387.926,C,Sandra_Lindstrom_Brassica_napus_Sweden_2011C
Sandra_Lindstrom_Brassica_napus_Sweden_2011,6,56.130065,13.102656,Brassica napus,Sweden,3.504696,NA,0,0,141451.2633,0,923490.5824,6369.37133,693818.1915,8389.442556,0,0,4692.869118,1375812.756,3154024.477,C,Sandra_Lindstrom_Brassica_napus_Sweden_2011C
Sandra_Lindstrom_Brassica_napus_Sweden_2011,7,56.214972,13.006222,Brassica napus,Sweden,3.913452,NA,0,0,13497.26536,0,1034994.537,719.4081465,534138.461,0,0,0,17170.51646,1554065.743,3154585.931,C,Sandra_Lindstrom_Brassica_napus_Sweden_2011C
Sandra_Lindstrom_Brassica_napus_Sweden_2011,8,55.724425,13.516826,Brassica napus,Sweden,4.465331,NA,0,0,98581.49104,0,355655.7499,0,319192.7239,1524.401917,0,0,0,2379406.421,3154360.788,C,Sandra_Lindstrom_Brassica_napus_Sweden_2011C
Sandra_Lindstrom_Brassica_napus_Sweden_2011,10,55.740348,13.4244,Brassica napus,Sweden,4.855583,NA,0,0,28834.02738,0,1378273.479,0,486926.117,0,0,0,395.0737953,1259952.508,3154381.206,C,Sandra_Lindstrom_Brassica_napus_Sweden_2011C
Sandra_Lindstrom_Brassica_napus_Sweden_2011,11,56.101285,14.171707,Brassica napus,Sweden,3.399409,NA,0,0,31342.08089,0,1444076.443,335.4288368,580366.1668,1956.760403,0,0,0,1095943.429,3154020.309,C,Sandra_Lindstrom_Brassica_napus_Sweden_2011C
Sandra_Lindstrom_Brassica_napus_Sweden_2011,12,56.161395,14.180455,Brassica napus,Sweden,4.147161,NA,0,0,1955.579898,0,480606.1861,558.3177414,1199853.884,0,0,0,0,1470792.927,3153766.895,C,Sandra_Lindstrom_Brassica_napus_Sweden_2011C
Sandra_Lindstrom_Brassica_napus_Sweden_2011,13,55.824751,13.216125,Brassica napus,Sweden,4.411934,NA,0,0,17462.82344,0,48177.73062,0,24549.64391,0,0,0,0,3064187.116,3154377.314,C,Sandra_Lindstrom_Brassica_napus_Sweden_2011C
Sandra_Lindstrom_Brassica_napus_Sweden_2011,14,55.431039,13.051673,Brassica napus,Sweden,5.28557,NA,0,0,158212.6113,0,430866.6353,0,132252.6545,0,0,0,0,2432785.151,3154117.052,C,Sandra_Lindstrom_Brassica_napus_Sweden_2011C
Sandra_Lindstrom_Brassica_napus_Sweden_2011,15,55.524448,14.202363,Brassica napus,Sweden,3.576306,NA,0,0,39121.13008,0,89528.65602,0,14160.16622,0,0,0,0,3010941.785,3153751.738,C,Sandra_Lindstrom_Brassica_napus_Sweden_2011C
Sandra_Lindstrom_Brassica_napus_Sweden_2011,16,55.536656,14.127874,Brassica napus,Sweden,5.143692,NA,0,0,50244.21733,0,397732.2766,737.3528442,26009.31931,0,0,0,0,2679456.455,3154179.621,C,Sandra_Lindstrom_Brassica_napus_Sweden_2011C
Sandra_Lindstrom_Brassica_napus_Sweden_2011,17,55.963048,12.961272,Brassica napus,Sweden,4.837223,NA,0,0,70461.65345,0,249636.1461,0,146918.605,0,0,0,280.5400543,2687282.02,3154578.965,C,Sandra_Lindstrom_Brassica_napus_Sweden_2011C
Sandra_Lindstrom_Brassica_napus_Sweden_2011,18,56.170095,12.819199,Brassica napus,Sweden,3.40034,NA,0,0,21100.78754,0,241723.409,446.5219917,120073.8444,167.4599571,0,0,223.2220154,2769772.663,3153507.908,C,Sandra_Lindstrom_Brassica_napus_Sweden_2011C
Sandra_Lindstrom_Brassica_napus_Sweden_2011,19,55.50471,14.073645,Brassica napus,Sweden,5.123625,NA,0,0,30712.46618,0,171691.2847,0,212141.0097,0,0,0,0,2739588.747,3154133.507,C,Sandra_Lindstrom_Brassica_napus_Sweden_2011C
Sandra_Lindstrom_Brassica_napus_Sweden_2011,20,55.496097,14.135217,Brassica napus,Sweden,3.927524,NA,0,0,115690.5474,0,419750.8448,227.1671143,75353.35724,0,0,0,0,2543127.612,3154149.529,C,Sandra_Lindstrom_Brassica_napus_Sweden_2011C
Sandra_Lindstrom_Brassica_napus_Sweden_2011,21,56.210671,12.951719,Brassica napus,Sweden,3.936107,NA,0,0,25824.99912,0,737651.1276,669.0556107,147895.12,334.5248833,0,0,9028.706293,2232256.177,3153659.711,C,Sandra_Lindstrom_Brassica_napus_Sweden_2011C
Sandra_Lindstrom_Brassica_napus_Sweden_2011,22,56.007435,12.983124,Brassica napus,Sweden,4.304716,NA,0,0,162759.2614,0,407363.8327,7467.55499,583746.0137,0,0,0,0,1993134.956,3154471.618,C,Sandra_Lindstrom_Brassica_napus_Sweden_2011C
Sandra_Lindstrom_Brassica_napus_Sweden_2011,23,55.719082,13.556341,Brassica napus,Sweden,5.131587,NA,0,0,11902.61475,0,289770.1218,0,155452.725,225.8259354,0,0,0,2697004.585,3154355.872,C,Sandra_Lindstrom_Brassica_napus_Sweden_2011C
Sandra_Lindstrom_Brassica_napus_Sweden_2011,24,55.572256,13.144224,Brassica napus,Sweden,4.166828,NA,0,0,55299.80005,0,740641.0295,56.66646957,460870.5677,8161.532562,0,0,1133.561459,1887445.565,3153608.722,C,Sandra_Lindstrom_Brassica_napus_Sweden_2011C
Sandra_Lindstrom_Brassica_napus_Sweden_2012,25,55.586959,14.027641,Brassica napus,Sweden,0,NA,0,0,76975.50079,0,986704.9508,0,195323.2756,113.283577,0,0,56.65014267,1895069.852,3154243.513,C,Sandra_Lindstrom_Brassica_napus_Sweden_2012C
Sandra_Lindstrom_Brassica_napus_Sweden_2012,26,55.531005,13.953966,Brassica napus,Sweden,5.553546,NA,0,0,371948.7342,0,828746.3817,0,631231.0382,2098.743279,0,0,0,1320173.018,3154197.916,C,Sandra_Lindstrom_Brassica_napus_Sweden_2012C
Sandra_Lindstrom_Brassica_napus_Sweden_2012,27,55.745538,13.423749,Brassica napus,Sweden,5.108182,NA,0,0,25724.69472,0,911857.5173,0,440707.1505,0,0,0,112.8720818,1775718.56,3154120.794,C,Sandra_Lindstrom_Brassica_napus_Sweden_2012C
Sandra_Lindstrom_Brassica_napus_Sweden_2012,28,55.735674,13.478173,Brassica napus,Sweden,4.823544,NA,0,0,20022.23622,0,367324.1601,0,535477.4235,4289.834217,0,0,0,2227272.2,3154385.854,C,Sandra_Lindstrom_Brassica_napus_Sweden_2012C
Sandra_Lindstrom_Brassica_napus_Sweden_2012,29,55.560066,14.060954,Brassica napus,Sweden,4.853029,NA,0,0,24944.63324,0,987620.4712,0,164718.7762,0,0,0,0,1976940.945,3154224.826,C,Sandra_Lindstrom_Brassica_napus_Sweden_2012C
Sandra_Lindstrom_Brassica_napus_Sweden_2012,30,55.629739,14.036961,Brassica napus,Sweden,4.80829,NA,0,0,11439.6705,0,1363876.13,0,902870.7844,0,0,0,0,875615.632,3153802.217,C,Sandra_Lindstrom_Brassica_napus_Sweden_2012C
Sandra_Lindstrom_Brassica_napus_Sweden_2012,31,55.622753,13.867227,Brassica napus,Sweden,4.931103,NA,0,0,59047.89787,0,1066019.23,0,302830.1719,0,0,0,56.59408188,1726330.663,3154284.557,C,Sandra_Lindstrom_Brassica_napus_Sweden_2012C
Sandra_Lindstrom_Brassica_napus_Sweden_2012,32,55.629259,13.835226,Brassica napus,Sweden,3.965964,NA,0,0,42273.0425,0,879338.2295,0,225518.5994,0,0,0,0,2007128.971,3154258.843,C,Sandra_Lindstrom_Brassica_napus_Sweden_2012C
Sandra_Lindstrom_Brassica_napus_Sweden_2012,33,55.948558,14.209685,Brassica napus,Sweden,4.581746,NA,0,0,54499.52265,0,636588.0164,3424.50573,22432.45784,32529.57104,0,0,117032.9212,2288047.305,3154554.3,C,Sandra_Lindstrom_Brassica_napus_Sweden_2012C
Sandra_Lindstrom_Brassica_napus_Sweden_2012,34,56.032518,14.232756,Brassica napus,Sweden,4.604293,NA,0,0,106331.9628,0,782965.2548,224.0344009,65972.64074,0,0,0,0,2198256.419,3153750.311,C,Sandra_Lindstrom_Brassica_napus_Sweden_2012C
Sandra_Lindstrom_Brassica_napus_Sweden_2012,35,55.537646,14.126073,Brassica napus,Sweden,5.090355,NA,0,0,60547.75852,0,540881.147,737.3528442,39367.11925,0,0,0,0,2512636.037,3154169.414,C,Sandra_Lindstrom_Brassica_napus_Sweden_2012C
Sandra_Lindstrom_Brassica_napus_Sweden_2012,37,55.848507,13.153327,Brassica napus,Sweden,4.966368,NA,0,0,18261.51003,0,116706.6445,0,25861.68515,0,0,0,0,2992495.981,3153325.821,C,Sandra_Lindstrom_Brassica_napus_Sweden_2012C
Sandra_Lindstrom_Brassica_napus_Sweden_2012,38,55.875184,13.174234,Brassica napus,Sweden,5.223208,NA,0,0,58786.72465,0,502040.5571,0,37953.70485,0,0,0,0,2555372.631,3154153.618,C,Sandra_Lindstrom_Brassica_napus_Sweden_2012C
Sandra_Lindstrom_Brassica_napus_Sweden_2012,39,55.96951,12.955495,Brassica napus,Sweden,4.757945,NA,0,0,36908.42167,0,259743.8316,0,271857.284,1794.975792,0,0,280.5400543,2583087.512,3153672.565,C,Sandra_Lindstrom_Brassica_napus_Sweden_2012C
Sandra_Lindstrom_Brassica_napus_Sweden_2012,40,56.000034,12.895937,Brassica napus,Sweden,4.975104,NA,0,0,18517.57737,0,119217.4762,0,83991.48642,0,0,0,0,2931827.941,3153554.481,C,Sandra_Lindstrom_Brassica_napus_Sweden_2012C
Sandra_Lindstrom_Brassica_napus_Sweden_2012,41,55.500109,14.135601,Brassica napus,Sweden,4.67228,NA,0,0,172569.5589,0,485088.3329,0,120434.5957,0,0,0,0,2375924.003,3154016.49,C,Sandra_Lindstrom_Brassica_napus_Sweden_2012C
Sandra_Lindstrom_Brassica_napus_Sweden_2012,42,55.502608,14.064763,Brassica napus,Sweden,4.731963,NA,0,0,8969.82465,0,122138.7726,0,156435.7217,0,0,0,0,2866158.425,3153702.744,C,Sandra_Lindstrom_Brassica_napus_Sweden_2012C
Sandra_Lindstrom_Brassica_napus_Sweden_2012,43,55.517158,12.958978,Brassica napus,Sweden,5.294831,NA,0,0,57276.45767,0,203377.9027,794.3739891,48107.1136,0,0,0,0,2843360.019,3152915.867,C,Sandra_Lindstrom_Brassica_napus_Sweden_2012C
Sandra_Lindstrom_Brassica_napus_Sweden_2012,44,55.450888,13.010098,Brassica napus,Sweden,4.486612,NA,0,0,229755.1471,0,416372.5033,5456.568653,36279.02597,0,0,0,852.8294792,2464646.998,3153363.072,C,Sandra_Lindstrom_Brassica_napus_Sweden_2012C
Sandra_Lindstrom_Brassica_napus_Sweden_2012,45,55.802405,13.068518,Brassica napus,Sweden,4.557897,NA,0,0,21520.87247,0,75046.49071,0,67380.91997,225.4077682,0,0,0,2989284.631,3153458.322,C,Sandra_Lindstrom_Brassica_napus_Sweden_2012C
Sandra_Lindstrom_Brassica_napus_Sweden_2012,46,55.946531,12.996031,Brassica napus,Sweden,5.113587,NA,0,0,33653.47565,0,455402.7303,0,128642.4114,17207.43715,0,0,0,2519660.901,3154566.955,C,Sandra_Lindstrom_Brassica_napus_Sweden_2012C
Sarah_Cusser_Gossypium_hirsutum_USA_2014,Chris,28.78231923,-96.8034964,Gossypium hirsutum,USA,0,-1.557142857,0,-3.571428571,23688.10768,0,1108635.196,960.5572891,37152.71774,0,0,0,0,1961240.809,3131677.388,C,Sarah_Cusser_Gossypium_hirsutum_USA_2014C
Sarah_Cusser_Gossypium_hirsutum_USA_2014,House.Block,28.30436455,-97.41532738,Gossypium hirsutum,USA,0,-2.221444444,0,-8.577777778,22932.61828,0,1524644.176,1315.795387,141320.4751,1052.675682,0,0,789.4766312,1439484.914,3131540.131,C,Sarah_Cusser_Gossypium_hirsutum_USA_2014C
Sarah_Cusser_Gossypium_hirsutum_USA_2014,JJ.35,28.40800229,-96.90214143,Gossypium hirsutum,USA,0,0.942,0,6.366666667,37259.97784,0,948615.185,0,3768.266083,0,0,0,15861.81518,2125589.563,3131094.807,C,Sarah_Cusser_Gossypium_hirsutum_USA_2014C
Sarah_Cusser_Gossypium_hirsutum_USA_2014,JJ.Aransas,28.36358956,-96.8181205,Gossypium hirsutum,USA,0,-0.352,0,-2.433333333,36691.53311,0,817303.0101,0,26913.69001,97105.38309,0,0,304010.934,1849706.406,3131730.957,C,Sarah_Cusser_Gossypium_hirsutum_USA_2014C
Sarah_Cusser_Gossypium_hirsutum_USA_2014,JJ.Home,28.3646632,-96.86211152,Gossypium hirsutum,USA,0,-0.613571429,0,6.404761905,14074.68383,0,40596.68445,0,0,0,0,0,0,3077085.263,3131756.631,C,Sarah_Cusser_Gossypium_hirsutum_USA_2014C
Sarah_Cusser_Gossypium_hirsutum_USA_2014,JR.Corner,28.32352668,-96.93442543,Gossypium hirsutum,USA,0,-1.4925,0,-8.5,42459.72087,0,889168.0962,0,247811.9734,0,0,0,16262.92346,1935682.438,3131385.152,C,Sarah_Cusser_Gossypium_hirsutum_USA_2014C
Sarah_Cusser_Gossypium_hirsutum_USA_2014,Ken.2014,28.78678028,-96.84345309,Gossypium hirsutum,USA,0,-1.63,0,-7.142857143,25326.94849,0,1815258.21,1833.900925,189892.4895,0,0,0,0,1099778.857,3132090.405,C,Sarah_Cusser_Gossypium_hirsutum_USA_2014C
Sarah_Cusser_Gossypium_hirsutum_USA_2014,New.Ground,28.30212708,-97.38016764,Gossypium hirsutum,USA,0,-0.890857143,0,-6.471428571,22941.26681,0,641321.2598,87.72187042,706947.6228,0,0,0,0,1760040.388,3131338.259,C,Sarah_Cusser_Gossypium_hirsutum_USA_2014C
Sarah_Cusser_Gossypium_hirsutum_USA_2014,South.Clarkson,28.28455026,-97.38604168,Gossypium hirsutum,USA,0,-0.918472222,0,-3.388888889,1228.241196,0,482493.9922,0,491635.9818,0,0,0,0,2156370.178,3131728.393,C,Sarah_Cusser_Gossypium_hirsutum_USA_2014C
Sarah_Cusser_Gossypium_hirsutum_USA_2014,South.Floerke,28.31805642,-97.38834565,Gossypium hirsutum,USA,0,-1.32,0,-4.75,0,0,1253251.025,0,1592188.574,0,0,0,0,286314.1989,3131753.797,C,Sarah_Cusser_Gossypium_hirsutum_USA_2014C
Sarah_Cusser_Gossypium_hirsutum_USA_2014,Tom.1,28.73981648,-96.86173259,Gossypium hirsutum,USA,0,-1.648571429,0,-7.333333333,7076.273163,0,985737.3915,1834.755455,173845.4209,6727.198578,0,0,0,1956722.857,3131943.896,C,Sarah_Cusser_Gossypium_hirsutum_USA_2014C
Sarah_Cusser_Gossypium_hirsutum_USA_2014,Tom.2,28.71140291,-96.92031951,Gossypium hirsutum,USA,0,-1.184285714,0,-4.142857143,8503.933396,0,820878.2035,2971.015152,654443.185,0,0,0,0,1645019.05,3131815.387,C,Sarah_Cusser_Gossypium_hirsutum_USA_2014C
Saul_A_Cunningham_Annona_squamosa atemoya_Australia_2001,briggs_house,-17.3,145.5166667,Annona squamosa atemoya,Australia,0,NA,0,0,23330.42945,664.6170654,1183215.294,284.8600159,490081.0107,4652.334358,0,0,569.6722336,1422455.779,3125253.997,C,Saul_A_Cunningham_Annona_squamosa atemoya_Australia_2001C
Saul_A_Cunningham_Annona_squamosa atemoya_Australia_2001,briggs_lease,-17.3,145.5166667,Annona squamosa atemoya,Australia,0,NA,0,0,23330.42945,664.6170654,1183215.294,284.8600159,490081.0107,4652.334358,0,0,569.6722336,1422455.779,3125253.997,C,Saul_A_Cunningham_Annona_squamosa atemoya_Australia_2001C
Saul_A_Cunningham_Annona_squamosa atemoya_Australia_2001,cescotta,-17.18333333,145.4333333,Annona squamosa atemoya,Australia,0,NA,0,0,13586.23341,204981.4251,754828.8421,12160.86803,1025527.311,3135.281792,0,0,0,1110473.263,3124693.224,C,Saul_A_Cunningham_Annona_squamosa atemoya_Australia_2001C
Saul_A_Cunningham_Annona_squamosa atemoya_Australia_2001,cummings,-17.2,145.55,Annona squamosa atemoya,Australia,0,NA,0,0,9703.623657,93019.2173,1570006.446,0,809971.6474,0,0,0,0,641493.291,3124194.226,C,Saul_A_Cunningham_Annona_squamosa atemoya_Australia_2001C
Saul_A_Cunningham_Annona_squamosa atemoya_Australia_2001,Kilpatrick,-17.15,145.4666667,Annona squamosa atemoya,Australia,0,NA,0,0,10832.91188,804545.6215,1211017.898,0,1005177.855,6651.500572,0,0,95.02242279,86821.14504,3125141.954,C,Saul_A_Cunningham_Annona_squamosa atemoya_Australia_2001C
Saul_A_Cunningham_Annona_squamosa atemoya_Australia_2001,Land,-17.01666667,145.3166667,Annona squamosa atemoya,Australia,0,NA,0,0,64804.26683,596664.3569,948467.8456,2567.441322,834090.4773,475.4598083,0,0,0,678053.0714,3125122.919,C,Saul_A_Cunningham_Annona_squamosa atemoya_Australia_2001C
Saul_A_Cunningham_Annona_squamosa atemoya_Australia_2001,Lavers,-17.1,145.4333333,Annona squamosa atemoya,Australia,0,NA,0,0,69456.11187,714904.7091,892795.6664,95.04594421,1373964.874,0,0,0,0,73528.01191,3124744.42,C,Saul_A_Cunningham_Annona_squamosa atemoya_Australia_2001C
Saul_A_Cunningham_Annona_squamosa atemoya_Australia_2001,Samanes,-17.03333333,145.4333333,Annona squamosa atemoya,Australia,0,NA,0,0,79819.15052,1416717.928,814320.8399,4183.73703,440339.689,95.08540344,0,0,0,369299.9816,3124776.411,C,Saul_A_Cunningham_Annona_squamosa atemoya_Australia_2001C
Saul_A_Cunningham_Annona_squamosa atemoya_Australia_2001,Stewart,-16.9,145.4166667,Annona squamosa atemoya,Australia,0,NA,0,0,34930.97002,652311.4855,455956.5251,1670.870258,709040.7925,570.8887939,0,0,0,1270590.761,3125072.293,A,Saul_A_Cunningham_Annona_squamosa atemoya_Australia_2001A
Saul_A_Cunningham_Brassica_napus_Australia_2006,a,-34.38333333,148.6833333,Brassica napus,Australia,0,NA,0,0,0,0,2007752.119,0,114586.6299,8808.990646,0,0,0,1004768.702,3135916.441,C,Saul_A_Cunningham_Brassica_napus_Australia_2006C
Saul_A_Cunningham_Brassica_napus_Australia_2006,b,-34.3,148.7333333,Brassica napus,Australia,0,NA,0,0,82.41053772,0,2693581.237,0,338277.2375,824.1082993,0,0,0,103060.3957,3135825.389,C,Saul_A_Cunningham_Brassica_napus_Australia_2006C
Saul_A_Cunningham_Brassica_napus_Australia_2006,c,-34.4,148.6833333,Brassica napus,Australia,0,NA,0,0,6091.22905,0,2948980.581,0,74483.58627,0,0,0,0,106324.7184,3135880.115,C,Saul_A_Cunningham_Brassica_napus_Australia_2006C
Saul_A_Cunningham_Brassica_napus_Australia_2006,d,-34.46666667,148.6,Brassica napus,Australia,0,NA,0,0,164.5066986,0,2344470.233,0,252800.9987,1069.151955,0,0,0,537792.4819,3136297.372,C,Saul_A_Cunningham_Brassica_napus_Australia_2006C
Saul_A_Cunningham_Brassica_napus_Australia_2006,e,-34.53333333,148.6666667,Brassica napus,Australia,0,NA,0,0,0,0,2433109.386,4191.331558,69738.88069,4930.621429,0,0,0,624328.586,3136298.805,C,Saul_A_Cunningham_Brassica_napus_Australia_2006C
Saul_A_Cunningham_Brassica_napus_Australia_2006,f,-34.48333333,148.5666667,Brassica napus,Australia,0,NA,0,0,9621.123634,0,2649790.65,0,308545.9265,1233.395889,0,0,0,167045.61,3136236.706,C,Saul_A_Cunningham_Brassica_napus_Australia_2006C
Shalene_Jha_Coffea_arabica_robusta_Mexico_2006,Ham1,15.17992715,-92.31521595,Coffea arabica/robusta,Mexico,0,NA,0,0,11130.66492,0,29269.61347,0,3083745.481,0,0,0,0,0,3124145.759,A,Shalene_Jha_Coffea_arabica_robusta_Mexico_2006A
Shalene_Jha_Coffea_arabica_robusta_Mexico_2006,Ham2,15.16183762,-92.31540452,Coffea arabica/robusta,Mexico,0,NA,0,0,3937.455667,0,13632.23985,0,3106710.42,0,0,0,0,0,3124280.115,A,Shalene_Jha_Coffea_arabica_robusta_Mexico_2006A
Shalene_Jha_Coffea_arabica_robusta_Mexico_2006,Ham3,15.17261992,-92.32036854,Coffea arabica/robusta,Mexico,0,NA,0,0,37478.81674,0,48958.74691,0,3037837.613,0,0,0,0,0,3124275.177,A,Shalene_Jha_Coffea_arabica_robusta_Mexico_2006A
Shalene_Jha_Coffea_arabica_robusta_Mexico_2006,Ir1,15.16243592,-92.3340655,Coffea arabica/robusta,Mexico,0,NA,0,0,3742.405861,0,31532.28053,0,3088995.627,0,0,0,0,0,3124270.314,A,Shalene_Jha_Coffea_arabica_robusta_Mexico_2006A
Shalene_Jha_Coffea_arabica_robusta_Mexico_2006,Ir3,15.17960332,-92.33999739,Coffea arabica/robusta,Mexico,0,NA,0,0,11034.86544,0,4368.322979,0,3108884.17,0,0,0,0,0,3124287.359,A,Shalene_Jha_Coffea_arabica_robusta_Mexico_2006A
Shalene_Jha_Coffea_arabica_robusta_Mexico_2006,Ir5,15.17224485,-92.32794695,Coffea arabica/robusta,Mexico,0,NA,0,0,43547.83336,0,116778.1189,0,2963958.076,0,0,0,0,0,3124284.028,A,Shalene_Jha_Coffea_arabica_robusta_Mexico_2006A
Shalene_Jha_Coffea_arabica_robusta_Mexico_2006,Ir6,15.16887598,-92.33821554,Coffea arabica/robusta,Mexico,0,NA,0,0,10993.09724,0,53065.38457,0,3060229.299,0,0,0,0,0,3124287.78,A,Shalene_Jha_Coffea_arabica_robusta_Mexico_2006A
Shalene_Jha_Coffea_arabica_robusta_Mexico_2006,Ir7,15.17688652,-92.32924482,Coffea arabica/robusta,Mexico,0,NA,0,0,42024.06068,0,107661.9578,0,2974608.212,0,0,0,0,0,3124294.231,A,Shalene_Jha_Coffea_arabica_robusta_Mexico_2006A
Shalene_Jha_Coffea_arabica_robusta_Mexico_2006,Ir8,15.18131739,-92.32654984,Coffea arabica/robusta,Mexico,0,NA,0,0,24762.69338,0,47514.132,0,3052013.676,0,0,0,0,0,3124290.501,A,Shalene_Jha_Coffea_arabica_robusta_Mexico_2006A
Shelby_Fleischer_Cucurbita_pepo_USA_2013,pumpkin_pa_1_0,39.9531,-76.2246,Cucurbita pepo,USA,20.0044,NA,2.6,0,76829.07254,0,830702.0002,598.1625508,527812.6765,0,0,0,0,1704818.34,3140760.251,C,Shelby_Fleischer_Cucurbita_pepo_USA_2013C
Shelby_Fleischer_Cucurbita_pepo_USA_2013,pumpkin_pa_1_25,39.9531,-76.2246,Cucurbita pepo,USA,25.518,NA,3,0,76829.07254,0,830702.0002,598.1625508,527812.6765,0,0,0,0,1704818.34,3140760.251,C,Shelby_Fleischer_Cucurbita_pepo_USA_2013C
Shelby_Fleischer_Cucurbita_pepo_USA_2013,pumpkin_pa_1_50,39.9531,-76.2246,Cucurbita pepo,USA,26.7716,NA,3.4,0,76829.07254,0,830702.0002,598.1625508,527812.6765,0,0,0,0,1704818.34,3140760.251,C,Shelby_Fleischer_Cucurbita_pepo_USA_2013C
Shelby_Fleischer_Cucurbita_pepo_USA_2013,pumpkin_pa_1_100,39.9531,-76.2246,Cucurbita pepo,USA,24.342,NA,3,0,76829.07254,0,830702.0002,598.1625508,527812.6765,0,0,0,0,1704818.34,3140760.251,C,Shelby_Fleischer_Cucurbita_pepo_USA_2013C
Shelby_Fleischer_Cucurbita_pepo_USA_2013,pumpkin_pa_2_0,39.8572,-76.3034,Cucurbita pepo,USA,16.312,NA,2,0,41857.56979,0,1144285.162,230.0310059,1081521.031,0,0,0,0,872787.3591,3140681.153,C,Shelby_Fleischer_Cucurbita_pepo_USA_2013C
Shelby_Fleischer_Cucurbita_pepo_USA_2013,pumpkin_pa_2_25,39.8572,-76.3034,Cucurbita pepo,USA,19.2168,NA,3.4,0,41857.56979,0,1144285.162,230.0310059,1081521.031,0,0,0,0,872787.3591,3140681.153,C,Shelby_Fleischer_Cucurbita_pepo_USA_2013C
Shelby_Fleischer_Cucurbita_pepo_USA_2013,pumpkin_pa_2_50,39.8572,-76.3034,Cucurbita pepo,USA,14.2012,NA,2.6,0,41857.56979,0,1144285.162,230.0310059,1081521.031,0,0,0,0,872787.3591,3140681.153,C,Shelby_Fleischer_Cucurbita_pepo_USA_2013C
Shelby_Fleischer_Cucurbita_pepo_USA_2013,pumpkin_pa_2_100,39.8572,-76.3034,Cucurbita pepo,USA,20.064,NA,3.2,0,41857.56979,0,1144285.162,230.0310059,1081521.031,0,0,0,0,872787.3591,3140681.153,C,Shelby_Fleischer_Cucurbita_pepo_USA_2013C
Shelby_Fleischer_Cucurbita_pepo_USA_2013,pumpkin_pa_5_0,41.1817,-76.3864,Cucurbita pepo,USA,21.12,NA,3.2,0,80738.00083,0,1024742.781,3759.487122,1429498.435,451.1900177,0,0,75.18756866,602575.8985,3141840.981,D,Shelby_Fleischer_Cucurbita_pepo_USA_2013D
Shelby_Fleischer_Cucurbita_pepo_USA_2013,pumpkin_pa_5_25,41.1817,-76.3864,Cucurbita pepo,USA,30.384,NA,3.6,0,80738.00083,0,1024742.781,3759.487122,1429498.435,451.1900177,0,0,75.18756866,602575.8985,3141840.981,D,Shelby_Fleischer_Cucurbita_pepo_USA_2013D
Shelby_Fleischer_Cucurbita_pepo_USA_2013,pumpkin_pa_5_50,41.1817,-76.3864,Cucurbita pepo,USA,27.48,NA,3,0,80738.00083,0,1024742.781,3759.487122,1429498.435,451.1900177,0,0,75.18756866,602575.8985,3141840.981,D,Shelby_Fleischer_Cucurbita_pepo_USA_2013D
Shelby_Fleischer_Cucurbita_pepo_USA_2013,pumpkin_pa_5_100,41.1817,-76.3864,Cucurbita pepo,USA,34.188,NA,4.2,0,80738.00083,0,1024742.781,3759.487122,1429498.435,451.1900177,0,0,75.18756866,602575.8985,3141840.981,D,Shelby_Fleischer_Cucurbita_pepo_USA_2013D
Shelby_Fleischer_Cucurbita_pepo_USA_2013,pumpkin_pa_10_0,41.1536,-76.3674,Cucurbita pepo,USA,31.328,NA,4.4,0,48590.78283,0,418808.2417,601.7824707,1977648.087,1880.752441,0,0,0,694301.6881,3141831.334,D,Shelby_Fleischer_Cucurbita_pepo_USA_2013D
Shelby_Fleischer_Cucurbita_pepo_USA_2013,pumpkin_pa_10_25,41.1536,-76.3674,Cucurbita pepo,USA,25.92,NA,3.6,0,48590.78283,0,418808.2417,601.7824707,1977648.087,1880.752441,0,0,0,694301.6881,3141831.334,D,Shelby_Fleischer_Cucurbita_pepo_USA_2013D
Shelby_Fleischer_Cucurbita_pepo_USA_2013,pumpkin_pa_10_50,41.1536,-76.3674,Cucurbita pepo,USA,19.824,NA,2.8,0,48590.78283,0,418808.2417,601.7824707,1977648.087,1880.752441,0,0,0,694301.6881,3141831.334,D,Shelby_Fleischer_Cucurbita_pepo_USA_2013D
Shelby_Fleischer_Cucurbita_pepo_USA_2013,pumpkin_pa_10_100,41.1536,-76.3674,Cucurbita pepo,USA,25.92,NA,3.2,0,48590.78283,0,418808.2417,601.7824707,1977648.087,1880.752441,0,0,0,694301.6881,3141831.334,D,Shelby_Fleischer_Cucurbita_pepo_USA_2013D
Shelby_Fleischer_Cucurbita_pepo_USA_2013,pumpkin_pa_12_0,41.0633,-76.3323,Cucurbita pepo,USA,11.456,NA,3.2,0,34183.11487,0,757266.4844,3841.912766,1511463.175,376.6574554,0,0,0,834534.5296,3141665.874,D,Shelby_Fleischer_Cucurbita_pepo_USA_2013D
Shelby_Fleischer_Cucurbita_pepo_USA_2013,pumpkin_pa_12_25,41.0633,-76.3323,Cucurbita pepo,USA,12.852,NA,3.4,0,34183.11487,0,757266.4844,3841.912766,1511463.175,376.6574554,0,0,0,834534.5296,3141665.874,D,Shelby_Fleischer_Cucurbita_pepo_USA_2013D
Shelby_Fleischer_Cucurbita_pepo_USA_2013,pumpkin_pa_12_50,41.0633,-76.3323,Cucurbita pepo,USA,14.616,NA,3.6,0,34183.11487,0,757266.4844,3841.912766,1511463.175,376.6574554,0,0,0,834534.5296,3141665.874,D,Shelby_Fleischer_Cucurbita_pepo_USA_2013D
Shelby_Fleischer_Cucurbita_pepo_USA_2013,pumpkin_pa_12_100,41.0633,-76.3323,Cucurbita pepo,USA,19.152,NA,3.6,0,34183.11487,0,757266.4844,3841.912766,1511463.175,376.6574554,0,0,0,834534.5296,3141665.874,D,Shelby_Fleischer_Cucurbita_pepo_USA_2013D
Shelby_Fleischer_Cucurbita_pepo_USA_2014,pumpkin_pa_7_0,41.205862,-76.404741,Cucurbita pepo,USA,3.616444444,NA,1.45,0,7678.461138,0,1115921.64,0,1886452.032,0,0,0,0,130926.4091,3140978.541,D,Shelby_Fleischer_Cucurbita_pepo_USA_2014D
Shelby_Fleischer_Cucurbita_pepo_USA_2014,pumpkin_pa_7_25,41.205862,-76.404741,Cucurbita pepo,USA,4.693777778,NA,1.5,0,7678.461138,0,1115921.64,0,1886452.032,0,0,0,0,130926.4091,3140978.541,D,Shelby_Fleischer_Cucurbita_pepo_USA_2014D
Shelby_Fleischer_Cucurbita_pepo_USA_2014,pumpkin_pa_7_50,41.205862,-76.404741,Cucurbita pepo,USA,4.292888889,NA,1.3,0,7678.461138,0,1115921.64,0,1886452.032,0,0,0,0,130926.4091,3140978.541,D,Shelby_Fleischer_Cucurbita_pepo_USA_2014D
Shelby_Fleischer_Cucurbita_pepo_USA_2014,pumpkin_pa_7_100,41.205862,-76.404741,Cucurbita pepo,USA,4.556444444,NA,1.35,0,7678.461138,0,1115921.64,0,1886452.032,0,0,0,0,130926.4091,3140978.541,D,Shelby_Fleischer_Cucurbita_pepo_USA_2014D
Shelby_Fleischer_Cucurbita_pepo_USA_2014,pumpkin_pa_8_0,41.258388,-76.429503,Cucurbita pepo,USA,3.875555556,NA,1.7,0,14875.68777,0,827724.7075,300.4652405,1920758.787,0,0,0,0,377673.515,3141333.162,D,Shelby_Fleischer_Cucurbita_pepo_USA_2014D
Shelby_Fleischer_Cucurbita_pepo_USA_2014,pumpkin_pa_8_25,41.258388,-76.429503,Cucurbita pepo,USA,4.230666667,NA,1.8,0,14875.68777,0,827724.7075,300.4652405,1920758.787,0,0,0,0,377673.515,3141333.162,D,Shelby_Fleischer_Cucurbita_pepo_USA_2014D
Shelby_Fleischer_Cucurbita_pepo_USA_2014,pumpkin_pa_8_50,41.258388,-76.429503,Cucurbita pepo,USA,2.721333333,NA,1.6,0,14875.68777,0,827724.7075,300.4652405,1920758.787,0,0,0,0,377673.515,3141333.162,D,Shelby_Fleischer_Cucurbita_pepo_USA_2014D
Shelby_Fleischer_Cucurbita_pepo_USA_2014,pumpkin_pa_8_100,41.258388,-76.429503,Cucurbita pepo,USA,3.808888889,NA,1.7,0,14875.68777,0,827724.7075,300.4652405,1920758.787,0,0,0,0,377673.515,3141333.162,D,Shelby_Fleischer_Cucurbita_pepo_USA_2014D
Shelby_Fleischer_Cucurbita_pepo_USA_2014,pumpkin_pa_9_0,39.876893,-76.185267,Cucurbita pepo,USA,6.748888889,NA,1.85,0,50532.97383,0,907402.0208,1149.701019,588371.5387,0,0,0,0,1593284.702,3140740.936,C,Shelby_Fleischer_Cucurbita_pepo_USA_2014C
Shelby_Fleischer_Cucurbita_pepo_USA_2014,pumpkin_pa_9_25,39.876893,-76.185267,Cucurbita pepo,USA,6.477777778,NA,2,0,50532.97383,0,907402.0208,1149.701019,588371.5387,0,0,0,0,1593284.702,3140740.936,C,Shelby_Fleischer_Cucurbita_pepo_USA_2014C
Shelby_Fleischer_Cucurbita_pepo_USA_2014,pumpkin_pa_9_50,39.876893,-76.185267,Cucurbita pepo,USA,5.413333333,NA,1.85,0,50532.97383,0,907402.0208,1149.701019,588371.5387,0,0,0,0,1593284.702,3140740.936,C,Shelby_Fleischer_Cucurbita_pepo_USA_2014C
Shelby_Fleischer_Cucurbita_pepo_USA_2014,pumpkin_pa_9_100,39.876893,-76.185267,Cucurbita pepo,USA,5.471111111,NA,1.65,0,50532.97383,0,907402.0208,1149.701019,588371.5387,0,0,0,0,1593284.702,3140740.936,C,Shelby_Fleischer_Cucurbita_pepo_USA_2014C
Shelby_Fleischer_Cucurbita_pepo_USA_2014,pumpkin_pa_13_0,41.258388,-76.429503,Cucurbita pepo,USA,5.14,NA,1.6,0,14875.68777,0,827724.7075,300.4652405,1920758.787,0,0,0,0,377673.515,3141333.162,D,Shelby_Fleischer_Cucurbita_pepo_USA_2014D
Shelby_Fleischer_Cucurbita_pepo_USA_2014,pumpkin_pa_13_25,41.258388,-76.429503,Cucurbita pepo,USA,6.811111111,NA,1.7,0,14875.68777,0,827724.7075,300.4652405,1920758.787,0,0,0,0,377673.515,3141333.162,D,Shelby_Fleischer_Cucurbita_pepo_USA_2014D
Shelby_Fleischer_Cucurbita_pepo_USA_2014,pumpkin_pa_13_50,41.258388,-76.429503,Cucurbita pepo,USA,5.868888889,NA,1.45,0,14875.68777,0,827724.7075,300.4652405,1920758.787,0,0,0,0,377673.515,3141333.162,D,Shelby_Fleischer_Cucurbita_pepo_USA_2014D
Shelby_Fleischer_Cucurbita_pepo_USA_2014,pumpkin_pa_13_100,41.258388,-76.429503,Cucurbita pepo,USA,7.222222222,NA,1.8,0,14875.68777,0,827724.7075,300.4652405,1920758.787,0,0,0,0,377673.515,3141333.162,D,Shelby_Fleischer_Cucurbita_pepo_USA_2014D
Shelby_Fleischer_Cucurbita_pepo_USA_2015,pumpkin_pa_3_0,41.100108,-76.380091,Cucurbita pepo,USA,14.6668,NA,1.85,0,46978.29516,0,445897.6537,15960.22987,1604311.58,10766.35313,0,0,0,1017731.885,3141645.998,D,Shelby_Fleischer_Cucurbita_pepo_USA_2015D
Shelby_Fleischer_Cucurbita_pepo_USA_2015,pumpkin_pa_3_25,41.100108,-76.380091,Cucurbita pepo,USA,16.8757,NA,1.85,0,46978.29516,0,445897.6537,15960.22987,1604311.58,10766.35313,0,0,0,1017731.885,3141645.998,D,Shelby_Fleischer_Cucurbita_pepo_USA_2015D
Shelby_Fleischer_Cucurbita_pepo_USA_2015,pumpkin_pa_3_50,41.100108,-76.380091,Cucurbita pepo,USA,11.2064,NA,1.7,0,46978.29516,0,445897.6537,15960.22987,1604311.58,10766.35313,0,0,0,1017731.885,3141645.998,D,Shelby_Fleischer_Cucurbita_pepo_USA_2015D
Shelby_Fleischer_Cucurbita_pepo_USA_2015,pumpkin_pa_3_100,41.100108,-76.380091,Cucurbita pepo,USA,14.553,NA,1.75,0,46978.29516,0,445897.6537,15960.22987,1604311.58,10766.35313,0,0,0,1017731.885,3141645.998,D,Shelby_Fleischer_Cucurbita_pepo_USA_2015D
Shelby_Fleischer_Cucurbita_pepo_USA_2015,pumpkin_pa_4_0,41.101239,-76.369032,Cucurbita pepo,USA,7.392,NA,2,0,42101.01032,0,305218.9211,15734.38723,2070497.963,17917.97167,0,0,0,690305.6502,3141775.903,D,Shelby_Fleischer_Cucurbita_pepo_USA_2015D
Shelby_Fleischer_Cucurbita_pepo_USA_2015,pumpkin_pa_6_0,41.188888,-76.698398,Cucurbita pepo,USA,9.144,NA,1.5,0,19313.15506,0,351951.9929,0,1651601.888,225.5348816,0,0,0,1117875.996,3140968.567,D,Shelby_Fleischer_Cucurbita_pepo_USA_2015D
Shelby_Fleischer_Cucurbita_pepo_USA_2015,pumpkin_pa_6_25,41.188888,-76.698398,Cucurbita pepo,USA,12.768,NA,1.9,0,19313.15506,0,351951.9929,0,1651601.888,225.5348816,0,0,0,1117875.996,3140968.567,D,Shelby_Fleischer_Cucurbita_pepo_USA_2015D
Shelby_Fleischer_Cucurbita_pepo_USA_2015,pumpkin_pa_6_50,41.188888,-76.698398,Cucurbita pepo,USA,12.5268,NA,1.65,0,19313.15506,0,351951.9929,0,1651601.888,225.5348816,0,0,0,1117875.996,3140968.567,D,Shelby_Fleischer_Cucurbita_pepo_USA_2015D
Shelby_Fleischer_Cucurbita_pepo_USA_2015,pumpkin_pa_6_100,41.188888,-76.698398,Cucurbita pepo,USA,12.3196,NA,1.9,0,19313.15506,0,351951.9929,0,1651601.888,225.5348816,0,0,0,1117875.996,3140968.567,D,Shelby_Fleischer_Cucurbita_pepo_USA_2015D
Shelby_Fleischer_Cucurbita_pepo_USA_2015,pumpkin_pa_11_0,41.051931,-76.32835,Cucurbita pepo,USA,9.6768,NA,1.6,0,34780.19362,0,815938.1944,3088.657539,891790.7749,226.0088806,0,0,0,1395771.202,3141595.031,D,Shelby_Fleischer_Cucurbita_pepo_USA_2015D
Shelby_Fleischer_Cucurbita_pepo_USA_2015,pumpkin_pa_11_25,41.051931,-76.32835,Cucurbita pepo,USA,11.2728,NA,1.65,0,34780.19362,0,815938.1944,3088.657539,891790.7749,226.0088806,0,0,0,1395771.202,3141595.031,D,Shelby_Fleischer_Cucurbita_pepo_USA_2015D
Shelby_Fleischer_Cucurbita_pepo_USA_2015,pumpkin_pa_11_50,41.051931,-76.32835,Cucurbita pepo,USA,11.872,NA,1.75,0,34780.19362,0,815938.1944,3088.657539,891790.7749,226.0088806,0,0,0,1395771.202,3141595.031,D,Shelby_Fleischer_Cucurbita_pepo_USA_2015D
Shelby_Fleischer_Cucurbita_pepo_USA_2015,pumpkin_pa_11_100,41.051931,-76.32835,Cucurbita pepo,USA,10.507,NA,1.75,0,34780.19362,0,815938.1944,3088.657539,891790.7749,226.0088806,0,0,0,1395771.202,3141595.031,D,Shelby_Fleischer_Cucurbita_pepo_USA_2015D
Silvia_Castro_Helianthus_annuus_Spain_2017,AUS-EGI1_2017,42.22003937,-3.614569902,Helianthus annuus,Spain,2366.100885,NA,0,0,1258.07621,0,440611.8318,5032.330032,0,0,0,0,0,2695845.861,3142748.099,C,Silvia_Castro_Helianthus_annuus_Spain_2017C
Silvia_Castro_Helianthus_annuus_Spain_2017,AUS-EGI2_2017,42.23714066,-3.562330008,Helianthus annuus,Spain,1542.964528,NA,0,0,147.9740143,369.909729,356316.1744,2515.606964,0,0,0,0,0,2783408.975,3142758.641,C,Silvia_Castro_Helianthus_annuus_Spain_2017C
Silvia_Castro_Helianthus_annuus_Spain_2017,AUS-NGI1_2017,42.25077057,-3.617650032,Helianthus annuus,Spain,948.9892219,NA,0,0,7241.233249,28346.40951,1075630.114,4512.374115,5917.570831,0,0,0,0,2021115.276,3142762.978,C,Silvia_Castro_Helianthus_annuus_Spain_2017C
Silvia_Castro_Helianthus_annuus_Spain_2017,AUS-NON1_2017,42.22217941,-3.621089935,Helianthus annuus,Spain,1583.519192,NA,0,0,518.0286026,74.00402832,245427.3624,3256.21608,3603.429969,0,0,0,0,2889870.317,3142749.358,C,Silvia_Castro_Helianthus_annuus_Spain_2017C
Silvia_Castro_Helianthus_annuus_Spain_2017,MEL-EGI1_2017,42.41695023,-4.319990158,Helianthus annuus,Spain,685.1408224,NA,0,0,44430.2062,83072.69861,548013.6287,5591.406528,455980.2579,0,0,0,0,2005813.018,3142901.216,C,Silvia_Castro_Helianthus_annuus_Spain_2017C
Silvia_Castro_Helianthus_annuus_Spain_2017,MEL-NGI1_2017,42.39973068,-4.270599842,Helianthus annuus,Spain,1298.924142,NA,0,0,40328.9386,99743.76661,318261.1186,5387.01754,583254.5616,297.5565086,0,0,0,2095621.108,3142894.068,C,Silvia_Castro_Helianthus_annuus_Spain_2017C
Silvia_Castro_Helianthus_annuus_Spain_2017,MEL-NON1_2017,42.40388107,-4.267300129,Helianthus annuus,Spain,1277.346803,NA,0,0,127757.9809,51352.64044,253849.9054,5460.814018,414131.1567,82.48435166,0,0,0,2290254.958,3142889.94,C,Silvia_Castro_Helianthus_annuus_Spain_2017C
Silvia_Castro_Helianthus_annuus_Spain_2017,PRE-EGI1_2017,42.20101929,-3.876549959,Helianthus annuus,Spain,1194.863155,NA,0,0,18662.85024,783.6274363,24685.72911,6857.756533,6367.184128,0,0,0,0,3085373.403,3142730.55,C,Silvia_Castro_Helianthus_annuus_Spain_2017C
Silvia_Castro_Helianthus_annuus_Spain_2017,PRE-EGI2_2017,42.18759155,-3.829619884,Helianthus annuus,Spain,895.2439659,NA,0,0,1110.696297,12957.63339,17541.11344,1629.606633,70.28008178,0,0,0,0,3109398.45,3142707.779,C,Silvia_Castro_Helianthus_annuus_Spain_2017C
Silvia_Castro_Helianthus_annuus_Spain_2017,PRE-NGI2_2017,42.17520142,-3.903219938,Helianthus annuus,Spain,1618.548658,NA,0,0,33618.89353,14130.47999,189350.807,0,99473.8569,0,0,0,0,2805560.968,3142135.005,C,Silvia_Castro_Helianthus_annuus_Spain_2017C
Silvia_Castro_Helianthus_annuus_Spain_2017,PRE-NON1_2017,42.2097702,-3.882550001,Helianthus annuus,Spain,836.7849952,NA,0,0,0,5254.890831,65943.03653,5773.659897,361305.5073,0,0,0,0,2704456.688,3142733.782,C,Silvia_Castro_Helianthus_annuus_Spain_2017C
Silvia_Castro_Helianthus_annuus_Spain_2017,RED-EGI1_2017,42.47154999,-3.108259916,Helianthus annuus,Spain,1269.697839,NA,0,0,35384.94501,1400.71125,296928.16,1179.525253,63004.29868,0,0,0,0,2745053.402,3142951.042,C,Silvia_Castro_Helianthus_annuus_Spain_2017C
Silvia_Castro_Helianthus_annuus_Spain_2017,RED-EGI2_2017,42.46183014,-3.105560064,Helianthus annuus,Spain,1705.231466,NA,0,0,18344.83557,1028.924955,389964.5914,1695.754326,258209.5286,0,0,0,0,2473700.584,3142944.219,C,Silvia_Castro_Helianthus_annuus_Spain_2017C
Silvia_Castro_Helianthus_annuus_Spain_2017,RED-NGI1_2017,42.48046112,-3.103359938,Helianthus annuus,Spain,1551.870782,NA,0,0,958.0830841,0,193896.3334,221.1482544,6415.006052,0,0,0,0,2941425.414,3142915.984,C,Silvia_Castro_Helianthus_annuus_Spain_2017C
Silvia_Castro_Helianthus_annuus_Spain_2017,RED-NON1_2017,42.48080826,-3.107870102,Helianthus annuus,Spain,1008.839066,NA,0,0,958.0830841,0,186080.4093,0,15846.7764,0,0,0,0,2940065.816,3142951.085,C,Silvia_Castro_Helianthus_annuus_Spain_2017C
Silvia_Castro_Helianthus_annuus_Spain_2017,VIL-EGI1_2017,41.9302597,-3.880739927,Helianthus annuus,Spain,1190.707675,NA,0,0,6868.074227,0,55137.93067,4534.668884,17679.41197,0,0,0,0,3057380.658,3141600.744,C,Silvia_Castro_Helianthus_annuus_Spain_2017C
Silvia_Castro_Helianthus_annuus_Spain_2017,VIL-EGI2_2017,41.93877029,-3.914160013,Helianthus annuus,Spain,997.227734,NA,0,0,4287.980424,15162.73586,440403.4332,48003.1661,11524.0479,0,0,0,0,2623066.999,3142448.362,C,Silvia_Castro_Helianthus_annuus_Spain_2017C
Silvia_Castro_Helianthus_annuus_Spain_2017,VIL-NGI1_2017,41.9380188,-3.845030069,Helianthus annuus,Spain,932.7242926,NA,0,0,8017.662394,15623.89334,168361.6735,13054.01302,14116.24139,0,0,0,0,2923329.608,3142503.092,C,Silvia_Castro_Helianthus_annuus_Spain_2017C
Silvia_Castro_Helianthus_annuus_Spain_2017,VIL-NON1_2017,41.93960953,-3.855099916,Helianthus annuus,Spain,1079.362773,NA,0,0,8009.114385,2006.980759,76193.11929,25263.89812,1635.309708,0,0,0,0,3029392.306,3142500.728,C,Silvia_Castro_Helianthus_annuus_Spain_2017C
Silvia_Castro_Helianthus_annuus_Spain_2018,AUS-EGI1_2018,42.22005844,-3.614909887,Helianthus annuus,Spain,2470.753479,NA,0,0,1258.07621,0,432664.7045,5032.330032,0,0,0,0,0,2703789.503,3142744.613,C,Silvia_Castro_Helianthus_annuus_Spain_2018C
Silvia_Castro_Helianthus_annuus_Spain_2018,AUS-EGI2_2018,42.23706818,-3.561969996,Helianthus annuus,Spain,1711.216836,NA,0,0,147.9740143,369.909729,328466.8663,2515.606964,0,0,0,0,0,2811057.81,3142558.167,C,Silvia_Castro_Helianthus_annuus_Spain_2018C
Silvia_Castro_Helianthus_annuus_Spain_2018,AUS-NGI1_2018,42.23912048,-3.568589926,Helianthus annuus,Spain,1158.314084,NA,0,0,813.861145,0,558976.8949,3264.153396,0,0,0,0,0,2579699.72,3142754.63,C,Silvia_Castro_Helianthus_annuus_Spain_2018C
Silvia_Castro_Helianthus_annuus_Spain_2018,AUS-NON1_2018,42.22737885,-3.622849941,Helianthus annuus,Spain,907.2481104,NA,0,0,0,74.00402832,131042.4231,1184.097473,98434.10745,0,0,0,0,2911386.538,3142121.17,C,Silvia_Castro_Helianthus_annuus_Spain_2018C
Silvia_Castro_Helianthus_annuus_Spain_2018,MEL-EGI1_2018,42.41698837,-4.320189953,Helianthus annuus,Spain,696.2296823,NA,0,0,44827.41921,85461.47048,558135.1847,5668.64831,449382.5284,0,0,0,0,1998528.208,3142003.459,C,Silvia_Castro_Helianthus_annuus_Spain_2018C
Silvia_Castro_Helianthus_annuus_Spain_2018,MEL-NGI1_2018,42.4546814,-4.241519928,Helianthus annuus,Spain,2725.489447,NA,0,0,2580.958939,56849.86581,382659.8752,589.8182526,410570.9492,442.4178238,0,0,0,2289102.474,3142796.359,C,Silvia_Castro_Helianthus_annuus_Spain_2018C
Silvia_Castro_Helianthus_annuus_Spain_2018,MEL-NON1_2018,42.38452911,-4.248060226,Helianthus annuus,Spain,800.9902318,NA,0,0,62369.1,1450.411655,465534.8252,9029.458917,38585.52263,0,0,0,0,2565860.493,3142829.812,C,Silvia_Castro_Helianthus_annuus_Spain_2018C
Silvia_Castro_Helianthus_annuus_Spain_2018,PRE-EGI1_2018,42.20088959,-3.877310038,Helianthus annuus,Spain,2169.905042,NA,0,0,18689.95241,740.365387,24209.31122,6662.092957,6367.184128,0,0,0,0,3086060.143,3142729.049,C,Silvia_Castro_Helianthus_annuus_Spain_2018C
Silvia_Castro_Helianthus_annuus_Spain_2018,PRE-EGI2_2018,42.18730164,-3.830009937,Helianthus annuus,Spain,1382.002508,NA,0,0,1110.696297,12957.63339,21021.17872,1629.025932,1708.221954,0,0,0,0,3104283.604,3142710.36,C,Silvia_Castro_Helianthus_annuus_Spain_2018C
Silvia_Castro_Helianthus_annuus_Spain_2018,PRE-NGI1_2018,42.1771698,-3.835279942,Helianthus annuus,Spain,2213.451337,NA,0,0,148.1152649,0,43710.64318,148.1253281,31934.58432,0,0,0,0,3066762.343,3142703.811,C,Silvia_Castro_Helianthus_annuus_Spain_2018C
Silvia_Castro_Helianthus_annuus_Spain_2018,PRE-NON1_2018,42.20695114,-3.864700079,Helianthus annuus,Spain,1520.692031,NA,0,0,20211.26099,467.0191217,92687.6625,444.1761932,9330.5075,0,0,0,0,3019587.606,3142728.232,C,Silvia_Castro_Helianthus_annuus_Spain_2018C
Silvia_Castro_Helianthus_annuus_Spain_2018,RED-EGI1_2018,42.47145081,-3.10807991,Helianthus annuus,Spain,2726.490851,NA,0,0,35312.96071,1400.71125,300318.0754,1179.525253,66865.46729,0,0,0,0,2737870.771,3142947.511,C,Silvia_Castro_Helianthus_annuus_Spain_2018C
Silvia_Castro_Helianthus_annuus_Spain_2018,RED-EGI2_2018,42.46170044,-3.105590105,Helianthus annuus,Spain,3717.495895,NA,0,0,17720.94595,856.9087573,386383.4068,1695.754326,258099.9582,0,0,0,0,2478177.163,3142934.137,C,Silvia_Castro_Helianthus_annuus_Spain_2018C
Silvia_Castro_Helianthus_annuus_Spain_2018,RED-NGI1_2018,42.46395111,-3.112770081,Helianthus annuus,Spain,2380.319568,NA,0,0,35386.67957,1400.71125,133224.941,1833.074505,75415.82281,0,0,0,0,2895662.136,3142923.366,C,Silvia_Castro_Helianthus_annuus_Spain_2018C
Silvia_Castro_Helianthus_annuus_Spain_2018,RED-NON1_2018,42.45037079,-3.111880064,Helianthus annuus,Spain,3200.69925,NA,0,0,0,221.2276764,163917.4966,884.8179703,106444.8064,0,0,0,0,2871456.782,3142925.131,C,Silvia_Castro_Helianthus_annuus_Spain_2018C
Silvia_Castro_Helianthus_annuus_Spain_2018,VIL-EGI1_2018,41.92996979,-3.88045001,Helianthus annuus,Spain,1539.366997,NA,0,0,6533.423981,0,57537.03261,4534.668884,20813.5693,0,0,0,0,3053071.305,3142490,C,Silvia_Castro_Helianthus_annuus_Spain_2018C
Silvia_Castro_Helianthus_annuus_Spain_2018,VIL-EGI2_2018,41.9389801,-3.914160013,Helianthus annuus,Spain,1217.637261,NA,0,0,4241.339924,14865.69333,439991.9691,48196.71706,11102.52739,0,0,0,0,2624056.264,3142454.511,C,Silvia_Castro_Helianthus_annuus_Spain_2018C
Silvia_Castro_Helianthus_annuus_Spain_2018,VIL-NGI1_2018,41.92509842,-3.92553997,Helianthus annuus,Spain,1000.198607,NA,0,0,7714.335278,2081.599464,217935.9374,74.35144806,31199.62659,0,0,0,0,2883032.587,3142038.438,C,Silvia_Castro_Helianthus_annuus_Spain_2018C
Silvia_Castro_Helianthus_annuus_Spain_2018,VIL-NON1_2018,41.92015076,-3.922230005,Helianthus annuus,Spain,1300.878001,NA,0,0,99294.7213,1199.259314,284185.469,892.2925415,68132.52401,0,0,0,0,2688783.724,3142487.991,C,Silvia_Castro_Helianthus_annuus_Spain_2018C
Simon_Potts_Vicia_faba_UK_2005,UK1,51.60611743,-0.922647887,Vicia faba,UK,30.6925,6.825,0,0,11284.21194,0,1340065.695,0,1570831.043,0,0,0,0,227508.1525,3149689.103,C,Simon_Potts_Vicia_faba_UK_2005C
Simon_Potts_Vicia_faba_UK_2005,UK10,51.56583333,-1.404444444,Vicia faba,UK,63.3825,35.2075,0,0,2427.515952,0,350776.2513,0,82737.20035,0,0,0,0,2714399.172,3150340.139,C,Simon_Potts_Vicia_faba_UK_2005C
Simon_Potts_Vicia_faba_UK_2005,UK2,51.59605473,-1.00518756,Vicia faba,UK,29.24,25.8325,0,0,7341.843147,0,919381.4596,0,1102797.045,0,0,0,0,1121246.114,3150766.462,C,Simon_Potts_Vicia_faba_UK_2005C
Simon_Potts_Vicia_faba_UK_2005,UK3,51.4137184,-1.280954732,Vicia faba,UK,47.985,9.7225,0,0,421175.7664,0,1307022.765,499.7294693,745206.5789,0,0,0,0,675689.0715,3149593.911,C,Simon_Potts_Vicia_faba_UK_2005C
Simon_Potts_Vicia_faba_UK_2005,UK4,51.37410504,-1.025811658,Vicia faba,UK,48.4025,26.195,0,0,45491.14533,0,714655.9475,0,445248.7804,2375.168396,0,0,0,1942278.362,3150049.403,C,Simon_Potts_Vicia_faba_UK_2005C
Simon_Potts_Vicia_faba_UK_2005,UK5,51.63855379,-1.033162478,Vicia faba,UK,26.28,15.3525,0,0,39222.25083,0,754120.1677,0,374730.9097,0,0,0,0,1982507.019,3150580.347,C,Simon_Potts_Vicia_faba_UK_2005C
Simon_Potts_Vicia_faba_UK_2005,UK6,51.52910488,-1.328157573,Vicia faba,UK,48.05,27.6775,0,0,1744.479355,0,971224.2254,0,374998.7733,0,0,0,0,1802818.975,3150786.453,C,Simon_Potts_Vicia_faba_UK_2005C
Simon_Potts_Vicia_faba_UK_2005,UK7,51.70090625,-1.520986138,Vicia faba,UK,21.7425,20.9725,0,0,5710.791878,0,1753795.533,0,336037.8479,2048.529427,0,0,0,1053277.785,3150870.487,C,Simon_Potts_Vicia_faba_UK_2005C
Simon_Potts_Vicia_faba_UK_2005,UK8,51.57394151,-1.480470686,Vicia faba,UK,35.1275,15.0175,0,0,10396.03968,0,454384.3206,0,48013.73245,0,0,0,0,2637505.207,3150299.3,C,Simon_Potts_Vicia_faba_UK_2005C
Simon_Potts_Vicia_faba_UK_2005,UK9,51.51361111,-1.430277778,Vicia faba,UK,33.6775,33.21,0,0,22125.06889,0,973426.5821,0,429321.5054,0,0,0,0,1725315.22,3150188.376,C,Simon_Potts_Vicia_faba_UK_2005C
Smitha_Krishnan_Coffea_canephora_India_2007,bal,12.091125,75.988587,Coffea canephora,India,35.86535044,NA,41.38666667,0,14124.0091,0,299441.3824,0,2318549.204,0,0,0,0,490981.8465,3123096.442,A,Smitha_Krishnan_Coffea_canephora_India_2007A
Smitha_Krishnan_Coffea_canephora_India_2007,bas,12.10022,75.9904,Coffea canephora,India,31.88776815,NA,36.714,0,30907.99879,0,258070.1306,194.3611298,2590707.204,971.7804718,0,0,0,242260.3313,3123111.806,A,Smitha_Krishnan_Coffea_canephora_India_2007A
Smitha_Krishnan_Coffea_canephora_India_2007,baso,12.0988,75.99071,Coffea canephora,India,32.18567718,NA,36.02666667,0,27691.69971,0,253242.032,194.3611298,2583542.191,0,0,0,0,258434.4704,3123104.754,A,Smitha_Krishnan_Coffea_canephora_India_2007A
Smitha_Krishnan_Coffea_canephora_India_2007,be,12.10932,76.01263,Coffea canephora,India,19.34720432,NA,23.14,0,15701.40929,0,413256.5305,291.5312653,2202790.258,0,0,0,0,490984.4119,3123024.141,A,Smitha_Krishnan_Coffea_canephora_India_2007A
Smitha_Krishnan_Coffea_canephora_India_2007,chl,12.10168333,75.9613,Coffea canephora,India,14.48317119,NA,17.89,0,8472.495183,0,668107.3856,583.0994568,1847985.165,3206.961746,0,0,0,594793.0182,3123148.125,A,Smitha_Krishnan_Coffea_canephora_India_2007A
Smitha_Krishnan_Coffea_canephora_India_2007,chs,12.106761,75.961584,Coffea canephora,India,20.98074697,NA,25.498,0,12633.15462,0,463349.8269,485.8841019,2182000.182,3206.961746,0,0,0,461355.9534,3123031.962,A,Smitha_Krishnan_Coffea_canephora_India_2007A
Smitha_Krishnan_Coffea_canephora_India_2007,devpur,12.20735,75.95761667,Coffea canephora,India,39.26404345,NA,44.998,0,23158.68998,0,64710.5658,194.2816467,3008275.986,1181.71836,0,0,0,25535.66294,3123056.905,A,Smitha_Krishnan_Coffea_canephora_India_2007A
Smitha_Krishnan_Coffea_canephora_India_2007,dhm,12.177747,76.003894,Coffea canephora,India,0,NA,0,0,8504.944881,0,113329.7011,97.15046692,2934901.314,97.15167999,0,0,0,66224.47634,3123154.738,A,Smitha_Krishnan_Coffea_canephora_India_2007A
Smitha_Krishnan_Coffea_canephora_India_2007,hal,12.13705,75.93175,Coffea canephora,India,25.52590628,NA,27.79666667,0,11267.20904,0,701328.0162,641.691304,1913806.651,2190.273329,0,0,0,493842.0858,3123075.927,A,Smitha_Krishnan_Coffea_canephora_India_2007A
Smitha_Krishnan_Coffea_canephora_India_2007,has,12.14473333,75.93008333,Coffea canephora,India,37.01591549,NA,43.898,0,72705.15107,0,614276.9398,1554.641327,2037209.638,0,0,0,0,397370.9474,3123117.318,A,Smitha_Krishnan_Coffea_canephora_India_2007A
Smitha_Krishnan_Coffea_canephora_India_2007,kap,12.1542,75.95718333,Coffea canephora,India,31.0828657,NA,36.588,0,6607.043648,0,362747.2603,97.1631012,2543137.986,1846.056091,0,0,0,208690.5389,3123126.048,A,Smitha_Krishnan_Coffea_canephora_India_2007A
Smitha_Krishnan_Coffea_canephora_India_2007,kil,12.145114,75.965714,Coffea canephora,India,32.31960328,NA,39.63,0,1543.576766,0,272843.6757,388.6613312,2533566.089,0,0,0,0,314797.2244,3123139.227,A,Smitha_Krishnan_Coffea_canephora_India_2007A
Smitha_Krishnan_Coffea_canephora_India_2007,kis,12.14198333,75.98438333,Coffea canephora,India,32.85578633,NA,39.56666667,0,12935.90034,0,201441.9226,0,2501267.405,0,0,0,0,407475.6656,3123120.894,A,Smitha_Krishnan_Coffea_canephora_India_2007A
Smitha_Krishnan_Coffea_canephora_India_2008,bshbck,12.0852,75.9017,Coffea canephora,India,24.95612802,NA,30.512,0,3984.630676,0,137240.9701,0,2978791.674,194.3774109,0,0,0,2915.613449,3123127.266,A,Smitha_Krishnan_Coffea_canephora_India_2008A
Smitha_Krishnan_Coffea_canephora_India_2008,dha.sulu,12.174543,76.045192,Coffea canephora,India,0,NA,0,0,6995.175858,0,97554.23503,97.15379333,2966567.428,4469.076881,0,0,0,47383.05793,3123066.127,A,Smitha_Krishnan_Coffea_canephora_India_2008A
Smitha_Krishnan_Coffea_canephora_India_2008,hardha,12.05506,76.0046,Coffea canephora,India,25.95159472,NA,32.05,0,6123.408356,1749.50988,452575.2758,0,2285653.696,680.383316,0,0,0,376330.536,3123112.81,A,Smitha_Krishnan_Coffea_canephora_India_2008A
Smitha_Krishnan_Coffea_canephora_India_2008,harkas,12.0652,75.99213,Coffea canephora,India,27.64138099,NA,33.77,0,12730.48742,0,378302.8801,97.1920929,2548493.812,583.1761093,0,0,0,182917.5054,3123125.053,A,Smitha_Krishnan_Coffea_canephora_India_2008A
Smitha_Krishnan_Coffea_canephora_India_2008,ichbha,12.14689,75.90853,Coffea canephora,India,23.75748001,NA,29.104,0,8841.946579,0,757472.4902,0,2125230.869,0,0,0,0,231607.5466,3123152.853,A,Smitha_Krishnan_Coffea_canephora_India_2008A
Smitha_Krishnan_Coffea_canephora_India_2008,kanfor,12.072679,76.047427,Coffea canephora,India,0,NA,0,0,13509.40681,0,97726.45544,0,2982329.945,0,0,0,0,29556.26965,3123122.077,A,Smitha_Krishnan_Coffea_canephora_India_2008A
Smitha_Krishnan_Coffea_canephora_India_2008,kon,12.08206,75.9509,Coffea canephora,India,17.70335916,NA,23.048,0,34602.58301,0,481056.4304,2438.485535,2452836.126,0,0,0,0,152091.7465,3123025.371,A,Smitha_Krishnan_Coffea_canephora_India_2008A
Smitha_Krishnan_Coffea_canephora_India_2008,kottageri,12.1117,76.03495,Coffea canephora,India,29.74489099,NA,36.59333333,0,3359.635286,0,222568.3436,194.3590088,2720085.373,1263.327118,0,0,0,175668.1661,3123139.204,A,Smitha_Krishnan_Coffea_canephora_India_2008A
Smitha_Krishnan_Coffea_canephora_India_2008,kutnan,12.10104,75.86985,Coffea canephora,India,23.23313454,NA,26.9325,0,10380.52338,0,251132.7491,0,2812214.055,0,0,0,0,49397.62194,3123124.949,A,Smitha_Krishnan_Coffea_canephora_India_2008A
Smitha_Krishnan_Coffea_canephora_India_2008,nal,12.13184,76.00611,Coffea canephora,India,34.44235589,NA,39.67,0,13840.77181,0,174672.6941,97.16680908,2752402.479,97.1678009,0,0,0,181991.9738,3123102.254,A,Smitha_Krishnan_Coffea_canephora_India_2008A
Smitha_Krishnan_Coffea_canephora_India_2008,nit,12.1163,76.05664,Coffea canephora,India,31.40307108,NA,40.19333333,0,23518.94757,291.5189056,350807.057,107.0797102,2390050.702,1166.086212,0,0,0,357163.2616,3123104.653,A,Smitha_Krishnan_Coffea_canephora_India_2008A
Smitha_Krishnan_Coffea_canephora_India_2008,polche,12.277651,75.956483,Coffea canephora,India,34.5531668,NA,39.978,0,2330.86248,0,63748.09956,0,3039761.163,0,0,0,0,17331.00178,3123171.127,A,Smitha_Krishnan_Coffea_canephora_India_2008A
Smitha_Krishnan_Coffea_canephora_India_2008,porpon,12.03403,75.92679,Coffea canephora,India,31.72207629,NA,38.7775,0,7596.049223,0,81106.91412,0,3012012.544,583.2354355,0,0,0,21773.35698,3123072.099,A,Smitha_Krishnan_Coffea_canephora_India_2008A
Smitha_Krishnan_Coffea_canephora_India_2008,titbck,12.21177,76.002385,Coffea canephora,India,36.20689655,NA,43.72,0,3983.526219,0,97404.70208,0,3006307.597,13033.79185,0,0,0,2428.501678,3123158.119,A,Smitha_Krishnan_Coffea_canephora_India_2008A
Smitha_Krishnan_Coffea_canephora_India_2008,tittat,12.24086667,76.01241667,Coffea canephora,India,34.67415235,NA,41.246,0,582.7911072,0,98745.92322,0,3014825.531,9033.164223,0,0,0,0,3123187.41,A,Smitha_Krishnan_Coffea_canephora_India_2008A
Smitha_Krishnan_Coffea_canephora_India_2008,tshgov,12.03272,75.97353,Coffea canephora,India,30.23601207,NA,36.006,0,55309.40355,0,311242.5797,291.6149826,2654842.242,0,0,0,0,101331.7222,3123017.562,A,Smitha_Krishnan_Coffea_canephora_India_2008A
Smitha_Krishnan_Coffea_canephora_India_2008,tshkor,12.03143,75.98459,Coffea canephora,India,20.6098531,NA,23.73,0,51789.58571,0,333852.3324,486.0225906,2651790.012,2138.44899,0,0,0,82995.57253,3123051.974,A,Smitha_Krishnan_Coffea_canephora_India_2008A
Smitha_Krishnan_Coffea_canephora_India_2008,tshogr,12.03702,75.95436,Coffea canephora,India,26.60860416,NA,34.704,0,6998.636673,0,155070.8968,0,2944882.62,777.6205826,0,0,0,15325.64725,3123055.421,A,Smitha_Krishnan_Coffea_canephora_India_2008A
Smitha_Krishnan_Coffea_canephora_India_2009,armnew,12.23833333,75.77213333,Coffea canephora,India,37.24988282,NA,42.602,0,11148.69122,0,506950.3125,97.13109589,2321999.953,0,0,0,0,282890.9944,3123087.082,A,Smitha_Krishnan_Coffea_canephora_India_2009A
Smitha_Krishnan_Coffea_canephora_India_2009,bolnew,12.228834,75.789863,Coffea canephora,India,29.84352364,NA,34.33,0,5439.583305,0,656387.5078,0,2158191.093,0,0,0,0,303092.5715,3123110.755,A,Smitha_Krishnan_Coffea_canephora_India_2009A
Smitha_Krishnan_Coffea_canephora_India_2009,deviyynew,12.25938333,75.80693333,Coffea canephora,India,33.17859107,NA,37.408,0,3777.979007,0,405525.4242,679.8781738,2540928.609,0,0,0,0,172221.5469,3123133.437,A,Smitha_Krishnan_Coffea_canephora_India_2009A
Smitha_Krishnan_Coffea_canephora_India_2009,devtatnew,12.25562,75.79833,Coffea canephora,India,20.15478682,NA,24.21,0,5147.655945,0,337639.7833,1165.517456,2647401.446,0,0,0,0,131835.4156,3123189.818,A,Smitha_Krishnan_Coffea_canephora_India_2009A
Smitha_Krishnan_Coffea_canephora_India_2009,hatvannew,12.17106667,75.87633333,Coffea canephora,India,39.68710628,NA,44.796,0,30235.60231,0,511448.2286,0,2406479.333,0,0,0,0,175010.9634,3123174.127,A,Smitha_Krishnan_Coffea_canephora_India_2009A
Smitha_Krishnan_Coffea_canephora_India_2009,kottolinew,12.18451667,75.76433333,Coffea canephora,India,24.76173005,NA,29.1825,0,20294.8244,0,174744.7809,680.0614319,2746085.328,0,0,0,0,181327.3773,3123132.372,A,Smitha_Krishnan_Coffea_canephora_India_2009A
Smitha_Krishnan_Coffea_canephora_India_2009,maibatnew,12.26379,75.79112,Coffea canephora,India,22.08216569,NA,27.894,0,4447.424899,0,356706.9261,97.12088013,2651770.926,0,0,0,0,110090.2702,3123112.668,A,Smitha_Krishnan_Coffea_canephora_India_2009A
Smitha_Krishnan_Coffea_canephora_India_2009,maimalnew,12.24533333,75.76711667,Coffea canephora,India,0,NA,0,0,7867.427284,0,582228.5342,97.13109589,2147370.184,0,0,0,0,385611.8695,3123175.146,A,Smitha_Krishnan_Coffea_canephora_India_2009A
Smitha_Krishnan_Coffea_canephora_India_2009,maimannew,12.26148333,75.77986667,Coffea canephora,India,16.11856059,NA,21.688,0,3982.082207,0,290189.5883,0,2693721.834,97.12406921,0,0,0,135109.4239,3123100.053,A,Smitha_Krishnan_Coffea_canephora_India_2009A
Smitha_Krishnan_Coffea_canephora_India_2014,kushal org,12.16945,76.00502,Coffea canephora,India,742.2659502,NA,1826.728506,0,9424.108147,0,117752.2732,485.7910919,2885794.596,582.9422302,0,0,0,109109.9042,3123149.615,A,Smitha_Krishnan_Coffea_canephora_India_2014A
Smitha_Krishnan_Coffea_canephora_India_2014,bharath,12.27235,75.92194,Coffea canephora,India,941.7835512,NA,2324.257022,0,17552.2081,0,169441.0295,388.476593,2930637.096,4855.954445,0,0,0,291.365921,3123166.131,A,Smitha_Krishnan_Coffea_canephora_India_2014A
Smitha_Krishnan_Coffea_canephora_India_2014,govindan,12.36488,75.83965,Coffea canephora,India,1194.545588,NA,3308.419338,0,19742.63954,0,81475.1625,0,3002524.357,582.5200195,0,0,0,18475.74387,3122800.423,A,Smitha_Krishnan_Coffea_canephora_India_2014A
Smitha_Krishnan_Coffea_canephora_India_2014,hamsa,12.24645,75.78829,Coffea canephora,India,426.3324138,NA,954.8134577,0,9518.682785,0,489499.8867,946.5167432,2391435.915,97.1295166,0,0,0,231633.3096,3123131.441,A,Smitha_Krishnan_Coffea_canephora_India_2014A
Smitha_Krishnan_Coffea_canephora_India_2014,vasanti,12.14675,75.94505,Coffea canephora,India,1395.749975,NA,3551.418039,0,468916.0213,0,483903.0808,3497.922157,1967993.557,2817.797226,0,0,0,195966.2295,3123094.608,A,Smitha_Krishnan_Coffea_canephora_India_2014A
Smitha_Krishnan_Coffea_canephora_India_2014,uthaiah,12.12274,75.8537,Coffea canephora,India,728.5941699,NA,1943.612429,0,6899.356613,0,208144.4861,0,2868296.277,0,0,0,0,39736.44043,3123076.56,A,Smitha_Krishnan_Coffea_canephora_India_2014A
Smitha_Krishnan_Coffea_canephora_India_2014,BBtC org,12.28536,75.91512,Coffea canephora,India,2585.108682,NA,7349.797721,0,10236.42847,0,128202.9419,1456.715233,2967170.756,15731.08642,0,0,0,275.7211941,3123073.65,A,Smitha_Krishnan_Coffea_canephora_India_2014A
Smitha_Krishnan_Coffea_canephora_India_2014,karumbaiah,12.14531,75.9791,Coffea canephora,India,3739.198041,NA,9898.647855,0,22410.01032,0,217096.0523,291.49823,2180102.845,0,0,0,0,703146.2699,3123046.675,A,Smitha_Krishnan_Coffea_canephora_India_2014A
Smitha_Krishnan_Coffea_canephora_India_2014,muthanna,12.29617,75.89725,Coffea canephora,India,1399.676378,NA,3299.988389,0,2039.312836,0,55364.87451,348.0730775,3064852.755,291.335701,0,0,0,0,3122896.351,A,Smitha_Krishnan_Coffea_canephora_India_2014A
Smitha_Krishnan_Coffea_canephora_India_2014,kushal Nt,12.18033,76.01575,Coffea canephora,India,1199.230448,NA,3000.045218,0,6606.377151,0,80997.13109,0,3008199.421,10784.07809,0,0,0,16563.2798,3123150.287,A,Smitha_Krishnan_Coffea_canephora_India_2014A
Smitha_Krishnan_Coffea_canephora_India_2014,skanda Nt,12.21443,75.99288,Coffea canephora,India,2195.564015,NA,5374.963231,0,13499.63289,0,191736.3282,388.5657349,2855351.59,15953.28649,0,0,0,46244.96821,3123174.371,A,Smitha_Krishnan_Coffea_canephora_India_2014A
Smitha_Krishnan_Coffea_canephora_India_2014,raju,12.15116,75.84397,Coffea canephora,India,1674.790979,NA,2841.573272,0,12653.66513,0,365136.7933,0,2498025.436,0,0,0,0,247221.8111,3123037.706,A,Smitha_Krishnan_Coffea_canephora_India_2014A
Smitha_Krishnan_Coffea_canephora_India_2014,subaiah,12.26894,75.82188,Coffea canephora,India,4110.390554,NA,10386.59781,0,6753.827204,0,69638.87793,291.3580551,2993512.565,776.95047,0,0,0,52153.50066,3123127.08,A,Smitha_Krishnan_Coffea_canephora_India_2014A
Smitha_Krishnan_Coffea_canephora_India_2014,BBtC conv,12.29101,75.91398,Coffea canephora,India,2391.321416,NA,6142.605271,0,7768.878403,0,47716.68441,1845.141258,3057425.626,6603.726631,0,0,0,1748.009613,3123108.067,A,Smitha_Krishnan_Coffea_canephora_India_2014A
Smitha_Krishnan_Coffea_canephora_India_2014,somanna,12.1702,75.92939,Coffea canephora,India,1580.408883,NA,4758.543805,0,81439.11193,97.15760803,374613.0387,388.6157837,2537691.403,0,0,0,0,128932.993,3123162.32,A,Smitha_Krishnan_Coffea_canephora_India_2014A
Smitha_Krishnan_Coffea_canephora_India_2014,raja,12.18323,75.76732,Coffea canephora,India,2119.577018,NA,5550.800724,0,26929.21853,0,247976.0805,680.0614319,2611559.398,0,0,0,0,235909.3784,3123054.136,A,Smitha_Krishnan_Coffea_canephora_India_2014A
Smitha_Krishnan_Coffea_canephora_India_2014,nanda,12.29073,75.8177,Coffea canephora,India,1609.349956,NA,4048.46785,0,10682.36243,0,111910.4605,1965.459766,2968952.99,20984.56375,0,0,0,8674.080518,3123169.917,A,Smitha_Krishnan_Coffea_canephora_India_2014A
Smitha_Krishnan_Coffea_canephora_India_2014,BCK,12.08561,75.8995,Coffea canephora,India,871.5156303,NA,2370.937584,0,3984.630676,0,134402.0023,0,2981555.848,194.3774109,0,0,0,2915.613449,3123052.472,A,Smitha_Krishnan_Coffea_canephora_India_2014A
Smitha_Krishnan_Coffea_canephora_India_2014,sannu,12.13277,75.93153,Coffea canephora,India,814.9752852,NA,2425.144151,0,18196.17042,0,597363.0665,485.8457794,2069948.834,0,0,0,0,437031.4404,3123025.357,A,Smitha_Krishnan_Coffea_canephora_India_2014A
Smitha_Krishnan_Coffea_canephora_India_2014,mohan,12.17165,75.93238,Coffea canephora,India,1789.382048,NA,4623.41561,0,94751.89489,0,203002.3737,388.6157837,2722282.771,0,0,0,0,102731.1113,3123156.767,A,Smitha_Krishnan_Coffea_canephora_India_2014A
Smitha_Krishnan_Coffea_canephora_India_2014,manna,12.19536,75.77373,Coffea canephora,India,1334.118854,NA,3752.991935,0,3011.597946,0,402731.644,97.14520264,2464384.638,1651.468079,0,0,0,251211.4491,3123087.942,A,Smitha_Krishnan_Coffea_canephora_India_2014A
Smitha_Krishnan_Coffea_canephora_India_2014,dechakka,12.22748,75.84139,Coffea canephora,India,893.1125496,NA,2144.586418,0,15638.64577,0,309642.1709,0,2509617.317,0,0,0,0,288263.6523,3123161.786,A,Smitha_Krishnan_Coffea_canephora_India_2014A
Smitha_Krishnan_Coffea_canephora_India_2014,skanda SO,12.22791,75.99079,Coffea canephora,India,1599.550737,NA,4162.23586,0,4022.574074,0,142793.3271,291.4100723,2958189.943,2525.48494,0,0,0,15250.26302,3123073.002,A,Smitha_Krishnan_Coffea_canephora_India_2014A
Smitha_Krishnan_Coffea_canephora_India_2014,bopanna,12.17563,75.9716,Coffea canephora,India,1790.905814,NA,4514.07657,0,36290.01712,0,369000.5668,3983.344635,2544825.837,1362.087695,0,0,0,167575.0443,3123036.897,A,Smitha_Krishnan_Coffea_canephora_India_2014A
Smitha_Krishnan_Coffea_canephora_India_2014,chinappa,12.15526,75.77745,Coffea canephora,India,2021.622492,NA,5083.438938,0,12436.70517,0,67640.72748,582.9722595,3037713.509,3206.350899,0,0,0,1457.43486,3123037.7,A,Smitha_Krishnan_Coffea_canephora_India_2014A
Sujaya_Rao_Vaccinium_corymbosum_USA_2014,blueberry_or_35_0,44.838304,-123.166212,Vaccinium corymbosum,USA,1.4553125,0.245,1,0.111111111,23796.919,0,1614641.632,0,1251484.609,10900.44229,0,0,0,244003.9949,3144827.598,C,Sujaya_Rao_Vaccinium_corymbosum_USA_2014C
Sujaya_Rao_Vaccinium_corymbosum_USA_2014,blueberry_or_35_25,44.838304,-123.166212,Vaccinium corymbosum,USA,1.335111237,0.516136752,0.956321839,0.488030059,23796.919,0,1614641.632,0,1251484.609,10900.44229,0,0,0,244003.9949,3144827.598,C,Sujaya_Rao_Vaccinium_corymbosum_USA_2014C
Sujaya_Rao_Vaccinium_corymbosum_USA_2014,blueberry_or_35_50,44.838304,-123.166212,Vaccinium corymbosum,USA,1.141304753,0.505555556,1.128456221,0.286060606,23796.919,0,1614641.632,0,1251484.609,10900.44229,0,0,0,244003.9949,3144827.598,C,Sujaya_Rao_Vaccinium_corymbosum_USA_2014C
Sujaya_Rao_Vaccinium_corymbosum_USA_2014,blueberry_or_35_100,44.838304,-123.166212,Vaccinium corymbosum,USA,0.771965432,0.616190476,0.811111111,0.42149464,23796.919,0,1614641.632,0,1251484.609,10900.44229,0,0,0,244003.9949,3144827.598,C,Sujaya_Rao_Vaccinium_corymbosum_USA_2014C
Sujaya_Rao_Vaccinium_corymbosum_USA_2014,blueberry_or_36_0,44.90803,-123.122712,Vaccinium corymbosum,USA,1.411111111,0.846666667,0.61637618,0.37037037,43180.59154,0,978354.6685,354.1115952,1635817.257,386079.0897,0,0,0,101033.5757,3144819.294,C,Sujaya_Rao_Vaccinium_corymbosum_USA_2014C
Sujaya_Rao_Vaccinium_corymbosum_USA_2014,blueberry_or_36_100,44.90803,-123.122712,Vaccinium corymbosum,USA,0.85425,0.661304348,0.537037037,0.779885057,43180.59154,0,978354.6685,354.1115952,1635817.257,386079.0897,0,0,0,101033.5757,3144819.294,C,Sujaya_Rao_Vaccinium_corymbosum_USA_2014C
Sujaya_Rao_Vaccinium_corymbosum_USA_2014,blueberry_or_37_0,45.030594,-122.859,Vaccinium corymbosum,USA,1.286465308,1.025928571,1.569086022,0.338972719,50557.23746,0,392262.4058,0,464959.7823,0,0,0,0,2237173.84,3144953.265,C,Sujaya_Rao_Vaccinium_corymbosum_USA_2014C
Sujaya_Rao_Vaccinium_corymbosum_USA_2014,blueberry_or_37_25,45.030594,-122.859,Vaccinium corymbosum,USA,1.282974308,1.022692308,0.852857143,0.432142857,50557.23746,0,392262.4058,0,464959.7823,0,0,0,0,2237173.84,3144953.265,C,Sujaya_Rao_Vaccinium_corymbosum_USA_2014C
Sujaya_Rao_Vaccinium_corymbosum_USA_2014,blueberry_or_37_50,45.030594,-122.859,Vaccinium corymbosum,USA,1.132981417,0.978957431,1.173218391,0.459481916,50557.23746,0,392262.4058,0,464959.7823,0,0,0,0,2237173.84,3144953.265,C,Sujaya_Rao_Vaccinium_corymbosum_USA_2014C
Sujaya_Rao_Vaccinium_corymbosum_USA_2014,blueberry_or_37_100,45.030594,-122.859,Vaccinium corymbosum,USA,1.227916667,1.094666667,1.297297297,0.441176471,50557.23746,0,392262.4058,0,464959.7823,0,0,0,0,2237173.84,3144953.265,C,Sujaya_Rao_Vaccinium_corymbosum_USA_2014C
Sujaya_Rao_Vaccinium_corymbosum_USA_2014,blueberry_or_38_0,44.976729,-122.935671,Vaccinium corymbosum,USA,1.647195886,0.82925,1.164942529,0.446428571,75374.06737,0,431568.3782,70.74798584,1155267.104,0,0,0,0,1482827.882,3145108.18,C,Sujaya_Rao_Vaccinium_corymbosum_USA_2014C
Sujaya_Rao_Vaccinium_corymbosum_USA_2014,blueberry_or_38_25,44.976729,-122.935671,Vaccinium corymbosum,USA,1.408709107,0.77503268,1.04465008,0.389240911,75374.06737,0,431568.3782,70.74798584,1155267.104,0,0,0,0,1482827.882,3145108.18,C,Sujaya_Rao_Vaccinium_corymbosum_USA_2014C
Sujaya_Rao_Vaccinium_corymbosum_USA_2014,blueberry_or_38_50,44.976729,-122.935671,Vaccinium corymbosum,USA,1.847759921,0.815925926,1.091543514,0.329944002,75374.06737,0,431568.3782,70.74798584,1155267.104,0,0,0,0,1482827.882,3145108.18,C,Sujaya_Rao_Vaccinium_corymbosum_USA_2014C
Sujaya_Rao_Vaccinium_corymbosum_USA_2014,blueberry_or_38_100,44.976729,-122.935671,Vaccinium corymbosum,USA,1.524166667,0.741971737,1.057692308,0.467049808,75374.06737,0,431568.3782,70.74798584,1155267.104,0,0,0,0,1482827.882,3145108.18,C,Sujaya_Rao_Vaccinium_corymbosum_USA_2014C
Sujaya_Rao_Vaccinium_corymbosum_USA_2014,blueberry_or_39_0,45.014203,-122.938943,Vaccinium corymbosum,USA,1.172830743,0.684924242,0.881046219,0.514840564,120175.5302,0,1160987.646,12582.72607,1132958.945,0,0,0,0,717706.4042,3144411.251,C,Sujaya_Rao_Vaccinium_corymbosum_USA_2014C
Sujaya_Rao_Vaccinium_corymbosum_USA_2014,blueberry_or_39_25,45.014203,-122.938943,Vaccinium corymbosum,USA,1.889760531,0.726966667,0.922442283,0.666559425,120175.5302,0,1160987.646,12582.72607,1132958.945,0,0,0,0,717706.4042,3144411.251,C,Sujaya_Rao_Vaccinium_corymbosum_USA_2014C
Sujaya_Rao_Vaccinium_corymbosum_USA_2014,blueberry_or_39_50,45.014203,-122.938943,Vaccinium corymbosum,USA,1.595198477,0.785956736,1.006635319,0.559453123,120175.5302,0,1160987.646,12582.72607,1132958.945,0,0,0,0,717706.4042,3144411.251,C,Sujaya_Rao_Vaccinium_corymbosum_USA_2014C
Sujaya_Rao_Vaccinium_corymbosum_USA_2014,blueberry_or_39_100,45.014203,-122.938943,Vaccinium corymbosum,USA,1.484933333,0.739097222,0.945320197,0.454761905,120175.5302,0,1160987.646,12582.72607,1132958.945,0,0,0,0,717706.4042,3144411.251,C,Sujaya_Rao_Vaccinium_corymbosum_USA_2014C
Sujaya_Rao_Vaccinium_corymbosum_USA_2014,blueberry_or_40_0,44.573122,-123.197929,Vaccinium corymbosum,USA,1.731519608,1.021444444,0.622012138,0.164417791,129759.9612,0,709169.2139,641.0821228,1184744.744,926.0242157,0,0,0,1118744.583,3143985.608,C,Sujaya_Rao_Vaccinium_corymbosum_USA_2014C
Sujaya_Rao_Vaccinium_corymbosum_USA_2014,blueberry_or_40_25,44.573122,-123.197929,Vaccinium corymbosum,USA,1.218763228,0.528738095,0.930995475,0.547857143,129759.9612,0,709169.2139,641.0821228,1184744.744,926.0242157,0,0,0,1118744.583,3143985.608,C,Sujaya_Rao_Vaccinium_corymbosum_USA_2014C
Sujaya_Rao_Vaccinium_corymbosum_USA_2014,blueberry_or_40_50,44.573122,-123.197929,Vaccinium corymbosum,USA,1.6375,1.08875,0.592592593,0.571428571,129759.9612,0,709169.2139,641.0821228,1184744.744,926.0242157,0,0,0,1118744.583,3143985.608,C,Sujaya_Rao_Vaccinium_corymbosum_USA_2014C
Sujaya_Rao_Vaccinium_corymbosum_USA_2014,blueberry_or_40_100,44.573122,-123.197929,Vaccinium corymbosum,USA,1.736773137,0.729592391,1.873641304,0.66,129759.9612,0,709169.2139,641.0821228,1184744.744,926.0242157,0,0,0,1118744.583,3143985.608,C,Sujaya_Rao_Vaccinium_corymbosum_USA_2014C
Sujaya_Rao_Vaccinium_corymbosum_USA_2015,blueberry_or_35_0,44.838304,-123.166212,Vaccinium corymbosum,USA,0.816049603,0.410065476,0.878679435,0.266833385,23796.919,0,1614641.632,0,1251484.609,10900.44229,0,0,0,244003.9949,3144827.598,C,Sujaya_Rao_Vaccinium_corymbosum_USA_2015C
Sujaya_Rao_Vaccinium_corymbosum_USA_2015,blueberry_or_35_25,44.838304,-123.166212,Vaccinium corymbosum,USA,0.803699346,0.472323232,0.735738612,0.227360483,23796.919,0,1614641.632,0,1251484.609,10900.44229,0,0,0,244003.9949,3144827.598,C,Sujaya_Rao_Vaccinium_corymbosum_USA_2015C
Sujaya_Rao_Vaccinium_corymbosum_USA_2015,blueberry_or_35_50,44.838304,-123.166212,Vaccinium corymbosum,USA,0.745004195,0.590376068,0.774060507,0.283692529,23796.919,0,1614641.632,0,1251484.609,10900.44229,0,0,0,244003.9949,3144827.598,C,Sujaya_Rao_Vaccinium_corymbosum_USA_2015C
Sujaya_Rao_Vaccinium_corymbosum_USA_2015,blueberry_or_35_100,44.838304,-123.166212,Vaccinium corymbosum,USA,0.938160714,0.638819444,0.808438943,0.308786829,23796.919,0,1614641.632,0,1251484.609,10900.44229,0,0,0,244003.9949,3144827.598,C,Sujaya_Rao_Vaccinium_corymbosum_USA_2015C
Sujaya_Rao_Vaccinium_corymbosum_USA_2015,blueberry_or_36_0,44.90803,-123.122712,Vaccinium corymbosum,USA,1.132592593,0.125,1.08,0.230769231,43180.59154,0,978354.6685,354.1115952,1635817.257,386079.0897,0,0,0,101033.5757,3144819.294,C,Sujaya_Rao_Vaccinium_corymbosum_USA_2015C
Sujaya_Rao_Vaccinium_corymbosum_USA_2015,blueberry_or_36_25,44.90803,-123.122712,Vaccinium corymbosum,USA,0.951335979,0.477596154,0.652472527,0.267831321,43180.59154,0,978354.6685,354.1115952,1635817.257,386079.0897,0,0,0,101033.5757,3144819.294,C,Sujaya_Rao_Vaccinium_corymbosum_USA_2015C
Sujaya_Rao_Vaccinium_corymbosum_USA_2015,blueberry_or_36_50,44.90803,-123.122712,Vaccinium corymbosum,USA,0.961805433,0.569351852,0.818031431,0.229901961,43180.59154,0,978354.6685,354.1115952,1635817.257,386079.0897,0,0,0,101033.5757,3144819.294,C,Sujaya_Rao_Vaccinium_corymbosum_USA_2015C
Sujaya_Rao_Vaccinium_corymbosum_USA_2015,blueberry_or_36_100,44.90803,-123.122712,Vaccinium corymbosum,USA,0.823969697,0.387767677,0.709359606,0.253234805,43180.59154,0,978354.6685,354.1115952,1635817.257,386079.0897,0,0,0,101033.5757,3144819.294,C,Sujaya_Rao_Vaccinium_corymbosum_USA_2015C
Sujaya_Rao_Vaccinium_corymbosum_USA_2015,blueberry_or_37_0,45.030594,-122.859,Vaccinium corymbosum,USA,1.418214286,0.372,0.848484848,0.142857143,50557.23746,0,392262.4058,0,464959.7823,0,0,0,0,2237173.84,3144953.265,C,Sujaya_Rao_Vaccinium_corymbosum_USA_2015C
Sujaya_Rao_Vaccinium_corymbosum_USA_2015,blueberry_or_37_25,45.030594,-122.859,Vaccinium corymbosum,USA,0.589503106,0.655366667,0.84672619,0.20094086,50557.23746,0,392262.4058,0,464959.7823,0,0,0,0,2237173.84,3144953.265,C,Sujaya_Rao_Vaccinium_corymbosum_USA_2015C
Sujaya_Rao_Vaccinium_corymbosum_USA_2015,blueberry_or_37_50,45.030594,-122.859,Vaccinium corymbosum,USA,1.071860465,0.616666667,1.303030303,0.1,50557.23746,0,392262.4058,0,464959.7823,0,0,0,0,2237173.84,3144953.265,C,Sujaya_Rao_Vaccinium_corymbosum_USA_2015C
Sujaya_Rao_Vaccinium_corymbosum_USA_2015,blueberry_or_37_100,45.030594,-122.859,Vaccinium corymbosum,USA,0.977508737,0.474133333,0.877678571,0.337335036,50557.23746,0,392262.4058,0,464959.7823,0,0,0,0,2237173.84,3144953.265,C,Sujaya_Rao_Vaccinium_corymbosum_USA_2015C
Sujaya_Rao_Vaccinium_corymbosum_USA_2015,blueberry_or_38_0,44.976729,-122.935671,Vaccinium corymbosum,USA,1.205836842,0.313333333,0.769414576,0.064732143,75374.06737,0,431568.3782,70.74798584,1155267.104,0,0,0,0,1482827.882,3145108.18,C,Sujaya_Rao_Vaccinium_corymbosum_USA_2015C
Sujaya_Rao_Vaccinium_corymbosum_USA_2015,blueberry_or_38_25,44.976729,-122.935671,Vaccinium corymbosum,USA,1.441053535,0.639515152,0.930147352,0.238183422,75374.06737,0,431568.3782,70.74798584,1155267.104,0,0,0,0,1482827.882,3145108.18,C,Sujaya_Rao_Vaccinium_corymbosum_USA_2015C
Sujaya_Rao_Vaccinium_corymbosum_USA_2015,blueberry_or_38_50,44.976729,-122.935671,Vaccinium corymbosum,USA,0.833227513,0.4215,0.810763889,0.222916667,75374.06737,0,431568.3782,70.74798584,1155267.104,0,0,0,0,1482827.882,3145108.18,C,Sujaya_Rao_Vaccinium_corymbosum_USA_2015C
Sujaya_Rao_Vaccinium_corymbosum_USA_2015,blueberry_or_38_100,44.976729,-122.935671,Vaccinium corymbosum,USA,0.9188,0.528,1,0.625,75374.06737,0,431568.3782,70.74798584,1155267.104,0,0,0,0,1482827.882,3145108.18,C,Sujaya_Rao_Vaccinium_corymbosum_USA_2015C
Sujaya_Rao_Vaccinium_corymbosum_USA_2015,blueberry_or_39_0,45.014203,-122.938943,Vaccinium corymbosum,USA,1.008153086,0.440466667,1.077948718,0.554578038,120175.5302,0,1160987.646,12582.72607,1132958.945,0,0,0,0,717706.4042,3144411.251,C,Sujaya_Rao_Vaccinium_corymbosum_USA_2015C
Sujaya_Rao_Vaccinium_corymbosum_USA_2015,blueberry_or_39_25,45.014203,-122.938943,Vaccinium corymbosum,USA,1.160496949,0.453709677,1.066471163,1.130636605,120175.5302,0,1160987.646,12582.72607,1132958.945,0,0,0,0,717706.4042,3144411.251,C,Sujaya_Rao_Vaccinium_corymbosum_USA_2015C
Sujaya_Rao_Vaccinium_corymbosum_USA_2015,blueberry_or_39_50,45.014203,-122.938943,Vaccinium corymbosum,USA,1.21213708,0.532207729,1.011494253,0.621146953,120175.5302,0,1160987.646,12582.72607,1132958.945,0,0,0,0,717706.4042,3144411.251,C,Sujaya_Rao_Vaccinium_corymbosum_USA_2015C
Sujaya_Rao_Vaccinium_corymbosum_USA_2015,blueberry_or_39_100,45.014203,-122.938943,Vaccinium corymbosum,USA,0.822033333,0.478814815,1.034482759,0.9,120175.5302,0,1160987.646,12582.72607,1132958.945,0,0,0,0,717706.4042,3144411.251,C,Sujaya_Rao_Vaccinium_corymbosum_USA_2015C
Sujaya_Rao_Vaccinium_corymbosum_USA_2015,blueberry_or_40_0,44.573122,-123.197929,Vaccinium corymbosum,USA,1.623461828,0.835329365,0.929802956,0.455185185,129759.9612,0,709169.2139,641.0821228,1184744.744,926.0242157,0,0,0,1118744.583,3143985.608,C,Sujaya_Rao_Vaccinium_corymbosum_USA_2015C
Sujaya_Rao_Vaccinium_corymbosum_USA_2015,blueberry_or_40_50,44.573122,-123.197929,Vaccinium corymbosum,USA,1.413070906,0.652142326,1.134920635,0.601370851,129759.9612,0,709169.2139,641.0821228,1184744.744,926.0242157,0,0,0,1118744.583,3143985.608,C,Sujaya_Rao_Vaccinium_corymbosum_USA_2015C
Sujaya_Rao_Vaccinium_corymbosum_USA_2015,blueberry_or_40_100,44.573122,-123.197929,Vaccinium corymbosum,USA,1.091730137,0.672291667,1.064967382,0.405371047,129759.9612,0,709169.2139,641.0821228,1184744.744,926.0242157,0,0,0,1118744.583,3143985.608,C,Sujaya_Rao_Vaccinium_corymbosum_USA_2015C
Taylor_Ricketts_Coffea_arabica_Costa_Rica_2001,1,9.285667,-83.618111,Coffea arabica,Costa Rica,70.41481475,NA,0.730906428,0,61429.67076,1568.994385,284515.9217,8605.38489,2758932.57,0,0,0,0,7248.158272,3122300.7,A,Taylor_Ricketts_Coffea_arabica_Costa_Rica_2001A
Taylor_Ricketts_Coffea_arabica_Costa_Rica_2001,2,9.288396,-83.613785,Coffea arabica,Costa Rica,64.44192588,NA,0.692793581,0,58253.66999,1568.994385,646038.3939,13127.64878,2348226.115,0,0,0,0,55086.42087,3122301.243,A,Taylor_Ricketts_Coffea_arabica_Costa_Rica_2001A
Taylor_Ricketts_Coffea_arabica_Costa_Rica_2001,3,9.292118,-83.621686,Coffea arabica,Costa Rica,55.08873571,NA,0.72498204,0,13434.67052,1568.994385,468918.0733,14373.05832,2504524.205,1078.67263,0,0,0,118410.0839,3122307.758,A,Taylor_Ricketts_Coffea_arabica_Costa_Rica_2001A
Taylor_Ricketts_Coffea_arabica_Costa_Rica_2001,4,9.295252,-83.616465,Coffea arabica,Costa Rica,50.09737907,NA,0.727433761,0,2992.24085,1667.053772,498538.7191,6275.847122,2210840.815,0,0,0,0,401983.9694,3122298.645,A,Taylor_Ricketts_Coffea_arabica_Costa_Rica_2001A
Taylor_Ricketts_Coffea_arabica_Costa_Rica_2001,5,9.301815,-83.623206,Coffea arabica,Costa Rica,53.14786082,NA,0.691751654,0,238.4129133,98.05825806,478295.6661,26374.66692,2088754.386,2255.328178,0,0,0,526289.3087,3122305.827,A,Taylor_Ricketts_Coffea_arabica_Costa_Rica_2001A
Taylor_Ricketts_Coffea_arabica_Costa_Rica_2001,6,9.301283,-83.620722,Coffea arabica,Costa Rica,61.45958871,NA,0.696669336,0,0,98.05825806,378549.8697,2406.073594,2165917.08,184.1947437,0,0,0,575153.6254,3122308.901,A,Taylor_Ricketts_Coffea_arabica_Costa_Rica_2001A
Taylor_Ricketts_Coffea_arabica_Costa_Rica_2001,7,9.302392,-83.615328,Coffea arabica,Costa Rica,46.06315094,NA,0.624749399,0,0,98.05938721,290029.8959,6275.832321,2078252.2,0,0,0,0,747648.6456,3122304.634,A,Taylor_Ricketts_Coffea_arabica_Costa_Rica_2001A
Taylor_Ricketts_Coffea_arabica_Costa_Rica_2001,8,9.304047,-83.614881,Coffea arabica,Costa Rica,47.74682756,NA,0.726023105,0,0,98.05938721,229341.8921,5785.529709,2080540.336,0,0,0,0,806535.5855,3122301.402,A,Taylor_Ricketts_Coffea_arabica_Costa_Rica_2001A
Taylor_Ricketts_Coffea_arabica_Costa_Rica_2001,9,9.308208,-83.617788,Coffea arabica,Costa Rica,51.87013342,NA,0.654137381,0,2059.17041,0,204942.6195,5792.252488,2042423.531,196.1132584,0,0,0,866896.9103,3122310.597,A,Taylor_Ricketts_Coffea_arabica_Costa_Rica_2001A
Taylor_Ricketts_Coffea_arabica_Costa_Rica_2001,10,9.308319,-83.613738,Coffea arabica,Costa Rica,39.91842936,NA,0.614576655,0,2059.17041,0,123999.7346,2843.625328,2192297.824,0,0,0,0,801103.1199,3122303.475,A,Taylor_Ricketts_Coffea_arabica_Costa_Rica_2001A
Taylor_Ricketts_Coffea_arabica_Costa_Rica_2001,11,9.312708,-83.613464,Coffea arabica,Costa Rica,50.69067799,NA,0.700543867,0,2059.17041,0,248553.1508,2451.391853,2245046.061,0,0,0,0,624202.4348,3122312.209,A,Taylor_Ricketts_Coffea_arabica_Costa_Rica_2001A
Taylor_Ricketts_Coffea_arabica_Costa_Rica_2001,12,9.315532,-83.614395,Coffea arabica,Costa Rica,36.22385321,NA,0.611671594,0,3988.717128,0,469517.2582,2451.391853,2158320.859,0,0,0,0,488032.4859,3122310.712,A,Taylor_Ricketts_Coffea_arabica_Costa_Rica_2001A
Theresa_PittsSinger_Prunus_dulcis_USA_2013,almond_ca_1_0,37.695845,-120.716,Prunus dulcis,USA,0.266752317,NA,28.4,0,13402.37209,1895.846466,268225.0574,1974.795647,2845555.083,0,0,0,0,7819.988594,3138873.143,C,Theresa_PittsSinger_Prunus_dulcis_USA_2013C
Theresa_PittsSinger_Prunus_dulcis_USA_2013,almond_ca_1_10,37.695845,-120.716,Prunus dulcis,USA,0.415117816,NA,29.4,0,13402.37209,1895.846466,268225.0574,1974.795647,2845555.083,0,0,0,0,7819.988594,3138873.143,C,Theresa_PittsSinger_Prunus_dulcis_USA_2013C
Theresa_PittsSinger_Prunus_dulcis_USA_2013,almond_ca_1_30,37.695845,-120.716,Prunus dulcis,USA,0.238272043,NA,18.6,0,13402.37209,1895.846466,268225.0574,1974.795647,2845555.083,0,0,0,0,7819.988594,3138873.143,C,Theresa_PittsSinger_Prunus_dulcis_USA_2013C
Theresa_PittsSinger_Prunus_dulcis_USA_2013,almond_ca_1_40,37.695845,-120.716,Prunus dulcis,USA,0.379411143,NA,19.6,0,13402.37209,1895.846466,268225.0574,1974.795647,2845555.083,0,0,0,0,7819.988594,3138873.143,C,Theresa_PittsSinger_Prunus_dulcis_USA_2013C
Theresa_PittsSinger_Prunus_dulcis_USA_2013,almond_ca_1_60,37.695845,-120.716,Prunus dulcis,USA,0.442969639,NA,32.4,0,13402.37209,1895.846466,268225.0574,1974.795647,2845555.083,0,0,0,0,7819.988594,3138873.143,C,Theresa_PittsSinger_Prunus_dulcis_USA_2013C
Theresa_PittsSinger_Prunus_dulcis_USA_2013,almond_ca_2_0,37.685523,-120.724129,Prunus dulcis,USA,0.01509434,NA,0.8,0,6784.719016,1295.042616,1375892.725,14474.23128,1582615.936,43547.29086,0,0,0,113866.8446,3138476.788,C,Theresa_PittsSinger_Prunus_dulcis_USA_2013C
Theresa_PittsSinger_Prunus_dulcis_USA_2013,almond_ca_2_10,37.685523,-120.724129,Prunus dulcis,USA,0.292661005,NA,31.2,0,6784.719016,1295.042616,1375892.725,14474.23128,1582615.936,43547.29086,0,0,0,113866.8446,3138476.788,C,Theresa_PittsSinger_Prunus_dulcis_USA_2013C
Theresa_PittsSinger_Prunus_dulcis_USA_2013,almond_ca_2_30,37.685523,-120.724129,Prunus dulcis,USA,0.392672151,NA,43.2,0,6784.719016,1295.042616,1375892.725,14474.23128,1582615.936,43547.29086,0,0,0,113866.8446,3138476.788,C,Theresa_PittsSinger_Prunus_dulcis_USA_2013C
Theresa_PittsSinger_Prunus_dulcis_USA_2013,almond_ca_2_40,37.685523,-120.724129,Prunus dulcis,USA,0.396452196,NA,36.8,0,6784.719016,1295.042616,1375892.725,14474.23128,1582615.936,43547.29086,0,0,0,113866.8446,3138476.788,C,Theresa_PittsSinger_Prunus_dulcis_USA_2013C
Theresa_PittsSinger_Prunus_dulcis_USA_2013,almond_ca_2_60,37.685523,-120.724129,Prunus dulcis,USA,0.374173085,NA,35,0,6784.719016,1295.042616,1375892.725,14474.23128,1582615.936,43547.29086,0,0,0,113866.8446,3138476.788,C,Theresa_PittsSinger_Prunus_dulcis_USA_2013C
Theresa_PittsSinger_Prunus_dulcis_USA_2013,almond_ca_3_0,37.460809,-120.803922,Prunus dulcis,USA,0.16178874,NA,43.4,0,366489.8148,39593.68731,555979.4279,59807.38844,1785091.866,0,0,0,0,331475.9937,3138438.178,B,Theresa_PittsSinger_Prunus_dulcis_USA_2013B
Theresa_PittsSinger_Prunus_dulcis_USA_2013,almond_ca_3_10,37.460809,-120.803922,Prunus dulcis,USA,0.203007901,NA,49.6,0,366489.8148,39593.68731,555979.4279,59807.38844,1785091.866,0,0,0,0,331475.9937,3138438.178,B,Theresa_PittsSinger_Prunus_dulcis_USA_2013B
Theresa_PittsSinger_Prunus_dulcis_USA_2013,almond_ca_3_30,37.460809,-120.803922,Prunus dulcis,USA,0.203782071,NA,38,0,366489.8148,39593.68731,555979.4279,59807.38844,1785091.866,0,0,0,0,331475.9937,3138438.178,B,Theresa_PittsSinger_Prunus_dulcis_USA_2013B
Theresa_PittsSinger_Prunus_dulcis_USA_2013,almond_ca_3_40,37.460809,-120.803922,Prunus dulcis,USA,0.213195452,NA,49.4,0,366489.8148,39593.68731,555979.4279,59807.38844,1785091.866,0,0,0,0,331475.9937,3138438.178,B,Theresa_PittsSinger_Prunus_dulcis_USA_2013B
Theresa_PittsSinger_Prunus_dulcis_USA_2013,almond_ca_3_60,37.460809,-120.803922,Prunus dulcis,USA,0.397663473,NA,59.4,0,366489.8148,39593.68731,555979.4279,59807.38844,1785091.866,0,0,0,0,331475.9937,3138438.178,B,Theresa_PittsSinger_Prunus_dulcis_USA_2013B
Theresa_PittsSinger_Prunus_dulcis_USA_2013,almond_ca_4_0,37.448479,-120.539598,Prunus dulcis,USA,0.444717904,NA,29.4,0,69920.02034,6419.39563,763661.4941,109920.3531,742970.757,8241.970428,0,0,0,1437452.645,3138586.635,B,Theresa_PittsSinger_Prunus_dulcis_USA_2013B
Theresa_PittsSinger_Prunus_dulcis_USA_2013,almond_ca_4_10,37.448479,-120.539598,Prunus dulcis,USA,0.861333463,NA,45.4,0,69920.02034,6419.39563,763661.4941,109920.3531,742970.757,8241.970428,0,0,0,1437452.645,3138586.635,B,Theresa_PittsSinger_Prunus_dulcis_USA_2013B
Theresa_PittsSinger_Prunus_dulcis_USA_2013,almond_ca_4_30,37.448479,-120.539598,Prunus dulcis,USA,0.585373071,NA,23.2,0,69920.02034,6419.39563,763661.4941,109920.3531,742970.757,8241.970428,0,0,0,1437452.645,3138586.635,B,Theresa_PittsSinger_Prunus_dulcis_USA_2013B
Theresa_PittsSinger_Prunus_dulcis_USA_2013,almond_ca_4_40,37.448479,-120.539598,Prunus dulcis,USA,0.595013741,NA,32.4,0,69920.02034,6419.39563,763661.4941,109920.3531,742970.757,8241.970428,0,0,0,1437452.645,3138586.635,B,Theresa_PittsSinger_Prunus_dulcis_USA_2013B
Theresa_PittsSinger_Prunus_dulcis_USA_2013,almond_ca_4_60,37.448479,-120.539598,Prunus dulcis,USA,0.600883547,NA,22,0,69920.02034,6419.39563,763661.4941,109920.3531,742970.757,8241.970428,0,0,0,1437452.645,3138586.635,B,Theresa_PittsSinger_Prunus_dulcis_USA_2013B
Theresa_PittsSinger_Prunus_dulcis_USA_2014,almond_ca_5_0,37.4596,-120.55501,Prunus dulcis,USA,0.378279453,NA,33.4,0,5162.117692,1901.756142,493086.2661,14713.07164,1844428.705,3169.34523,0,0,0,775812.3668,3138273.628,B,Theresa_PittsSinger_Prunus_dulcis_USA_2014B
Theresa_PittsSinger_Prunus_dulcis_USA_2014,almond_ca_5_10,37.4596,-120.55501,Prunus dulcis,USA,0.213727985,NA,21.2,0,5162.117692,1901.756142,493086.2661,14713.07164,1844428.705,3169.34523,0,0,0,775812.3668,3138273.628,B,Theresa_PittsSinger_Prunus_dulcis_USA_2014B
Theresa_PittsSinger_Prunus_dulcis_USA_2014,almond_ca_5_30,37.4596,-120.55501,Prunus dulcis,USA,0.310510244,NA,35,0,5162.117692,1901.756142,493086.2661,14713.07164,1844428.705,3169.34523,0,0,0,775812.3668,3138273.628,B,Theresa_PittsSinger_Prunus_dulcis_USA_2014B
Theresa_PittsSinger_Prunus_dulcis_USA_2014,almond_ca_5_40,37.4596,-120.55501,Prunus dulcis,USA,0.318576306,NA,36.6,0,5162.117692,1901.756142,493086.2661,14713.07164,1844428.705,3169.34523,0,0,0,775812.3668,3138273.628,B,Theresa_PittsSinger_Prunus_dulcis_USA_2014B
Theresa_PittsSinger_Prunus_dulcis_USA_2014,almond_ca_5_60,37.4596,-120.55501,Prunus dulcis,USA,0.299285656,NA,26.8,0,5162.117692,1901.756142,493086.2661,14713.07164,1844428.705,3169.34523,0,0,0,775812.3668,3138273.628,B,Theresa_PittsSinger_Prunus_dulcis_USA_2014B
Theresa_PittsSinger_Prunus_dulcis_USA_2014,almond_ca_1_0,37.695845,-120.716,Prunus dulcis,USA,0.330790987,NA,52.6,0,13402.37209,1895.846466,268225.0574,1974.795647,2845555.083,0,0,0,0,7819.988594,3138873.143,C,Theresa_PittsSinger_Prunus_dulcis_USA_2014C
Theresa_PittsSinger_Prunus_dulcis_USA_2014,almond_ca_1_10,37.695845,-120.716,Prunus dulcis,USA,0.37540827,NA,54.8,0,13402.37209,1895.846466,268225.0574,1974.795647,2845555.083,0,0,0,0,7819.988594,3138873.143,C,Theresa_PittsSinger_Prunus_dulcis_USA_2014C
Theresa_PittsSinger_Prunus_dulcis_USA_2014,almond_ca_1_30,37.695845,-120.716,Prunus dulcis,USA,0.287002546,NA,47,0,13402.37209,1895.846466,268225.0574,1974.795647,2845555.083,0,0,0,0,7819.988594,3138873.143,C,Theresa_PittsSinger_Prunus_dulcis_USA_2014C
Theresa_PittsSinger_Prunus_dulcis_USA_2014,almond_ca_1_40,37.695845,-120.716,Prunus dulcis,USA,0.343313475,NA,44.8,0,13402.37209,1895.846466,268225.0574,1974.795647,2845555.083,0,0,0,0,7819.988594,3138873.143,C,Theresa_PittsSinger_Prunus_dulcis_USA_2014C
Theresa_PittsSinger_Prunus_dulcis_USA_2014,almond_ca_1_60,37.695845,-120.716,Prunus dulcis,USA,0.327738313,NA,45,0,13402.37209,1895.846466,268225.0574,1974.795647,2845555.083,0,0,0,0,7819.988594,3138873.143,C,Theresa_PittsSinger_Prunus_dulcis_USA_2014C
Theresa_PittsSinger_Prunus_dulcis_USA_2014,almond_ca_7_0,37.69945,-120.71524,Prunus dulcis,USA,0.391042343,NA,66.8,0,12933.06517,1974.835571,210858.4151,1974.795647,2900455.486,0,0,0,0,10379.55402,3138576.152,C,Theresa_PittsSinger_Prunus_dulcis_USA_2014C
Theresa_PittsSinger_Prunus_dulcis_USA_2014,almond_ca_7_10,37.69945,-120.71524,Prunus dulcis,USA,0.44063969,NA,91.8,0,12933.06517,1974.835571,210858.4151,1974.795647,2900455.486,0,0,0,0,10379.55402,3138576.152,C,Theresa_PittsSinger_Prunus_dulcis_USA_2014C
Theresa_PittsSinger_Prunus_dulcis_USA_2014,almond_ca_7_30,37.69945,-120.71524,Prunus dulcis,USA,0.380314421,NA,59.2,0,12933.06517,1974.835571,210858.4151,1974.795647,2900455.486,0,0,0,0,10379.55402,3138576.152,C,Theresa_PittsSinger_Prunus_dulcis_USA_2014C
Theresa_PittsSinger_Prunus_dulcis_USA_2014,almond_ca_7_40,37.69945,-120.71524,Prunus dulcis,USA,0.282704581,NA,38.8,0,12933.06517,1974.835571,210858.4151,1974.795647,2900455.486,0,0,0,0,10379.55402,3138576.152,C,Theresa_PittsSinger_Prunus_dulcis_USA_2014C
Theresa_PittsSinger_Prunus_dulcis_USA_2014,almond_ca_7_60,37.69945,-120.71524,Prunus dulcis,USA,0.383387014,NA,49.2,0,12933.06517,1974.835571,210858.4151,1974.795647,2900455.486,0,0,0,0,10379.55402,3138576.152,C,Theresa_PittsSinger_Prunus_dulcis_USA_2014C
Timothy_Weekers_Malus_domestica_France_2019,Aire - A6,43.629206,4.175109,Malus domestica,France,20000,NA,0,0,72305.32953,85237.61718,1444661.654,2098.453018,120051.8205,64223.9723,0,0,723.6055832,1354359.197,3143661.649,C,Timothy_Weekers_Malus_domestica_France_2019C
Timothy_Weekers_Malus_domestica_France_2019,GAEC Croix du Merle,45.309581,1.425855,Malus domestica,France,35500,NA,0,0,33689.11272,0,678280.0164,20957.76792,2299071.676,9564.823929,0,0,0,102835.4769,3144398.874,C,Timothy_Weekers_Malus_domestica_France_2019C
Timothy_Weekers_Malus_domestica_France_2019,GAEC Rochette,45.254742,1.519952,Malus domestica,France,85000,NA,0,0,32300.10792,0,1168123.178,0,1815583.76,0,0,0,0,129151.5203,3145158.566,C,Timothy_Weekers_Malus_domestica_France_2019C
Timothy_Weekers_Malus_domestica_France_2019,Labarthe,44.087743,1.278694,Malus domestica,France,91000,NA,0,0,21724.52048,0,565068.6898,143.6407166,1007045.53,128100.6102,0,0,0,1422192.312,3144275.303,C,Timothy_Weekers_Malus_domestica_France_2019C
Timothy_Weekers_Malus_domestica_France_2019,Mauguio,43.630292,4.031917,Malus domestica,France,44000,NA,0,0,111698.856,118745.465,674568.7609,3762.33284,822960.9355,0,0,0,0,1411919.984,3143656.335,C,Timothy_Weekers_Malus_domestica_France_2019C
Timothy_Weekers_Malus_domestica_France_2019,Raxol,44.086896,1.292512,Malus domestica,France,39000,NA,0,0,57960.54536,0,812046.7008,0,975375.6171,23900.13806,0,0,0,1274870.842,3144153.843,C,Timothy_Weekers_Malus_domestica_France_2019C
Timothy_Weekers_Malus_domestica_Morocco_2019,Draa1,32.2284,-4.71162,Malus domestica,Morocco,41600,NA,0,0,26379.33025,83969.78306,173870.4343,1931719.143,66452.34286,10071.79662,0,0,0,842115.4597,3134578.29,B,Timothy_Weekers_Malus_domestica_Morocco_2019B
Timothy_Weekers_Malus_domestica_Morocco_2019,Draa2,32.2287,-4.70587,Malus domestica,Morocco,15000,NA,0,0,30972.33436,103947.1057,221586.2553,1620838.703,85152.86256,7632.600546,0,0,0,1064466.949,3134596.81,B,Timothy_Weekers_Malus_domestica_Morocco_2019B
Timothy_Weekers_Malus_domestica_Morocco_2019,Fes1,33.6151,-4.77529,Malus domestica,Morocco,55000,NA,0,0,0,108114.7481,607999.0512,24578.79914,47510.05739,166.1318207,0,0,0,2346660.118,3135028.905,C,Timothy_Weekers_Malus_domestica_Morocco_2019C
Timothy_Weekers_Malus_domestica_Morocco_2019,Fes2,33.6701,-4.86728,Malus domestica,Morocco,33000,NA,0,0,2988.272873,181185.995,1320227.902,57751.43483,167966.182,0,0,0,0,1404819.539,3134939.325,C,Timothy_Weekers_Malus_domestica_Morocco_2019C
Timothy_Weekers_Malus_domestica_Netherlands_2019,Cothen,51.990638,5.281485,Malus domestica,Netherlands,53570,NA,0,0,63824.00787,0,1910284.476,0,491824.7446,13.7844385,0,0,123.3360443,684718.5917,3150788.94,C,Timothy_Weekers_Malus_domestica_Netherlands_2019C
Timothy_Weekers_Malus_domestica_Netherlands_2019,Gino Bio,51.263354,4.034682,Malus domestica,Netherlands,35000,NA,0,0,495728.1092,0,814013.2022,1002.472225,116126.0365,4700.215435,0,0,1441.119801,1717540.247,3150551.402,C,Timothy_Weekers_Malus_domestica_Netherlands_2019C
Timothy_Weekers_Malus_domestica_Netherlands_2019,Gino Conv,51.271286,4.029028,Malus domestica,Netherlands,40000,NA,0,0,515732.0238,0,977034.1249,1002.472225,141690.287,2694.081757,0,0,1814.823909,1510507.2,3150475.013,C,Timothy_Weekers_Malus_domestica_Netherlands_2019C
Timothy_Weekers_Malus_domestica_Netherlands_2019,Kerk-Avezaath,51.9119,5.376983,Malus domestica,Netherlands,58000,NA,0,0,70614.57962,0,1560102.689,0,587209.4637,2348.207092,0,0,0,930855.0666,3151130.006,C,Timothy_Weekers_Malus_domestica_Netherlands_2019C
Timothy_Weekers_Malus_domestica_Spain_2019,Corbins,41.681277,0.665965,Malus domestica,Spain,69230,NA,0,0,15414.15987,23582.98307,607943.9771,1044.829018,1202376.47,0,0,0,0,1291695.135,3142057.554,C,Timothy_Weekers_Malus_domestica_Spain_2019C
Timothy_Weekers_Malus_domestica_Spain_2019,Mas de Roc,38.647347,-0.4925,Malus domestica,Spain,19500,NA,0,0,132026.2441,359629.3977,1219986.43,168537.0618,822381.7947,7642.14518,0,0,0,428261.3321,3138464.405,C,Timothy_Weekers_Malus_domestica_Spain_2019C
Timothy_Weekers_Malus_domestica_Spain_2019,Pedret i Marza,42.315072,3.067672,Malus domestica,Spain,15000,NA,0,0,170301.4677,229118.0148,1070764.437,3103.627144,299926.0895,0,0,0,0,1369207.822,3142421.458,C,Timothy_Weekers_Malus_domestica_Spain_2019C
Timothy_Weekers_Malus_domestica_Spain_2019,Pepe Ferrandiz,38.670607,-0.843458,Malus domestica,Spain,24000,NA,0,0,27617.04211,291338.8968,585137.2426,55488.0731,207024.6006,0,0,0,0,1972456.472,3139062.327,C,Timothy_Weekers_Malus_domestica_Spain_2019C
Timothy_Weekers_Malus_domestica_Spain_2019,Rossello,41.715106,0.609352,Malus domestica,Spain,27330,NA,0,0,354035.2655,9547.450381,353027.2845,7736.794398,966210.5175,3865.617122,0,0,0,1446778.445,3141201.374,C,Timothy_Weekers_Malus_domestica_Spain_2019C
Timothy_Weekers_Malus_domestica_Spain_2019,St. Pere Pescador,42.204345,3.086478,Malus domestica,Spain,43340,NA,0,0,59139.18533,690808.3834,1135171.243,4575.874056,67440.22029,0,0,0,362255.0632,822302.3139,3141692.283,C,Timothy_Weekers_Malus_domestica_Spain_2019C
Timothy_Weekers_Malus_domestica_UK_2019,UK FarmA,51.139115,0.485916,Malus domestica,UK,0,NA,0,0,42476.68419,0,1285302.055,0,1240171.34,0,0,0,0,582144.9515,3150095.031,C,Timothy_Weekers_Malus_domestica_UK_2019C
Timothy_Weekers_Malus_domestica_UK_2019,UK FarmB,51.12383,0.484012,Malus domestica,UK,32000,NA,0,0,12513.71681,0,1227422.679,0,1498013.553,4899.05463,0,0,0,407173.1243,3150022.128,C,Timothy_Weekers_Malus_domestica_UK_2019C
Violeta_Hevia_Helianthus_annuus_Spain_2017,Plot1,39.85625,-2.372972222,Helianthus annuus,Spain,513.71,NA,4.36,0,59457.35236,32816.57947,975848.4145,6287.147713,72721.53418,0,0,0,0,1993581.979,3140713.007,C,Violeta_Hevia_Helianthus_annuus_Spain_2017C
Violeta_Hevia_Helianthus_annuus_Spain_2017,Plot2,39.84447222,-2.40925,Helianthus annuus,Spain,582.64,NA,4.64,0,34410.48285,3878.536197,164640.9571,1537.575665,204779.215,76.68480682,0,0,0,2731396.611,3140720.062,C,Violeta_Hevia_Helianthus_annuus_Spain_2017C
Violeta_Hevia_Helianthus_annuus_Spain_2017,Plot3,39.83119444,-2.390444444,Helianthus annuus,Spain,512.9,NA,4.48,0,0,0,226646.3114,0,3593.866446,0,0,0,0,2910455.686,3140695.864,C,Violeta_Hevia_Helianthus_annuus_Spain_2017C
Violeta_Hevia_Helianthus_annuus_Spain_2017,Plot4,39.82516667,-2.369944444,Helianthus annuus,Spain,747.88,280.07,3.52,1.35,0,1227.240204,98468.9429,613.6720352,0,0,0,0,0,3040388.642,3140698.497,C,Violeta_Hevia_Helianthus_annuus_Spain_2017C
Violeta_Hevia_Helianthus_annuus_Spain_2017,Plot5,39.83241667,-2.365805556,Helianthus annuus,Spain,658.87,530.65,4.61,3.46,90840.03243,18070.18253,322563.3643,61947.37832,34421.8159,0,0,0,0,2612868.798,3140711.572,C,Violeta_Hevia_Helianthus_annuus_Spain_2017C
Violeta_Hevia_Helianthus_annuus_Spain_2017,Plot6,39.83575,-2.346472222,Helianthus annuus,Spain,639.1,473.5,3.62,2.88,153.399826,13449.51374,803469.1073,1303.789223,189074.5415,0,0,0,0,2133067.716,3140518.068,C,Violeta_Hevia_Helianthus_annuus_Spain_2017C
Violeta_Hevia_Helianthus_annuus_Spain_2017,Plot7,39.82086111,-2.415777778,Helianthus annuus,Spain,595.74,531.67,5.37,5.17,0,3222.054756,250652.3104,2685.045372,843.8994827,0,0,0,0,2883319.296,3140722.606,C,Violeta_Hevia_Helianthus_annuus_Spain_2017C
Violeta_Hevia_Helianthus_annuus_Spain_2017,Plot8,39.82825,-2.436333333,Helianthus annuus,Spain,987.32,NA,5.21,0,0,920.4010925,299663.6715,306.8458405,31151.7744,0,0,0,0,2808114.416,3140157.109,C,Violeta_Hevia_Helianthus_annuus_Spain_2017C
Violeta_Hevia_Helianthus_annuus_Spain_2017,Plot9,39.83338889,-2.382694444,Helianthus annuus,Spain,483.27,341.57,4.73,2.98,0,584.6741876,192106.3244,0,0,0,0,0,0,2948025.857,3140716.856,C,Violeta_Hevia_Helianthus_annuus_Spain_2017C
Virginie_Boreux_Coffea_canephora_India_2008,13,12.13271,75.99983,Coffea canephora,India,44.66960725,NA,95.28183281,0,12014.36344,0,441447.5248,0,2196699.531,97.1678009,0,0,0,472861.5561,3123120.143,A,Virginie_Boreux_Coffea_canephora_India_2008A
Virginie_Boreux_Coffea_canephora_India_2008,16,12.12848,75.98927,Coffea canephora,India,45.03917221,NA,74.42673567,0,3252.754672,0,406474.1227,291.5182037,2136039.072,0,0,0,0,576984.4699,3123041.938,A,Virginie_Boreux_Coffea_canephora_India_2008A
Virginie_Boreux_Coffea_canephora_India_2008,18,12.13937,75.9564,Coffea canephora,India,37.58028715,NA,100,0,11174.27415,0,446789.0889,0,2384043.007,2720.632111,0,0,0,278322.3866,3123049.389,A,Virginie_Boreux_Coffea_canephora_India_2008A
Virginie_Boreux_Coffea_canephora_India_2008,20,12.16691,75.97461,Coffea canephora,India,41.78742422,NA,91.46539992,0,24888.17353,0,385995.6071,2106.949558,2477611.982,4954.988907,0,0,0,227601.5425,3123159.244,A,Virginie_Boreux_Coffea_canephora_India_2008A
Virginie_Boreux_Coffea_canephora_India_2008,27,12.22384,75.96174,Coffea canephora,India,54.65372352,NA,100,0,9075.280453,0,206685.2676,971.3720627,2880483.664,9616.68605,0,0,0,16319.20534,3123151.476,A,Virginie_Boreux_Coffea_canephora_India_2008A
Virginie_Boreux_Coffea_canephora_India_2008,28,12.08721,75.93929,Coffea canephora,India,23.22045584,NA,87.29681314,0,58991.81495,0,497324.2987,485.9318237,2194106.856,0,0,0,0,372211.8817,3123120.783,A,Virginie_Boreux_Coffea_canephora_India_2008A
Virginie_Boreux_Coffea_canephora_India_2008,46,12.09618,75.94219,Coffea canephora,India,32.78547663,NA,84.18204168,0,14092.12266,97.18067932,881013.3264,485.9088058,1859189.093,680.2728119,0,0,0,367583.5081,3123141.413,A,Virginie_Boreux_Coffea_canephora_India_2008A
Virginie_Boreux_Coffea_canephora_India_2008,53,12.09439,75.99122,Coffea canephora,India,31.94642014,NA,0,0,11176.01751,0,289343.9024,0,2485952.103,0,0,0,0,336557.9257,3123029.949,A,Virginie_Boreux_Coffea_canephora_India_2008A
Virginie_Boreux_Coffea_canephora_India_2008,54,12.08687,75.99807,Coffea canephora,India,37.45433339,NA,90.52543262,0,10102.32993,0,716687.3063,1360.596771,1755710.274,2040.879532,0,0,97.18729401,637121.8704,3123120.444,A,Virginie_Boreux_Coffea_canephora_India_2008A
Virginie_Boreux_Coffea_canephora_India_2008,55,12.0969,75.98143,Coffea canephora,India,47.22824288,NA,93.68122996,0,13596.80591,0,345777.2072,777.459549,2246898.8,0,0,0,0,516090.971,3123141.243,A,Virginie_Boreux_Coffea_canephora_India_2008A
Virginie_Boreux_Coffea_canephora_India_2008,58,12.0866,75.95695,Coffea canephora,India,30.18760489,NA,87.33733842,0,16910.33923,0,784381.5161,583.0994568,1874930.635,0,0,0,0,446266.1149,3123071.705,A,Virginie_Boreux_Coffea_canephora_India_2008A
Virginie_Boreux_Coffea_canephora_India_2008,66,12.06364,75.98713,Coffea canephora,India,17.24687453,NA,83.34823098,0,16459.74954,0,377464.4948,97.1920929,2509802.968,583.1761093,0,0,0,218716.5127,3123124.093,A,Virginie_Boreux_Coffea_canephora_India_2008A
Virginie_Boreux_Coffea_canephora_India_2008,87,12.12342,75.95517,Coffea canephora,India,22.05051703,NA,88.68818788,0,10105.83772,0,420047.5034,485.8593216,2360174.702,485.8628006,0,0,0,331845.9887,3123145.754,A,Virginie_Boreux_Coffea_canephora_India_2008A
Virginie_Boreux_Coffea_canephora_India_2008,89,12.12076,75.98086,Coffea canephora,India,28.86352666,NA,97.1675419,0,9203.601318,0,283713.3112,97.17306519,2385512.637,0,0,0,0,444606.34,3123133.063,A,Virginie_Boreux_Coffea_canephora_India_2008A
Virginie_Boreux_Coffea_canephora_India_2008,102,12.12463,75.96705,Coffea canephora,India,52.37671732,NA,100,0,4761.447418,0,416248.5682,485.8593216,2277189.56,485.8628006,0,0,0,423915.7007,3123086.998,A,Virginie_Boreux_Coffea_canephora_India_2008A
Virginie_Boreux_Coffea_canephora_India_2008,124,12.151,75.96645,Coffea canephora,India,30.79651423,NA,100,0,3983.648804,0,234202.9111,97.1631012,2590561.063,1748.884056,0,0,0,292557.5161,3123151.186,A,Virginie_Boreux_Coffea_canephora_India_2008A
Virginie_Boreux_Coffea_canephora_India_2008,140,12.16162,75.98124,Coffea canephora,India,27.80918587,NA,53.85418939,0,8931.420828,0,462134.4106,582.9650421,1976743.335,5149.302673,0,0,0,669552.6698,3123094.104,A,Virginie_Boreux_Coffea_canephora_India_2008A
Virginie_Boreux_Coffea_canephora_India_2008,162,12.14244,75.93395,Coffea canephora,India,32.61350788,NA,84.4113855,0,163938.5131,0,546261.9713,1263.529409,1994478.423,0,0,0,0,417143.5371,3123085.974,A,Virginie_Boreux_Coffea_canephora_India_2008A
Virginie_Boreux_Coffea_canephora_India_2008,176,12.17895,76.00022,Coffea canephora,India,29.12134319,NA,88.84680027,0,10589.68902,0,255365.0638,1748.730515,2771496.184,403.4605011,0,0,0,83524.85544,3123127.983,A,Virginie_Boreux_Coffea_canephora_India_2008A
Virginie_Boreux_Coffea_canephora_India_2008,185,12.08321,76.01609,Coffea canephora,India,40.11586468,NA,88.88437987,0,53696.16007,0,354814.9131,2915.668991,2172908.76,113.9593593,0,0,0,538659.2552,3123108.717,A,Virginie_Boreux_Coffea_canephora_India_2008A
Virginie_Boreux_Coffea_canephora_India_2008,216,12.17054,75.85494,Coffea canephora,India,43.44916949,NA,94.58943107,0,12514.40739,0,471485.5573,0,2450138.427,0,0,0,0,188952.9873,3123091.379,A,Virginie_Boreux_Coffea_canephora_India_2008A
Virginie_Boreux_Coffea_canephora_India_2008,220,12.15252,76.01904,Coffea canephora,India,50.86384529,NA,84.41741333,0,17528.39372,0,161209.4129,481.2345102,2788084.902,97.16077423,0,0,0,155667.5343,3123068.638,A,Virginie_Boreux_Coffea_canephora_India_2008A
Virginie_Boreux_Coffea_canephora_India_2008,222,12.14360107,76.03206338,Coffea canephora,India,48.02211234,NA,100,0,8453.417213,0,427491.2134,1068.820564,2266613.124,582.9861145,0,0,0,418926.0377,3123135.599,A,Virginie_Boreux_Coffea_canephora_India_2008A
Virginie_Boreux_Coffea_canephora_India_2008,245,12.1484,76.00171,Coffea canephora,India,46.9964612,NA,0,0,8064.575684,0,248618.8821,1554.616287,2245353.855,680.137764,0,0,0,618813.9672,3123086.034,A,Virginie_Boreux_Coffea_canephora_India_2008A
Virginie_Boreux_Coffea_canephora_India_2008,247,12.0767,75.95676,Coffea canephora,India,50.96037201,NA,96.54729412,0,11176.71262,0,345059.8865,97.18837738,2411430.185,0,0,0,0,355352.8099,3123116.783,A,Virginie_Boreux_Coffea_canephora_India_2008A
Virginie_Boreux_Coffea_canephora_India_2008,251,12.03658,75.97446,Coffea canephora,India,24.99376407,NA,93.79417115,0,60552.21985,0,206901.1996,291.6149826,2802699.867,0,0,0,0,52575.44268,3123020.344,A,Virginie_Boreux_Coffea_canephora_India_2008A
Virginie_Boreux_Coffea_canephora_India_2008,252,12.03082,76.00204,Coffea canephora,India,33.39154031,NA,73.06757384,0,3888.18792,0,186295.3715,0,2898673.564,874.8546295,0,0,0,33315.47377,3123047.452,A,Virginie_Boreux_Coffea_canephora_India_2008A
Virginie_Boreux_Coffea_canephora_India_2008,255,12.1623,75.94164,Coffea canephora,India,48.2854729,NA,93.88284246,0,163961.5477,0,154648.6205,0,2751492.278,0,0,0,0,52944.98447,3123047.43,A,Virginie_Boreux_Coffea_canephora_India_2008A
Virginie_Boreux_Coffea_canephora_India_2008,257,12.17546,75.96359,Coffea canephora,India,45.04785193,NA,94.2845801,0,36710.63288,0,217350.4939,1748.789658,2805965.34,1749.905389,0,0,0,59565.49444,3123090.656,A,Virginie_Boreux_Coffea_canephora_India_2008A
Virginie_Boreux_Coffea_canephora_India_2008,262,12.11183,75.9624,Coffea canephora,India,34.86819609,NA,98.83859893,0,12362.85049,0,372235.3749,971.7610321,2409567.292,0,0,0,0,327922.7068,3123059.985,A,Virginie_Boreux_Coffea_canephora_India_2008A
Virginie_Boreux_Coffea_canephora_India_2008,263,12.10691,75.982,Coffea canephora,India,55.0531996,NA,81.03839576,0,24832.74592,0,256186.8315,194.3611298,2663071.26,2526.617638,0,0,0,176240.9552,3123052.771,A,Virginie_Boreux_Coffea_canephora_India_2008A
Virginie_Boreux_Coffea_canephora_India_2008,264,12.10652,76.00268,Coffea canephora,India,42.04777697,NA,0,0,22739.88997,0,239811.4005,291.5312653,2706323.673,583.0813522,0,0,0,153383.0739,3123132.65,A,Virginie_Boreux_Coffea_canephora_India_2008A
Virginie_Boreux_Coffea_canephora_India_2008,265,12.10752,76.01521,Coffea canephora,India,33.54094748,NA,87.68159227,0,15585.96617,0,423156.4344,291.5319977,2129450.844,0,0,0,0,554640.3044,3123125.081,A,Virginie_Boreux_Coffea_canephora_India_2008A
Virginie_Boreux_Coffea_canephora_India_2008,268,12.05073,76.03168,Coffea canephora,India,49.46826593,NA,93.17177107,0,8942.245636,0,223622.7071,97.19672394,2851474.509,1457.972305,0,0,0,37421.29004,3123015.921,A,Virginie_Boreux_Coffea_canephora_India_2008A
Virginie_Boreux_Coffea_canephora_India_2008,269,12.04399,76.03727,Coffea canephora,India,49.33629811,NA,89.1727121,0,8650.921577,0,144634.871,0,2866210.429,13414.05876,0,0,0,90113.78077,3123024.061,A,Virginie_Boreux_Coffea_canephora_India_2008A
Virginie_Boreux_Coffea_canephora_India_2008,274,12.12954,75.89961,Coffea canephora,India,42.67770713,NA,100,0,2834.720957,0,613793.3791,212.6310127,2381850.557,0,0,0,0,124429.6125,3123120.9,A,Virginie_Boreux_Coffea_canephora_India_2008A
Virginie_Boreux_Coffea_canephora_India_2008,276,12.093,75.88341,Coffea canephora,India,36.05848842,NA,93.73169598,0,10273.54883,0,153236.8464,291.5503769,2958445.36,0,0,0,0,874.6514053,3123121.957,A,Virginie_Boreux_Coffea_canephora_India_2008A
Virginie_Boreux_Coffea_canephora_India_2008,279,12.12697,75.84016,Coffea canephora,India,34.06475097,NA,87.21369187,0,5247.248543,0,145968.1257,0,2782899.749,0,0,0,0,189037.381,3123152.504,A,Virginie_Boreux_Coffea_canephora_India_2008A
Virginie_Boreux_Coffea_canephora_India_2008,280,12.13562,75.8466,Coffea canephora,India,24.59204078,NA,87.31993727,0,8939.478264,0,301824.1801,0,2624108.58,0,0,0,0,188187.5964,3123059.834,A,Virginie_Boreux_Coffea_canephora_India_2008A
Virginie_Boreux_Coffea_canephora_India_2008,284,12.14246,75.88369,Coffea canephora,India,40.12416894,NA,85.57391475,0,9716.604233,0,394178.4563,5149.777428,2571020.174,0,0,0,0,143019.5635,3123084.576,A,Virginie_Boreux_Coffea_canephora_India_2008A
Virginie_Boreux_Coffea_canephora_India_2008,285,12.15478,75.88855,Coffea canephora,India,53.65774665,NA,97.43548179,0,7189.878326,0,527546.822,1263.080887,2338800.307,874.438179,0,0,0,247388.4965,3123063.023,A,Virginie_Boreux_Coffea_canephora_India_2008A
Virginie_Boreux_Coffea_canephora_India_2008,286,12.16218,75.88353,Coffea canephora,India,20.42352767,NA,0,0,14981.85719,0,521803.5279,2040.341362,2378753.519,874.438179,0,0,0,204652.6593,3123106.343,A,Virginie_Boreux_Coffea_canephora_India_2008A
Virginie_Boreux_Coffea_canephora_India_2008,287,12.17958,75.87492,Coffea canephora,India,42.23314607,NA,0,0,12840.22524,0,281109.4946,0,2739790.654,291.4570923,0,0,0,89096.184,3123128.015,A,Virginie_Boreux_Coffea_canephora_India_2008A
Virginie_Boreux_Coffea_canephora_India_2008,293,12.15285,76.03595,Coffea canephora,India,43.85927927,NA,92.21451516,0,8326.58848,0,59601.60416,680.1483765,2979141.162,680.1463089,0,0,0,74708.7555,3123138.405,A,Virginie_Boreux_Coffea_canephora_India_2008A
Virginie_Boreux_Coffea_canephora_India_2008,296,12.21809,75.97126,Coffea canephora,India,30.23861235,NA,0,0,5458.098863,0,272040.2064,194.2762451,2709329.39,6206.991102,0,0,0,129870.9779,3123099.941,A,Virginie_Boreux_Coffea_canephora_India_2008A
Virginie_Boreux_Coffea_canephora_India_2008,298,12.20358,75.96136,Coffea canephora,India,50.48457337,NA,0,0,28949.01797,0,98836.68701,1171.085846,2968768.502,1508.202702,0,0,0,23831.32134,3123064.817,A,Virginie_Boreux_Coffea_canephora_India_2008A
Virginie_Boreux_Coffea_canephora_India_2008,300,12.12461,76.03326,Coffea canephora,India,56.59313689,NA,95.26881495,0,9134.136078,0,261060.7812,163.097412,2457932.467,0,0,0,0,394792.5799,3123083.061,A,Virginie_Boreux_Coffea_canephora_India_2008A
Virginie_Boreux_Coffea_canephora_India_2008,301,12.10207,76.05144,Coffea canephora,India,27.4783154,NA,82.72259379,0,13410.88797,0,118898.9336,0,2940139.588,47619.25997,0,0,0,3012.534843,3123081.204,A,Virginie_Boreux_Coffea_canephora_India_2008A
Virginie_Boreux_Coffea_canephora_India_2008,302,12.09915,76.03733,Coffea canephora,India,42.03694908,NA,100,0,10056.98933,0,218412.4499,291.5422363,2753917.797,3012.636856,0,0,0,137360.9263,3123052.341,A,Virginie_Boreux_Coffea_canephora_India_2008A
Virginie_Boreux_Coffea_canephora_India_2008,304,12.07993,76.05161,Coffea canephora,India,28.55657359,NA,87.2475047,0,15647.3821,0,52099.90333,583.1225891,3033903.622,0,0,0,0,20895.55826,3123129.589,A,Virginie_Boreux_Coffea_canephora_India_2008A
Virginie_Boreux_Coffea_canephora_India_2008,310,12.08157,75.91412,Coffea canephora,India,25.11973383,NA,89.4302986,0,1058.031908,0,171931.2599,0,2938241.363,0,0,0,0,11857.08266,3123087.737,A,Virginie_Boreux_Coffea_canephora_India_2008A
Virginie_Boreux_Coffea_canephora_India_2008,315,12.23448,75.99284,Coffea canephora,India,46.88683185,NA,93.08627626,0,2039.786438,0,328611.2975,194.2634735,2751036.203,2525.48494,0,0,0,38658.90752,3123065.943,A,Virginie_Boreux_Coffea_canephora_India_2008A
Virginie_Boreux_Coffea_canephora_India_2008,323,12.06652,76.00134,Coffea canephora,India,27.4858208,NA,0,0,9368.973868,1555.112793,410416.1414,291.5810089,2371309.034,0,0,0,0,330098.7102,3123039.553,A,Virginie_Boreux_Coffea_canephora_India_2008A
Virginie_Boreux_Coffea_canephora_India_2008,324,12.03018,75.95947,Coffea canephora,India,26.6972594,NA,82.90070108,0,19515.13801,0,265841.8264,291.6197205,2787589.783,486.0194778,0,0,0,49295.97496,3123020.361,A,Virginie_Boreux_Coffea_canephora_India_2008A
Virginie_Boreux_Coffea_canephora_India_2008,325,12.05929,75.96036,Coffea canephora,India,46.09360125,NA,93.49629219,0,8758.305866,0,353585.0352,0,2712474.949,0,0,0,0,48273.95614,3123092.246,A,Virginie_Boreux_Coffea_canephora_India_2008A
Virginie_Boreux_Coffea_canephora_India_2008,326,12.06041,75.94049,Coffea canephora,India,48.93317042,NA,94.22072195,0,14318.51864,0,82306.80442,97.19447327,2958905.846,3984.927231,0,0,0,63423.18305,3123036.474,A,Virginie_Boreux_Coffea_canephora_India_2008A
Virginie_Boreux_Coffea_canephora_India_2008,3,12.19488,75.96737,Coffea canephora,India,34.72106938,NA,95.36112758,0,19832.9817,0,212763.6172,971.4697571,2801718.241,2525.846489,0,0,0,85295.41078,3123107.567,A,Virginie_Boreux_Coffea_canephora_India_2008A
Virginie_Boreux_Coffea_canephora_India_2008,24,12.20427,76.00118,Coffea canephora,India,43.62740195,NA,0,0,5342.951126,0,184244.8339,388.5787354,2851493.188,12822.78145,0,0,0,68875.78561,3123168.119,A,Virginie_Boreux_Coffea_canephora_India_2008A
Virginie_Boreux_Coffea_canephora_India_2008,40,12.16661,75.98935,Coffea canephora,India,18.30504326,NA,64.05513034,0,11658.88488,0,351840.2014,0,2410532.279,485.7813339,0,0,0,348643.283,3123160.43,A,Virginie_Boreux_Coffea_canephora_India_2008A
Virginie_Boreux_Coffea_canephora_India_2008,56,12.09296,75.94892,Coffea canephora,India,27.67925485,NA,74.77931747,0,15452.3537,97.18067932,704277.6044,0,2145480.989,0,0,0,0,257719.0054,3123027.133,A,Virginie_Boreux_Coffea_canephora_India_2008A
Virginie_Boreux_Coffea_canephora_India_2008,57,12.10259,75.9608,Coffea canephora,India,36.92646495,NA,95.44068541,0,11058.52486,0,633488.3883,0,1815788.976,3206.961746,0,0,0,659546.5635,3123089.415,A,Virginie_Boreux_Coffea_canephora_India_2008A
Virginie_Boreux_Coffea_canephora_India_2008,68,12.1065,76.04474,Coffea canephora,India,45.2705747,NA,84.31912274,0,6786.474231,0,74072.99684,0,3020108.644,692.8333707,0,0,0,21476.52912,3123137.477,A,Virginie_Boreux_Coffea_canephora_India_2008A
Virginie_Boreux_Coffea_canephora_India_2008,71,12.10106,75.91777,Coffea canephora,India,18.41479821,NA,66.60419003,0,5539.188957,0,167385.9694,194.3556519,2832307.409,0,0,0,0,117628.0797,3123055.002,A,Virginie_Boreux_Coffea_canephora_India_2008A
Virginie_Boreux_Coffea_canephora_India_2008,86,12.13133,75.94381,Coffea canephora,India,44.61643684,NA,87.67683866,0,158752.2726,0,415979.6299,0,2305905.575,0,0,0,0,242421.0408,3123058.518,A,Virginie_Boreux_Coffea_canephora_India_2008A
Virginie_Boreux_Coffea_canephora_India_2008,101,12.11649,75.95213,Coffea canephora,India,54.85150172,NA,95.65703589,0,6057.176954,0,408561.2634,485.8841019,2272263.931,0,0,0,0,435685.8624,3123054.118,A,Virginie_Boreux_Coffea_canephora_India_2008A
Virginie_Boreux_Coffea_canephora_India_2008,106,12.13792,75.97337,Coffea canephora,India,26.08271051,NA,99.81774542,0,1928.875522,0,350776.3726,291.49823,2177351.434,0,0,0,0,592803.5535,3123151.734,A,Virginie_Boreux_Coffea_canephora_India_2008A
Virginie_Boreux_Coffea_canephora_India_2008,132,12.12199,75.995,Coffea canephora,India,42.37194693,NA,97.0962705,0,9435.317044,0,375715.5651,291.5182037,2212181.108,0,0,0,0,525442.544,3123066.053,A,Virginie_Boreux_Coffea_canephora_India_2008A
Virginie_Boreux_Coffea_canephora_India_2008,136,12.12285,76.01025,Coffea canephora,India,38.51713369,NA,89.967853,0,18146.50184,0,373888.0661,97.17204285,1939544.128,5441.664894,0,0,0,785999.6745,3123117.208,A,Virginie_Boreux_Coffea_canephora_India_2008A
Virginie_Boreux_Coffea_canephora_India_2008,137,12.15767,75.99537,Coffea canephora,India,30.8232832,NA,60.02292602,0,10066.953,0,253313.1904,874.4640884,2347826.063,874.4620285,0,0,0,510162.0358,3123117.169,A,Virginie_Boreux_Coffea_canephora_India_2008A
Virginie_Boreux_Coffea_canephora_India_2008,145,12.18925,75.94999,Coffea canephora,India,44.54834127,NA,90.16989937,0,21511.09746,0,201684.2781,2137.274178,2870882.669,97.14738464,0,0,0,26761.77284,3123074.239,A,Virginie_Boreux_Coffea_canephora_India_2008A
Virginie_Boreux_Coffea_canephora_India_2008,158,12.11707,76.03761,Coffea canephora,India,40.43490261,NA,100,0,6024.776596,0,79896.8288,0,2985789.486,0,0,0,0,51345.89368,3123056.985,A,Virginie_Boreux_Coffea_canephora_India_2008A
Virginie_Boreux_Coffea_canephora_India_2008,160,12.11627,75.89841,Coffea canephora,India,31.72013075,NA,89.13154809,0,971.7525406,0,682675.0002,0,2343263.013,0,0,0,0,96239.83024,3123149.596,A,Virginie_Boreux_Coffea_canephora_India_2008A
Virginie_Boreux_Coffea_canephora_India_2008,161,12.14007,75.92155,Coffea canephora,India,41.04070577,NA,100,0,50460.44369,0,662681.5849,777.3387375,2058733.222,3109.364769,0,0,0,347351.4567,3123113.41,A,Virginie_Boreux_Coffea_canephora_India_2008A
Virginie_Boreux_Coffea_canephora_India_2008,163,12.12586,75.88473,Coffea canephora,India,38.80545899,NA,100,0,6915.277921,0,808364.6947,97.17108917,2232491.213,0,0,0,0,75228.60604,3123096.962,A,Virginie_Boreux_Coffea_canephora_India_2008A
Virginie_Boreux_Coffea_canephora_India_2008,172,12.11501,76.05771,Coffea canephora,India,29.12134319,NA,88.84680027,0,22139.50487,0,235158.9855,0,2587759.191,1166.086212,0,0,0,276928.3524,3123152.12,A,Virginie_Boreux_Coffea_canephora_India_2008A
Virginie_Boreux_Coffea_canephora_India_2008,189,12.05091,76.01729,Coffea canephora,India,29.68842681,NA,0,0,6373.525148,0,240933.6663,0,2734516.155,2138.356979,0,0,0,139094.8872,3123056.59,A,Virginie_Boreux_Coffea_canephora_India_2008A
Virginie_Boreux_Coffea_canephora_India_2008,204,12.16755,75.90507,Coffea canephora,India,33.40491462,NA,86.48548619,0,9571.516295,0,195089.1832,291.4684296,2796312.982,194.3151093,0,0,0,121663.899,3123123.364,A,Virginie_Boreux_Coffea_canephora_India_2008A
Virginie_Boreux_Coffea_canephora_India_2008,210,12.14717,75.85339,Coffea canephora,India,29.8366628,NA,79.88973869,0,10299.41774,0,593207.0825,0,2216229.664,0,0,0,0,303414.6198,3123150.784,A,Virginie_Boreux_Coffea_canephora_India_2008A
Virginie_Boreux_Coffea_canephora_India_2008,211,12.14442,75.87275,Coffea canephora,India,41.73508632,NA,83.95427137,0,332.647237,0,818518.4542,2331.94812,2084664.126,0,0,0,0,217301.5269,3123148.702,A,Virginie_Boreux_Coffea_canephora_India_2008A
Virginie_Boreux_Coffea_canephora_India_2008,217,12.17708,75.98556,Coffea canephora,India,29.15011606,NA,59.69873843,0,22636.80386,0,204214.0728,380.996628,2785566.233,0,0,0,0,110254.9499,3123053.057,A,Virginie_Boreux_Coffea_canephora_India_2008A
Virginie_Boreux_Coffea_canephora_India_2008,239,12.12252,75.93295,Coffea canephora,India,41.67933494,NA,87.22884495,0,35875.55215,0,396671.3739,0,2163094.699,0,0,0,0,527471.7244,3123113.35,A,Virginie_Boreux_Coffea_canephora_India_2008A
Virginie_Boreux_Coffea_canephora_India_2008,241,12.11232,75.9246,Coffea canephora,India,41.91789913,NA,0,0,14767.1424,0,541583.0553,194.3556519,1821044.385,0,0,0,0,745508.1392,3123097.077,A,Virginie_Boreux_Coffea_canephora_India_2008A
Virginie_Boreux_Coffea_canephora_India_2008,242,12.14865,75.95451,Coffea canephora,India,36.11477336,NA,97.15483048,0,57589.58303,0,380470.3475,97.1631012,2513732.866,4566.688202,0,0,0,166668.8266,3123125.474,A,Virginie_Boreux_Coffea_canephora_India_2008A
Virginie_Boreux_Coffea_canephora_India_2008,243,12.14794,75.97679,Coffea canephora,India,46.08372918,NA,100,0,22347.43124,0,229620.9066,291.49823,1981964.191,0,0,0,0,888830.7284,3123054.756,A,Virginie_Boreux_Coffea_canephora_India_2008A
Virginie_Boreux_Coffea_canephora_India_2008,248,12.07951,75.96998,Coffea canephora,India,0,NA,0,0,5248.154655,0,769866.8556,291.5576019,1677102.059,0,0,0,0,670545.7387,3123054.365,A,Virginie_Boreux_Coffea_canephora_India_2008A
Virginie_Boreux_Coffea_canephora_India_2008,250,12.04704,75.98184,Coffea canephora,India,18.54156897,NA,84.9421285,0,11001.77966,0,415903.9784,97.19792938,2501827.023,2138.44899,0,0,0,192146.4764,3123114.904,A,Virginie_Boreux_Coffea_canephora_India_2008A
Virginie_Boreux_Coffea_canephora_India_2008,253,12.05029,75.95965,Coffea canephora,India,34.0980301,NA,0,0,7003.236233,0,271841.822,0,2790238.277,291.6011047,0,0,0,53750.43304,3123125.369,A,Virginie_Boreux_Coffea_canephora_India_2008A
Virginie_Boreux_Coffea_canephora_India_2008,254,12.07024,75.94326,Coffea canephora,India,46.83279427,NA,71.80497106,0,23358.75669,0,361993.7001,3304.452477,2500280.497,1360.691383,0,0,0,232780.4121,3123078.509,A,Virginie_Boreux_Coffea_canephora_India_2008A
Virginie_Boreux_Coffea_canephora_India_2008,256,12.16873,75.95134,Coffea canephora,India,41.48730559,NA,86.90342055,0,12396.38674,0,233183.1297,0,2698496.187,0,0,0,0,179084.8031,3123160.506,A,Virginie_Boreux_Coffea_canephora_India_2008A
Virginie_Boreux_Coffea_canephora_India_2008,258,12.17703,75.97501,Coffea canephora,India,26.62780376,NA,52.56997026,0,41781.62824,0,411304.7799,3983.344635,2476044.415,4457.676568,0,0,0,185587.6941,3123159.538,A,Virginie_Boreux_Coffea_canephora_India_2008A
Virginie_Boreux_Coffea_canephora_India_2008,259,12.18527,75.99048,Coffea canephora,India,26.68262836,NA,55.52349143,0,14572.71455,0,529668.7913,1070.179018,2469271.011,2914.464882,0,0,0,105643.7136,3123140.874,A,Virginie_Boreux_Coffea_canephora_India_2008A
Virginie_Boreux_Coffea_canephora_India_2008,260,12.16478,76.01082,Coffea canephora,India,28.911402,NA,67.76843717,0,5661.079953,0,37076.44385,485.7910919,3053436.184,291.4746628,0,0,0,26176.66599,3123127.639,A,Virginie_Boreux_Coffea_canephora_India_2008A
Virginie_Boreux_Coffea_canephora_India_2008,267,12.06852,76.02216,Coffea canephora,India,44.3049866,NA,92.95050448,0,7722.759038,0,307406.1808,0,2594111.359,194.3837738,0,0,0,213656.8438,3123091.526,A,Virginie_Boreux_Coffea_canephora_India_2008A
Virginie_Boreux_Coffea_canephora_India_2008,275,12.11266,75.88337,Coffea canephora,India,41.07943926,NA,94.51984532,0,15159.434,0,688575.0389,0,2301931.251,0,0,0,0,117438.4916,3123104.215,A,Virginie_Boreux_Coffea_canephora_India_2008A
Virginie_Boreux_Coffea_canephora_India_2008,277,12.09936,75.86623,Coffea canephora,India,36.05848842,NA,93.73169598,0,10980.06773,0,243451.9597,0,2835459.855,0,0,0,0,33199.23409,3123091.117,A,Virginie_Boreux_Coffea_canephora_India_2008A
Virginie_Boreux_Coffea_canephora_India_2008,278,12.1209,75.85062,Coffea canephora,India,44.07010034,NA,93.92810208,0,7871.117523,0,171133.0634,0,2925154.106,0,0,0,0,18916.41772,3123074.705,A,Virginie_Boreux_Coffea_canephora_India_2008A
Virginie_Boreux_Coffea_canephora_India_2008,281,12.12918,75.87018,Coffea canephora,India,0,NA,0,0,4440.526411,0,490550.3621,97.17108917,2561000.16,0,0,0,0,67000.98259,3123089.202,A,Virginie_Boreux_Coffea_canephora_India_2008A
Virginie_Boreux_Coffea_canephora_India_2008,283,12.15083,75.90022,Coffea canephora,India,37.27643221,NA,90.57760569,0,12048.21365,0,742081.8455,0,2004398.984,0,0,0,0,364631.3213,3123160.364,A,Virginie_Boreux_Coffea_canephora_India_2008A
Virginie_Boreux_Coffea_canephora_India_2008,288,12.15134,75.84526,Coffea canephora,India,36.18157393,NA,91.32510272,0,10056.13204,0,347691.6714,0,2555234.248,0,0,0,0,210071.1423,3123053.194,A,Virginie_Boreux_Coffea_canephora_India_2008A
Virginie_Boreux_Coffea_canephora_India_2008,289,12.16715,75.84547,Coffea canephora,India,27.92721519,NA,89.27273791,0,33263.13762,0,612238.5932,0,2220830.928,0,0,0,0,256718.2854,3123050.944,A,Virginie_Boreux_Coffea_canephora_India_2008A
Virginie_Boreux_Coffea_canephora_India_2008,291,12.14718,76.044,Coffea canephora,India,28.34365678,NA,83.89317021,0,9036.385201,0,111647.7697,777.3145142,2945707.015,582.9861145,0,0,0,55362.63078,3123114.102,A,Virginie_Boreux_Coffea_canephora_India_2008A
Virginie_Boreux_Coffea_canephora_India_2008,303,12.07331,76.04135,Coffea canephora,India,44.58881062,NA,87.93213894,0,9816.232201,0,176269.725,194.3815765,2904073.652,129.9689616,0,0,0,32558.5048,3123042.465,A,Virginie_Boreux_Coffea_canephora_India_2008A
Virginie_Boreux_Coffea_canephora_India_2008,305,12.08138,76.02938,Coffea canephora,India,41.66545689,NA,86.0191503,0,22156.91505,0,229953.0024,388.7574463,2683785.443,194.3740845,0,0,0,186652.9172,3123131.409,A,Virginie_Boreux_Coffea_canephora_India_2008A
Virginie_Boreux_Coffea_canephora_India_2008,307,12.10727,75.94369,Coffea canephora,India,36.29635743,NA,92.5445318,0,4373.011627,97.18067932,901216.7174,291.5390091,1342911.963,0,0,0,0,874194.0675,3123084.479,A,Virginie_Boreux_Coffea_canephora_India_2008A
Virginie_Boreux_Coffea_canephora_India_2008,308,12.09169,75.93366,Coffea canephora,India,30.89975706,NA,94.69548509,0,30183.09153,0,304104.9091,388.7279358,2530130.126,680.2728119,0,0,0,257609.7299,3123096.858,A,Virginie_Boreux_Coffea_canephora_India_2008A
Virginie_Boreux_Coffea_canephora_India_2008,309,12.09988,75.9344,Coffea canephora,India,41.96263197,NA,91.43390161,0,3692.894524,0,548269.481,777.4478149,2130718.402,680.2728119,0,0,0,438937.1503,3123075.648,A,Virginie_Boreux_Coffea_canephora_India_2008A
Virginie_Boreux_Coffea_canephora_India_2008,311,12.08893,75.92179,Coffea canephora,India,42.24065129,NA,73.65127948,0,388.7437744,0,53767.48984,0,3055125.357,0,0,0,0,13741.48093,3123023.072,A,Virginie_Boreux_Coffea_canephora_India_2008A
Virginie_Boreux_Coffea_canephora_India_2008,316,12.22511,75.97862,Coffea canephora,India,35.49219969,NA,87.50300223,0,4274.053261,0,187048.3797,485.6863174,2823343.405,2428.453087,0,0,0,105597.6343,3123177.612,A,Virginie_Boreux_Coffea_canephora_India_2008A
Virginie_Boreux_Coffea_canephora_India_2008,319,12.03459,75.92731,Coffea canephora,India,29.46755402,NA,86.45816784,0,7290.320892,0,86914.5617,0,3006506.549,583.2354355,0,0,0,21773.35698,3123068.024,A,Virginie_Boreux_Coffea_canephora_India_2008A
Virginie_Boreux_Coffea_canephora_India_2008,320,12.03111,75.94846,Coffea canephora,India,35.97587323,NA,81.65605701,0,5043.562896,0,153960.664,97.20651245,2950062.358,486.0194778,0,0,0,13472.50818,3123122.319,A,Virginie_Boreux_Coffea_canephora_India_2008A
Virginie_Boreux_Coffea_canephora_India_2008,321,12.05162,75.99432,Coffea canephora,India,28.50776831,NA,88.75095619,0,5054.322594,0,358668.3881,97.19792938,2413920.076,680.3741989,0,0,0,344668.5459,3123088.905,A,Virginie_Boreux_Coffea_canephora_India_2008A
Virginie_Boreux_Coffea_canephora_India_2008,327,12.06086,75.9226,Coffea canephora,India,30.8586654,NA,91.11513451,0,11763.97937,0,147183.0948,97.19297791,2891209.625,0,0,0,0,72798.43506,3123052.327,A,Virginie_Boreux_Coffea_canephora_India_2008A
Virginie_Boreux_Malus_domestica_Germany_2015,bio1,47.73681046,9.323031619,Malus domestica,Germany,12.5,1.156069364,0,0,87580.69262,0,1026687.574,7672.902152,739917.9338,0,0,0,0,1285629.935,3147489.038,C,Virginie_Boreux_Malus_domestica_Germany_2015C
Virginie_Boreux_Malus_domestica_Germany_2015,bio2,47.67685848,9.410471152,Malus domestica,Germany,1.052631579,0,0,0,576321.4065,0,1168277.069,67.38267517,1260447.65,923.55141,0,0,0,140297.0136,3146334.074,C,Virginie_Boreux_Malus_domestica_Germany_2015C
Virginie_Boreux_Malus_domestica_Germany_2015,bio3,47.69602146,9.460799811,Malus domestica,Germany,0,0.787401575,0,0,39638.03898,0,922370.6069,0,2160526.52,606.0476761,0,0,0,24331.93755,3147473.152,C,Virginie_Boreux_Malus_domestica_Germany_2015C
Virginie_Boreux_Malus_domestica_Germany_2015,bio4,47.78678508,9.4963802,Malus domestica,Germany,3.418803419,1.796407186,0,0,88667.05596,0,1163487.37,238.8382089,926660.4796,0,0,0,0,967597.6569,3146651.401,C,Virginie_Boreux_Malus_domestica_Germany_2015C
Virginie_Boreux_Malus_domestica_Germany_2015,bio5,47.76769664,9.442508102,Malus domestica,Germany,1.041666667,2.678571429,0,0,98569.22415,0,1205176.891,0,1096782.796,1076.013977,0,0,0,745917.0686,3147521.993,C,Virginie_Boreux_Malus_domestica_Germany_2015C
Virginie_Boreux_Malus_domestica_Germany_2015,bio6,47.76792844,9.489567821,Malus domestica,Germany,2.222222222,0,0,0,68313.60891,0,1358019.255,0,874414.0339,0,0,0,0,846783.1234,3147530.021,C,Virginie_Boreux_Malus_domestica_Germany_2015C
Virginie_Boreux_Malus_domestica_Germany_2015,bio7,47.81217751,9.158243035,Malus domestica,Germany,20,2.586206897,0,0,242079.0143,0,440872.5162,0,1725586.126,67.20581055,0,0,0,738946.1643,3147551.027,C,Virginie_Boreux_Malus_domestica_Germany_2015C
Virginie_Boreux_Malus_domestica_Germany_2015,bio8,47.80427186,9.221602816,Malus domestica,Germany,24.44444444,2.631578947,0,0,118108.5618,0,1010187.127,0,961967.6528,6923.454376,0,0,0,1050365.263,3147552.059,C,Virginie_Boreux_Malus_domestica_Germany_2015C
Virginie_Boreux_Malus_domestica_Germany_2015,bio9,47.72761707,9.575338186,Malus domestica,Germany,0,NA,0,0,96962.37809,0,786149.2806,403.845726,1823835.739,336.5577316,0,0,0,439807.0382,3147494.839,C,Virginie_Boreux_Malus_domestica_Germany_2015C
Virginie_Boreux_Malus_domestica_Germany_2015,bio10,47.66734598,9.546809465,Malus domestica,Germany,1.162790698,0,0,0,325798.5301,0,1163968.181,68.17932632,1013534.772,0,0,0,0,643999.6959,3147369.359,C,Virginie_Boreux_Malus_domestica_Germany_2015C
Virginie_Boreux_Malus_domestica_Germany_2015,bio11,47.62748924,9.59320545,Malus domestica,Germany,6.976744186,3,0,0,49198.30273,0,1042755.89,0,1611741.578,35530.77116,0,0,0,407898.4708,3147125.013,C,Virginie_Boreux_Malus_domestica_Germany_2015C
Virginie_Boreux_Malus_domestica_Germany_2015,bio12,47.60604469,9.550427763,Malus domestica,Germany,0,NA,0,0,585771.0114,0,1247742.39,0,1014483.363,0,0,0,0,299379.4375,3147376.201,C,Virginie_Boreux_Malus_domestica_Germany_2015C
Virginie_Boreux_Malus_domestica_Germany_2015,bio13,47.63754232,9.64284256,Malus domestica,Germany,4.47761194,0.613496933,0,0,254884.8094,0,1306467.506,471.9452438,1203640.935,8360.862885,0,0,0,372447.5709,3146273.629,C,Virginie_Boreux_Malus_domestica_Germany_2015C
Virginie_Boreux_Malus_domestica_Germany_2015,bio14,47.82845376,8.982884049,Malus domestica,Germany,5.223880597,1.298701299,0,0,86647.00519,0,952634.0857,8933.398178,1241288.843,940.6350174,0,0,0,857133.2329,3147577.2,C,Virginie_Boreux_Malus_domestica_Germany_2015C
Virginie_Boreux_Malus_domestica_Germany_2015,bio15,47.82379722,9.037502091,Malus domestica,Germany,5.607476636,0,0,0,75349.57709,0,466690.9083,0,2407429.962,84794.31549,0,0,0,113308.1035,3147572.866,C,Virginie_Boreux_Malus_domestica_Germany_2015C
Virginie_Boreux_Malus_domestica_Germany_2015,ip1,47.83143025,8.974037319,Malus domestica,Germany,3.937007874,0,0,0,372838.5804,0,887283.2081,95918.5796,1009723.781,16994.54764,0,0,0,764226.452,3146985.149,C,Virginie_Boreux_Malus_domestica_Germany_2015C
Virginie_Boreux_Malus_domestica_Germany_2015,ip2,47.82967897,9.052791059,Malus domestica,Germany,20.68965517,0.833333333,0,0,173032.7553,0,324685.2993,201.5499115,1991788.102,0,0,0,0,657842.9173,3147550.623,C,Virginie_Boreux_Malus_domestica_Germany_2015C
Virginie_Boreux_Malus_domestica_Germany_2015,ip3,47.80398929,9.019164602,Malus domestica,Germany,7.339449541,2.564102564,0,0,251072.0084,0,804463.2684,1209.738152,1718568.619,40265.71039,0,0,0,331975.034,3147554.379,C,Virginie_Boreux_Malus_domestica_Germany_2015C
Virginie_Boreux_Malus_domestica_Germany_2015,ip4,47.7713315,9.248183074,Malus domestica,Germany,3.93258427,2.5,0,0,54157.18288,0,603342.0342,0,1974984.809,0,0,0,0,515041.1864,3147525.213,C,Virginie_Boreux_Malus_domestica_Germany_2015C
Virginie_Boreux_Malus_domestica_Germany_2015,ip5,47.70163279,9.352537873,Malus domestica,Germany,4.716981132,3.053435115,0,0,105944.1065,0,864408.2436,0,1658023.581,0,0,0,0,519103.1167,3147479.048,C,Virginie_Boreux_Malus_domestica_Germany_2015C
Virginie_Boreux_Malus_domestica_Germany_2015,ip6,47.7066223,9.410624797,Malus domestica,Germany,8.490566038,8.219178082,0,0,496983.9082,0,1265115.792,1077.337982,1147900.592,0,0,0,0,236404.053,3147481.683,C,Virginie_Boreux_Malus_domestica_Germany_2015C
Virginie_Boreux_Malus_domestica_Germany_2015,ip7,47.69033878,9.470930908,Malus domestica,Germany,1.041666667,2.459016393,0,0,340631.1017,0,1022327.148,1616.69416,1731072.799,465.7087507,0,0,0,51347.90869,3147461.36,C,Virginie_Boreux_Malus_domestica_Germany_2015C
Virginie_Boreux_Malus_domestica_Germany_2015,ip8,47.69763937,9.483085128,Malus domestica,Germany,4.464285714,0,0,0,439211.1108,0,1167236.107,0,1367141.077,0,0,0,0,173882.8867,3147471.181,C,Virginie_Boreux_Malus_domestica_Germany_2015C
Virginie_Boreux_Malus_domestica_Germany_2015,ip9,47.72985315,9.470005411,Malus domestica,Germany,0.909090909,0.714285714,0,0,535363.8944,0,1064049.781,4600.412685,972615.7778,1951.866676,0,0,67.3034668,568853.6472,3147502.683,C,Virginie_Boreux_Malus_domestica_Germany_2015C
Virginie_Boreux_Malus_domestica_Germany_2015,ip10,47.7147305,9.521120276,Malus domestica,Germany,8.888888889,1.754385965,0,0,175056.442,0,1731405.284,202.0053406,843070.6052,0,0,0,0,397734.4861,3147468.823,C,Virginie_Boreux_Malus_domestica_Germany_2015C
Virginie_Boreux_Malus_domestica_Germany_2015,ip11,47.75171786,9.533296923,Malus domestica,Germany,5.405405405,0.793650794,0,0,115445.7951,0,1250322.286,67.27628326,977382.7091,0,0,0,0,804277.2044,3147495.27,C,Virginie_Boreux_Malus_domestica_Germany_2015C
Virginie_Boreux_Malus_domestica_Germany_2015,ip12,47.78790024,9.241973614,Malus domestica,Germany,2.586206897,2.150537634,0,0,32788.90267,0,599146.8869,0,2075925.763,0,0,0,0,439663.0945,3147524.647,C,Virginie_Boreux_Malus_domestica_Germany_2015C
Virginie_Boreux_Malus_domestica_Germany_2015,ip13,47.79443037,9.574125838,Malus domestica,Germany,23.52941176,0.689655172,0,0,59740.59008,0,906277.6899,1142.74894,1475450.969,0,0,0,0,704281.1384,3146893.137,C,Virginie_Boreux_Malus_domestica_Germany_2015C
Virginie_Boreux_Malus_domestica_Germany_2015,ip14,47.60917637,9.561477582,Malus domestica,Germany,1.612903226,3.007518797,0,0,55659.04959,0,1036676.998,0,1778622.562,11547.29797,0,0,0,264889.7794,3147395.687,C,Virginie_Boreux_Malus_domestica_Germany_2015C
Virginie_Boreux_Malus_domestica_Germany_2015,ip15,47.62009874,9.590353719,Malus domestica,Germany,0,NA,0,0,87927.07676,0,1329751.752,0,1325753.264,33752.84131,0,0,0,370214.4425,3147399.377,C,Virginie_Boreux_Malus_domestica_Germany_2015C
Willis_Chan_Raine_Cucurbita_pepo_Canada_2017,1A,44.421129,-78.34625,Cucurbita pepo,Canada,29,NA,0,0,27961.2233,0,519723.7951,0,1826913.115,0,0,0,200899.8375,568068.7238,3143566.694,D,Willis_Chan_Raine_Cucurbita_pepo_Canada_2017D
Willis_Chan_Raine_Cucurbita_pepo_Canada_2017,1B,44.421129,-78.34625,Cucurbita pepo,Canada,26,NA,0,0,27961.2233,0,519723.7951,0,1826913.115,0,0,0,200899.8375,568068.7238,3143566.694,D,Willis_Chan_Raine_Cucurbita_pepo_Canada_2017D
Willis_Chan_Raine_Cucurbita_pepo_Canada_2017,1C,44.421129,-78.34625,Cucurbita pepo,Canada,40,NA,0,0,27961.2233,0,519723.7951,0,1826913.115,0,0,0,200899.8375,568068.7238,3143566.694,D,Willis_Chan_Raine_Cucurbita_pepo_Canada_2017D
Willis_Chan_Raine_Cucurbita_pepo_Canada_2017,2A,44.421129,-78.34625,Cucurbita pepo,Canada,11,NA,0,0,27961.2233,0,519723.7951,0,1826913.115,0,0,0,200899.8375,568068.7238,3143566.694,D,Willis_Chan_Raine_Cucurbita_pepo_Canada_2017D
Willis_Chan_Raine_Cucurbita_pepo_Canada_2017,2B,44.421129,-78.34625,Cucurbita pepo,Canada,25,NA,0,0,27961.2233,0,519723.7951,0,1826913.115,0,0,0,200899.8375,568068.7238,3143566.694,D,Willis_Chan_Raine_Cucurbita_pepo_Canada_2017D
Willis_Chan_Raine_Cucurbita_pepo_Canada_2017,2C,44.421129,-78.34625,Cucurbita pepo,Canada,45,NA,0,0,27961.2233,0,519723.7951,0,1826913.115,0,0,0,200899.8375,568068.7238,3143566.694,D,Willis_Chan_Raine_Cucurbita_pepo_Canada_2017D
Willis_Chan_Raine_Cucurbita_pepo_Canada_2017,3A,44.421129,-78.34625,Cucurbita pepo,Canada,10,NA,0,0,27961.2233,0,519723.7951,0,1826913.115,0,0,0,200899.8375,568068.7238,3143566.694,D,Willis_Chan_Raine_Cucurbita_pepo_Canada_2017D
Willis_Chan_Raine_Cucurbita_pepo_Canada_2017,3B,44.421129,-78.34625,Cucurbita pepo,Canada,30,NA,0,0,27961.2233,0,519723.7951,0,1826913.115,0,0,0,200899.8375,568068.7238,3143566.694,D,Willis_Chan_Raine_Cucurbita_pepo_Canada_2017D
Willis_Chan_Raine_Cucurbita_pepo_Canada_2017,3C,44.421129,-78.34625,Cucurbita pepo,Canada,38,NA,0,0,27961.2233,0,519723.7951,0,1826913.115,0,0,0,200899.8375,568068.7238,3143566.694,D,Willis_Chan_Raine_Cucurbita_pepo_Canada_2017D
Willis_Chan_Raine_Cucurbita_pepo_Canada_2017,4A,44.421129,-78.34625,Cucurbita pepo,Canada,28,NA,0,0,27961.2233,0,519723.7951,0,1826913.115,0,0,0,200899.8375,568068.7238,3143566.694,D,Willis_Chan_Raine_Cucurbita_pepo_Canada_2017D
Willis_Chan_Raine_Cucurbita_pepo_Canada_2017,4B,44.421129,-78.34625,Cucurbita pepo,Canada,32,NA,0,0,27961.2233,0,519723.7951,0,1826913.115,0,0,0,200899.8375,568068.7238,3143566.694,D,Willis_Chan_Raine_Cucurbita_pepo_Canada_2017D
Willis_Chan_Raine_Cucurbita_pepo_Canada_2017,4C,44.421129,-78.34625,Cucurbita pepo,Canada,32,NA,0,0,27961.2233,0,519723.7951,0,1826913.115,0,0,0,200899.8375,568068.7238,3143566.694,D,Willis_Chan_Raine_Cucurbita_pepo_Canada_2017D
Willis_Chan_Raine_Cucurbita_pepo_Canada_2018,1A,44.421129,-78.34625,Cucurbita pepo,Canada,35,NA,0,0,27961.2233,0,519723.7951,0,1826913.115,0,0,0,200899.8375,568068.7238,3143566.694,D,Willis_Chan_Raine_Cucurbita_pepo_Canada_2018D
Willis_Chan_Raine_Cucurbita_pepo_Canada_2018,1B,44.421129,-78.34625,Cucurbita pepo,Canada,45,NA,0,0,27961.2233,0,519723.7951,0,1826913.115,0,0,0,200899.8375,568068.7238,3143566.694,D,Willis_Chan_Raine_Cucurbita_pepo_Canada_2018D
Willis_Chan_Raine_Cucurbita_pepo_Canada_2018,1C,44.421129,-78.34625,Cucurbita pepo,Canada,48,NA,0,0,27961.2233,0,519723.7951,0,1826913.115,0,0,0,200899.8375,568068.7238,3143566.694,D,Willis_Chan_Raine_Cucurbita_pepo_Canada_2018D
Willis_Chan_Raine_Cucurbita_pepo_Canada_2018,2A,44.421129,-78.34625,Cucurbita pepo,Canada,34,NA,0,0,27961.2233,0,519723.7951,0,1826913.115,0,0,0,200899.8375,568068.7238,3143566.694,D,Willis_Chan_Raine_Cucurbita_pepo_Canada_2018D
Willis_Chan_Raine_Cucurbita_pepo_Canada_2018,2B,44.421129,-78.34625,Cucurbita pepo,Canada,44,NA,0,0,27961.2233,0,519723.7951,0,1826913.115,0,0,0,200899.8375,568068.7238,3143566.694,D,Willis_Chan_Raine_Cucurbita_pepo_Canada_2018D
Willis_Chan_Raine_Cucurbita_pepo_Canada_2018,2C,44.421129,-78.34625,Cucurbita pepo,Canada,43,NA,0,0,27961.2233,0,519723.7951,0,1826913.115,0,0,0,200899.8375,568068.7238,3143566.694,D,Willis_Chan_Raine_Cucurbita_pepo_Canada_2018D
Willis_Chan_Raine_Cucurbita_pepo_Canada_2018,3A,44.421129,-78.34625,Cucurbita pepo,Canada,31,NA,0,0,27961.2233,0,519723.7951,0,1826913.115,0,0,0,200899.8375,568068.7238,3143566.694,D,Willis_Chan_Raine_Cucurbita_pepo_Canada_2018D
Willis_Chan_Raine_Cucurbita_pepo_Canada_2018,3B,44.421129,-78.34625,Cucurbita pepo,Canada,40,NA,0,0,27961.2233,0,519723.7951,0,1826913.115,0,0,0,200899.8375,568068.7238,3143566.694,D,Willis_Chan_Raine_Cucurbita_pepo_Canada_2018D
Willis_Chan_Raine_Cucurbita_pepo_Canada_2018,3C,44.421129,-78.34625,Cucurbita pepo,Canada,41,NA,0,0,27961.2233,0,519723.7951,0,1826913.115,0,0,0,200899.8375,568068.7238,3143566.694,D,Willis_Chan_Raine_Cucurbita_pepo_Canada_2018D
Willis_Chan_Raine_Cucurbita_pepo_Canada_2018,4A,44.421129,-78.34625,Cucurbita pepo,Canada,25,NA,0,0,27961.2233,0,519723.7951,0,1826913.115,0,0,0,200899.8375,568068.7238,3143566.694,D,Willis_Chan_Raine_Cucurbita_pepo_Canada_2018D
Willis_Chan_Raine_Cucurbita_pepo_Canada_2018,4B,44.421129,-78.34625,Cucurbita pepo,Canada,21,NA,0,0,27961.2233,0,519723.7951,0,1826913.115,0,0,0,200899.8375,568068.7238,3143566.694,D,Willis_Chan_Raine_Cucurbita_pepo_Canada_2018D
Willis_Chan_Raine_Cucurbita_pepo_Canada_2018,4C,44.421129,-78.34625,Cucurbita pepo,Canada,38,NA,0,0,27961.2233,0,519723.7951,0,1826913.115,0,0,0,200899.8375,568068.7238,3143566.694,D,Willis_Chan_Raine_Cucurbita_pepo_Canada_2018D
Yael_Mandelik_Citrullus_lanatus_Israel_2009,1,31.61447899,34.83731511,Citrullus lanatus,Israel,0,NA,0,0,0,411621.2113,1638157.041,4688.947559,217508.5216,0,0,0,0,862142.5763,3134118.298,C,Yael_Mandelik_Citrullus_lanatus_Israel_2009C
Yael_Mandelik_Citrullus_lanatus_Israel_2009,2,31.62630496,34.83037899,Citrullus lanatus,Israel,0,NA,0,0,28667.24093,107514.7659,386022.9714,3650.250092,861515.8286,0,0,0,0,1746761.555,3134132.612,C,Yael_Mandelik_Citrullus_lanatus_Israel_2009C
Yael_Mandelik_Citrullus_lanatus_Israel_2009,3,31.6337029,34.81766158,Citrullus lanatus,Israel,0,NA,0,0,129664.1423,91782.67437,203360.0743,6843.244057,535810.0985,31027.29323,0,0,0,2135635.383,3134122.91,C,Yael_Mandelik_Citrullus_lanatus_Israel_2009C
Yael_Mandelik_Citrullus_lanatus_Israel_2009,4,31.64411993,34.82092207,Citrullus lanatus,Israel,0,NA,0,0,55009.76625,19775.35129,101048.2624,254.6408463,14598.99028,0,0,0,0,2943448.997,3134136.008,C,Yael_Mandelik_Citrullus_lanatus_Israel_2009C
Yael_Mandelik_Citrullus_lanatus_Israel_2009,5,31.65290603,34.81202465,Citrullus lanatus,Israel,0,NA,0,0,96881.09633,12126.81183,72365.49615,84.86175537,3899.953112,0,0,0,0,2948753.302,3134111.521,C,Yael_Mandelik_Citrullus_lanatus_Israel_2009C
Yael_Mandelik_Citrullus_lanatus_Israel_2009,6,31.65586916,34.86923793,Citrullus lanatus,Israel,0,NA,0,0,197442.0124,142745.1659,619457.2566,5160.517493,124238.2049,339.4571686,0,0,0,2044761.459,3134144.074,C,Yael_Mandelik_Citrullus_lanatus_Israel_2009C
Yael_Mandelik_Citrullus_lanatus_Israel_2009,7,31.65977867,34.85476311,Citrullus lanatus,Israel,0,NA,0,0,0,133601.3331,763827.7889,0,172881.1505,0,0,0,0,2063831.593,3134141.865,C,Yael_Mandelik_Citrullus_lanatus_Israel_2009C
Yael_Mandelik_Citrullus_lanatus_Israel_2009,8,31.66768817,34.8442682,Citrullus lanatus,Israel,0,NA,0,0,0,30274.88237,351464.7689,0,660.1828421,0,0,0,0,2751738.581,3134138.415,C,Yael_Mandelik_Citrullus_lanatus_Israel_2009C
Yael_Mandelik_Citrullus_lanatus_Israel_2009,9,31.71126041,34.83141325,Citrullus lanatus,Israel,0,NA,0,0,206756.506,75800.74523,197951.1001,22116.24092,409386.5947,282080.389,0,0,2459.572289,1937619.925,3134171.074,C,Yael_Mandelik_Citrullus_lanatus_Israel_2009C
Yael_Mandelik_Citrullus_lanatus_Israel_2009,10,31.81384499,34.92734196,Citrullus lanatus,Israel,0,NA,0,0,306428.9348,462712.6156,502763.5139,4405.643913,774583.5537,0,0,0,0,1083361.006,3134255.268,C,Yael_Mandelik_Citrullus_lanatus_Israel_2009C
Yael_Mandelik_Citrullus_lanatus_Israel_2009,11,31.81418997,34.91044815,Citrullus lanatus,Israel,0,NA,0,0,295772.8206,244394.0243,391779.0606,10519.00792,497533.5604,0,0,0,0,1694283.575,3134282.049,C,Yael_Mandelik_Citrullus_lanatus_Israel_2009C
Yael_Mandelik_Citrullus_lanatus_Israel_2009,12,31.82951029,34.97626545,Citrullus lanatus,Israel,0,NA,0,0,205380.1892,540986.0687,639553.1983,10758.108,474907.6613,0,0,0,0,1262683.453,3134268.678,C,Yael_Mandelik_Citrullus_lanatus_Israel_2009C
Yael_Mandelik_Citrullus_lanatus_Israel_2009,13,31.82989831,34.96285648,Citrullus lanatus,Israel,0,NA,0,0,291728.1049,226715.1577,683897.3263,3848.767605,464150.4854,0,0,0,0,1463955.78,3134295.621,C,Yael_Mandelik_Citrullus_lanatus_Israel_2009C
Yael_Mandelik_Citrullus_lanatus_Israel_2009,14,31.82991805,34.8717874,Citrullus lanatus,Israel,0,NA,0,0,167078.0871,60062.78462,168741.8624,9901.897658,274784.301,14829.23988,0,0,11780.46937,2427105.607,3134284.249,C,Yael_Mandelik_Citrullus_lanatus_Israel_2009C
Yael_Mandelik_Citrullus_lanatus_Israel_2009,15,31.84555025,34.95388939,Citrullus lanatus,Israel,0,NA,0,0,0,246902.4636,751227.2659,14300.11238,435887.6555,0,0,0,0,1685979.27,3134296.768,C,Yael_Mandelik_Citrullus_lanatus_Israel_2009C
Yael_Mandelik_Citrullus_lanatus_Israel_2009,16,31.85867655,34.97995233,Citrullus lanatus,Israel,0,NA,0,0,169344.537,102638.8021,378693.061,6111.581563,160345.8568,0,0,0,0,2317174.408,3134308.246,C,Yael_Mandelik_Citrullus_lanatus_Israel_2009C
Yael_Mandelik_Citrullus_lanatus_Israel_2009,17,31.8623046,34.96703071,Citrullus lanatus,Israel,0,NA,0,0,170307.2562,228693.1052,302404.6361,6059.956619,174932.4137,0,0,0,0,2251902.108,3134299.476,C,Yael_Mandelik_Citrullus_lanatus_Israel_2009C
Yael_Mandelik_Citrullus_lanatus_Israel_2010,1,31.60344105,34.88294454,Citrullus lanatus,Israel,0,NA,0,0,76077.50543,560391.0657,389191.078,3202.527348,1033712.132,1103.768471,0,0,0,1070436.254,3134114.331,C,Yael_Mandelik_Citrullus_lanatus_Israel_2010C
Yael_Mandelik_Citrullus_lanatus_Israel_2010,2,31.61383756,34.88136199,Citrullus lanatus,Israel,0,NA,0,0,35147.69607,669019.414,803254.1029,1188.598679,619673.6031,1103.768471,0,0,0,1004709.698,3134096.881,C,Yael_Mandelik_Citrullus_lanatus_Israel_2010C
Yael_Mandelik_Citrullus_lanatus_Israel_2010,3,31.62764077,34.84410996,Citrullus lanatus,Israel,0,NA,0,0,211309.8992,193438.6907,363706.2015,4082.214561,763436.3106,0,0,0,0,1598154.722,3134128.039,C,Yael_Mandelik_Citrullus_lanatus_Israel_2010C
Yael_Mandelik_Citrullus_lanatus_Israel_2010,4,31.62790474,34.88775953,Citrullus lanatus,Israel,0,NA,0,0,22180.11179,1111586.741,960528.0794,679.1671906,95787.28852,0,0,0,0,943277.399,3134038.787,C,Yael_Mandelik_Citrullus_lanatus_Israel_2010C
Yael_Mandelik_Citrullus_lanatus_Israel_2010,5,31.63713834,34.88552118,Citrullus lanatus,Israel,0,NA,0,0,22053.67003,952556.281,1122879.577,339.5098419,93596.39815,0,0,0,0,942715.3537,3134140.789,C,Yael_Mandelik_Citrullus_lanatus_Israel_2010C
Yael_Mandelik_Citrullus_lanatus_Israel_2010,6,31.63964947,34.84329265,Citrullus lanatus,Israel,0,NA,0,0,160963.0392,16035.78983,221337.1438,1612.839485,156477.0475,0,0,0,0,2577692.879,3134118.739,C,Yael_Mandelik_Citrullus_lanatus_Israel_2010C
Yael_Mandelik_Citrullus_lanatus_Israel_2010,7,31.6426039,34.85726879,Citrullus lanatus,Israel,0,NA,0,0,45799.44449,81169.96552,1435686.682,763.9522781,1612.081052,0,0,0,0,1569102.738,3134134.863,C,Yael_Mandelik_Citrullus_lanatus_Israel_2010C
Yael_Mandelik_Citrullus_lanatus_Israel_2010,8,31.73291271,34.81220851,Citrullus lanatus,Israel,0,NA,0,0,73298.03134,85685.57958,31809.13981,10329.36862,178208.0503,0,0,0,0,2754817.344,3134147.513,C,Yael_Mandelik_Citrullus_lanatus_Israel_2010C
Yael_Mandelik_Citrullus_lanatus_Israel_2010,9,31.73712644,34.82664484,Citrullus lanatus,Israel,0,NA,0,0,330285.1169,24950.86978,110081.02,38834.82961,342403.0332,13226.99692,0,0,508.730217,2273909.658,3134200.254,C,Yael_Mandelik_Citrullus_lanatus_Israel_2010C
Yael_Mandelik_Citrullus_lanatus_Israel_2010,10,31.80937085,34.88278048,Citrullus lanatus,Israel,0,NA,0,0,139739.7139,211503.9224,196448.3685,2711.289856,852956.1828,0,0,0,0,1730908.389,3134267.866,C,Yael_Mandelik_Citrullus_lanatus_Israel_2010C
Yael_Mandelik_Citrullus_lanatus_Israel_2010,11,31.83140275,34.87509258,Citrullus lanatus,Israel,0,NA,0,0,395416.8881,200251.9741,168943.7453,12536.72698,355410.8718,0,0,0,0,2001714.127,3134274.333,C,Yael_Mandelik_Citrullus_lanatus_Israel_2010C
Yael_Mandelik_Citrullus_lanatus_Israel_2010,12,31.86578022,34.99289249,Citrullus lanatus,Israel,0,NA,0,0,458022.6734,311433.3423,1185968.822,5588.775566,184524.5472,0,0,0,0,988757.0657,3134295.226,C,Yael_Mandelik_Citrullus_lanatus_Israel_2010C
Yael_Mandelik_Citrullus_lanatus_Israel_2010,13,31.87726703,34.96185218,Citrullus lanatus,Israel,0,NA,0,0,352876.3461,75911.45145,1272277.687,8635.660004,226789.3373,0,0,0,0,1197468.784,3133959.266,C,Yael_Mandelik_Citrullus_lanatus_Israel_2010C
Yael_Mandelik_Helianthus_annuus_Israel_2010,1,31.63305402,34.887231,Helianthus annuus,Israel,0,NA,0,0,19384.77966,1144445.881,898699.0538,0,108110.9796,0,0,0,0,963488.9318,3134129.625,C,Yael_Mandelik_Helianthus_annuus_Israel_2010C
Yael_Mandelik_Helianthus_annuus_Israel_2010,2,31.65690218,34.82908049,Helianthus annuus,Israel,0,NA,0,0,0,15535.27515,327237.387,0,10900.78201,0,0,0,0,2780478.017,3134151.461,C,Yael_Mandelik_Helianthus_annuus_Israel_2010C
Yael_Mandelik_Helianthus_annuus_Israel_2010,3,31.67518875,34.99323911,Helianthus annuus,Israel,0,NA,0,0,93722.65352,287265.2769,777939.1786,16869.55743,414431.0856,0,0,0,0,1542680.252,3132908.004,C,Yael_Mandelik_Helianthus_annuus_Israel_2010C
Yael_Mandelik_Helianthus_annuus_Israel_2010,4,31.79417982,34.81709967,Helianthus annuus,Israel,0,NA,0,0,1205126.91,36974.42635,57347.93658,18999.69479,356926.084,0,0,0,0,1458044.999,3133420.051,C,Yael_Mandelik_Helianthus_annuus_Israel_2010C
Yael_Mandelik_Helianthus_annuus_Israel_2010,5,31.79670144,34.88558625,Helianthus annuus,Israel,0,NA,0,0,232252.5226,925472.6536,383744.2332,30743.81979,651666.4111,0,0,0,0,910386.2974,3134265.938,C,Yael_Mandelik_Helianthus_annuus_Israel_2010C
Yael_Mandelik_Helianthus_annuus_Israel_2010,6,31.81156963,34.89264859,Helianthus annuus,Israel,0,NA,0,0,309779.6357,144919.7585,447206.854,4575.289871,328703.7921,0,0,0,0,1899094.447,3134279.777,C,Yael_Mandelik_Helianthus_annuus_Israel_2010C
Yael_Mandelik_Helianthus_annuus_Israel_2010,7,31.81204671,34.87871522,Helianthus annuus,Israel,0,NA,0,0,194697.4808,150840.8399,225925.4781,2566.316765,840566.498,132718.3883,0,0,41753.15785,1545190.758,3134258.918,C,Yael_Mandelik_Helianthus_annuus_Israel_2010C
Yael_Mandelik_Helianthus_annuus_Israel_2010,8,31.82824577,34.85664588,Helianthus annuus,Israel,0,NA,0,0,255207.6728,151414.5702,298076.2581,32954.8935,132819.9832,23281.08628,0,0,0,2240526.999,3134281.463,C,Yael_Mandelik_Helianthus_annuus_Israel_2010C
Yael_Mandelik_Helianthus_annuus_Israel_2010,9,31.82911573,34.87726496,Helianthus annuus,Israel,0,NA,0,0,459548.4601,264287.5431,201220.8906,12706.16392,269418.5778,47736.40066,0,0,16089.40044,1863257.366,3134264.803,C,Yael_Mandelik_Helianthus_annuus_Israel_2010C
Yael_Mandelik_Helianthus_annuus_Israel_2010,10,31.83116944,34.86642442,Helianthus annuus,Israel,0,NA,0,0,117411.3192,52432.74647,278666.3593,11021.06055,259323.9736,0,0,0,0,2415420.764,3134276.224,C,Yael_Mandelik_Helianthus_annuus_Israel_2010C
Yael_Mandelik_Helianthus_annuus_Israel_2010,11,31.83466784,34.97521322,Helianthus annuus,Israel,0,NA,0,0,302618.872,460274.3682,568271.1849,8470.202301,621136.9156,78154.32244,0,0,0,1095374.295,3134300.161,C,Yael_Mandelik_Helianthus_annuus_Israel_2010C
Yael_Mandelik_Helianthus_annuus_Israel_2010,12,31.84143335,34.95179502,Helianthus annuus,Israel,0,NA,0,0,37789.40501,236634.5925,1089023.953,931.7500992,433850.176,0,0,0,0,1336049.574,3134279.45,C,Yael_Mandelik_Helianthus_annuus_Israel_2010C
Yael_Mandelik_Helianthus_annuus_Israel_2010,13,31.84498619,34.97289719,Helianthus annuus,Israel,0,NA,0,0,167518.4178,124497.5624,252735.6984,4234.864815,275752.0535,111121.4208,0,0,0,2198438.201,3134298.218,C,Yael_Mandelik_Helianthus_annuus_Israel_2010C
Yael_Mandelik_Helianthus_annuus_Israel_2010,14,31.84816296,34.98321466,Helianthus annuus,Israel,0,NA,0,0,135870.4846,347360.4601,228647.2984,5166.480591,416272.8378,60584.82361,0,0,0,1940376.725,3134279.111,C,Yael_Mandelik_Helianthus_annuus_Israel_2010C
Yael_Mandelik_Helianthus_annuus_Israel_2010,15,31.85506188,34.97459125,Helianthus annuus,Israel,0,NA,0,0,88724.78478,18124.17543,146898.4136,2303.294632,9342.005314,0,0,0,0,2868913.581,3134306.254,C,Yael_Mandelik_Helianthus_annuus_Israel_2010C
Yi_Zou_Brassica_napus_China_2015,1,28.615,115.673611,Brassica napus,China,54.6041,25.91991,7.2675,3.07,233355.329,0,175999.9987,42255.15614,797529.9132,0,0,0,0,1882499.054,3131639.451,C,Yi_Zou_Brassica_napus_China_2015C
Yi_Zou_Brassica_napus_China_2015,2,28.539977,115.704356,Brassica napus,China,69.25268,72.79488,14.3675,13.085,95493.0277,0,191136.4807,14792.41947,297557.8647,40306.49293,0,0,0,2492586.944,3131873.23,C,Yi_Zou_Brassica_napus_China_2015C
Yi_Zou_Brassica_napus_China_2015,3,28.483056,115.455,Brassica napus,China,93.25353,76.78262,16.095,9.4975,317906.8717,0,206080.3238,280744.4552,394253.2172,39270.16352,0,0,0,1893611.934,3131866.966,C,Yi_Zou_Brassica_napus_China_2015C
Yi_Zou_Brassica_napus_China_2015,4,28.387944,115.480833,Brassica napus,China,77.26723,70.76935,10.96,6.915,245947.5485,0,101619.6738,10699.00194,196601.8559,24627.70817,0,0,0,2551969.352,3131465.141,C,Yi_Zou_Brassica_napus_China_2015C
Yi_Zou_Brassica_napus_China_2015,5,28.347034,115.435587,Brassica napus,China,75.33596,58.28268,10.66,6.19,114948.1897,0,203033.8979,15695.81759,557553.6291,4559.926125,0,0,0,2235973.053,3131764.513,C,Yi_Zou_Brassica_napus_China_2015C
Yi_Zou_Brassica_napus_China_2015,6,28.359444,115.558889,Brassica napus,China,62.44777,57.14538,12.1125,6.78,808576.3513,0,149743.1722,21225.84963,376303.7105,45677.93008,0,0,0,1730029.329,3131556.343,C,Yi_Zou_Brassica_napus_China_2015C
Yi_Zou_Brassica_napus_China_2015,7,28.874172,115.818699,Brassica napus,China,52.99775,47.38778,5.2075,4.14,110933.0602,0,85782.01659,19980.63939,2427672.262,11510.96539,0,0,0,475666.3633,3131545.307,C,Yi_Zou_Brassica_napus_China_2015C
Yi_Zou_Brassica_napus_China_2015,8,28.832736,115.677402,Brassica napus,China,63.24594,57.23745,9.4575,5.8875,58662.02163,0,104822.2128,6974.02265,1802753.446,13769.21592,0,0,0,1145136.093,3132117.012,C,Yi_Zou_Brassica_napus_China_2015C
Yi_Zou_Brassica_napus_China_2015,9,28.92494444,115.6343806,Brassica napus,China,86.91673,79.22688,20.2225,12.35,38943.01763,0,286362.2689,74395.3231,1393406.803,11076.37978,0,0,0,1327613.651,3131797.444,C,Yi_Zou_Brassica_napus_China_2015C
Yi_Zou_Brassica_napus_China_2015,10,28.99333333,115.6627778,Brassica napus,China,63.17341,68.5826,11.2225,7.585,98585.82676,0,165418.2487,29087.69589,508227.4204,13552.83012,0,0,0,2317054.908,3131926.93,C,Yi_Zou_Brassica_napus_China_2015C
Yi_Zou_Brassica_napus_China_2015,11,28.796667,115.549167,Brassica napus,China,60.90685,50.72592,9.9875,7.685,133297.9574,0,97317.69707,14235.02465,1702524.161,7334.690437,0,0,0,1177370.114,3132079.645,C,Yi_Zou_Brassica_napus_China_2015C
Yi_Zou_Brassica_napus_China_2015,12,28.880999,115.347627,Brassica napus,China,72.43739,69.01343,11.993333,8.4875,273956.2072,0,138712.9835,25234.16288,1744524.161,261.7496033,0,0,0,948999.3829,3131688.647,C,Yi_Zou_Brassica_napus_China_2015C
Yi_Zou_Brassica_napus_China_2015,13,28.85361111,115.2608333,Brassica napus,China,70.05323,47.48141,12.4575,8.0675,37788.1757,0,22428.85685,1919.930901,1965428.258,0,0,0,0,1103782.914,3131348.136,C,Yi_Zou_Brassica_napus_China_2015C
Yi_Zou_Brassica_napus_China_2015,14,28.92835833,115.2754722,Brassica napus,China,61.61718,61.36867,12.92,6.1925,146059.1508,0,109148.4696,13517.72484,988284.8293,20685.83809,0,0,0,1854479.856,3132175.869,C,Yi_Zou_Brassica_napus_China_2015C
Yi_Zou_Brassica_napus_China_2015,15,28.905076,115.40122,Brassica napus,China,49.10336,26.40576,9.475,3.98,131279.3381,0,73241.03434,14108.80553,1851716.927,374.9005571,0,0,0,1061445.161,3132166.166,C,Yi_Zou_Brassica_napus_China_2015C
Yi_Zou_Brassica_napus_China_2015,16,28.976111,115.375833,Brassica napus,China,88.3005,57.94178,16.6775,5.486667,119693.2258,0,40555.35358,6101.729439,2368299.287,0,0,0,0,596832.0058,3131481.602,C,Yi_Zou_Brassica_napus_China_2015C
Yi_Zou_Brassica_napus_China_2015,17,28.813889,115.414167,Brassica napus,China,42.10656,NA,4.6925,0,337928.5234,87.29884338,97337.9869,38910.95077,658819.8568,66807.16989,0,0,0,1931342.858,3131234.645,C,Yi_Zou_Brassica_napus_China_2015C
Yi_Zou_Brassica_napus_China_2015,18,28.711389,115.608333,Brassica napus,China,58.37709,44.7133,9.62,7.815,102472.5624,0,86438.61433,12127.89126,1232016.253,151762.1086,0,0,0,1547124.12,3131941.549,C,Yi_Zou_Brassica_napus_China_2015C